,Unnamed: 0,Path,EmbryoID,Line,Date,RNAi,Cyt,Mem_tot,Mem_ant,Mem_post,UniPol,Genotype
0,0,"/Users/blandt/Desktop/PaperData//Imaging/PAR-2 NEBD/200129_lp637_wt_tom4,15,60/15,30_",1580292350,lp637,200129,wt,1.0755367396852522e-08,2.3683266350139354e-06,-4.313984084521522e-08,5.521191717389041e-06,Pol,WT
1,1,"/Users/blandt/Desktop/PaperData//Imaging/PAR-2 NEBD/200129_lp637_wt_tom4,15,60/15,30_1",1580292382,lp637,200129,wt,1.0010853023695873e-08,2.2599228784298624e-06,-5.171879531768415e-08,5.471867608744961e-06,Pol,WT
2,2,"/Users/blandt/Desktop/PaperData//Imaging/PAR-2 NEBD/200129_lp637_wt_tom4,15,60/15,30_2",1580292449,lp637,200129,wt,9.86481755893386e-09,2.208974764531167e-06,-5.4772141633984703e-08,5.362417838308984e-06,Pol,WT
3,3,"/Users/blandt/Desktop/PaperData//Imaging/PAR-2 NEBD/200129_lp637_wt_tom4,15,60/15,60_",1580292501,lp637,200129,wt,9.877757838517174e-09,2.2277866135389367e-06,-5.6872458470219285e-08,5.2891361438125335e-06,Pol,WT
4,4,"/Users/blandt/Desktop/PaperData//Imaging/PAR-2 NEBD/200129_lp637_wt_tom4,15,60/15,60_1",1580292520,lp637,200129,wt,9.811633731633259e-09,2.2143203079118862e-06,-5.7198875802740666e-08,5.209551535324635e-06,Pol,WT
5,5,"/Users/blandt/Desktop/PaperData//Imaging/PAR-2 NEBD/200129_lp637_wt_tom4,15,60/15,60_2",1580292634,lp637,200129,wt,8.98166039424777e-09,1.8194968322008773e-06,7.827501688249419e-08,4.113981310688019e-06,Pol,WT
6,6,"/Users/blandt/Desktop/PaperData//Imaging/PAR-2 NEBD/200129_lp637_wt_tom4,15,60/15,60_3",1580292710,lp637,200129,wt,1.0429723806288322e-08,1.9518638834290343e-06,-4.3540225704664424e-08,4.73184178701342e-06,Pol,WT
7,7,"/Users/blandt/Desktop/PaperData//Imaging/PAR-2 NEBD/200129_lp637_wt_tom4,15,60/15,60_4",1580292794,lp637,200129,wt,1.1522821612859384e-08,2.1992513248540768e-06,-6.031986652435535e-08,4.973423300630405e-06,Pol,WT
8,8,"/Users/blandt/Desktop/PaperData//Imaging/PAR-2 NEBD/200129_lp637_wt_tom4,15,60/15,60_5",1580292871,lp637,200129,wt,1.0586990946522646e-08,2.3592814299873307e-06,-7.729410853658969e-08,5.512875537995749e-06,Pol,WT
17,17,"/Users/blandt/Desktop/PaperData//Imaging/PAR-2 NEBD/200131_lp637_2001301800par2_tom4,15,60/00",1580465014,lp637,200131,2001301800par2,3.202907876377535e-09,1.5257496367937514e-07,6.393507923475787e-08,3.520777927465598e-07,Pol,WT
18,18,"/Users/blandt/Desktop/PaperData//Imaging/PAR-2 NEBD/200131_lp637_2001301800par2_tom4,15,60/01",1580465112,lp637,200131,2001301800par2,2.545093432818451e-09,7.869567007631551e-08,4.7546072630372994e-08,1.3974593294716747e-07,Pol,WT
19,19,"/Users/blandt/Desktop/PaperData//Imaging/PAR-2 NEBD/200131_lp637_2001301800par2_tom4,15,60/02",1580465526,lp637,200131,2001301800par2,2.8295325973137043e-09,1.0507392261305218e-07,3.779260099615688e-08,2.403730739216104e-07,Pol,WT
20,20,"/Users/blandt/Desktop/PaperData//Imaging/PAR-2 NEBD/200131_lp637_2001301800par2_tom4,15,60/03",1580465615,lp637,200131,2001301800par2,3.4750537752686983e-09,1.2721463849541078e-07,3.5275920459761144e-08,3.337220851873687e-07,Pol,WT
21,21,"/Users/blandt/Desktop/PaperData//Imaging/PAR-2 NEBD/200131_lp637_2001301800par2_tom4,15,60/04",1580465704,lp637,200131,2001301800par2,3.4347790441165126e-09,1.8196835158950482e-07,2.802008369333883e-08,5.40073011331674e-07,Pol,WT
24,24,"/Users/blandt/Desktop/PaperData//Imaging/PAR-2 NEBD/200131_nwg201_2001301800par2_tom4,15,60/06",1580466806,nwg201,200131,2001301800par2,2.566122796880667e-09,1.8760293687165418e-07,1.364881017241782e-07,2.338991064620367e-07,Uni,WT
25,25,"/Users/blandt/Desktop/PaperData//Imaging/PAR-2 NEBD/200131_nwg201_2001301800par2_tom4,15,60/07",1580466933,nwg201,200131,2001301800par2,6.47024693182997e-10,9.403921786577837e-08,6.14085622732273e-08,1.033155288464549e-07,Uni,WT
26,26,"/Users/blandt/Desktop/PaperData//Imaging/PAR-2 NEBD/200131_nwg201_2001301800par2_tom4,15,60/08",1580467263,nwg201,200131,2001301800par2,2.266152928523369e-09,8.7356289367105e-08,8.692695630347488e-08,1.487704784100227e-07,Uni,WT
27,27,"/Users/blandt/Desktop/PaperData//Imaging/PAR-2 NEBD/200131_nwg201_2001301800par2_tom4,15,60/09",1580467394,nwg201,200131,2001301800par2,1.5558902032748787e-09,5.2646879598695936e-08,2.8712046981498442e-08,6.112673939746343e-08,Uni,WT
28,28,"/Users/blandt/Desktop/PaperData//Imaging/PAR-2 NEBD/200131_nwg201_2001301800par2_tom4,15,60/10",1580467481,nwg201,200131,2001301800par2,1.8521053154167307e-09,9.647374101266115e-08,8.522638307541952e-08,1.359574419739145e-07,Uni,WT
29,29,"/Users/blandt/Desktop/PaperData//Imaging/PAR-2 NEBD/200131_nwg201_2001301800par2_tom4,15,60/11",1580467559,nwg201,200131,2001301800par2,1.7280734010079988e-09,6.910255479068753e-08,6.13241506606326e-08,7.820535807410058e-08,Uni,WT
38,38,"/Users/blandt/Desktop/PaperData//Imaging/PAR-2 NEBD/200131_nwg201_wt_tom4,15,60/18",1580469608,nwg201,200131,wt,7.2519913938364265e-09,2.0955815612319598e-06,2.0500591066236676e-06,2.3953180173575616e-06,Uni,WT
39,39,"/Users/blandt/Desktop/PaperData//Imaging/PAR-2 NEBD/200131_nwg201_wt_tom4,15,60/19",1580469705,nwg201,200131,wt,7.323758969348116e-09,1.941036522047622e-06,1.710361379762959e-06,2.3745189168700785e-06,Uni,WT
40,40,"/Users/blandt/Desktop/PaperData//Imaging/PAR-2 NEBD/200131_nwg201_wt_tom4,15,60/20",1580469806,nwg201,200131,wt,7.944810624462279e-09,2.3749973666531447e-06,1.985983518412205e-06,2.6622157214648113e-06,Uni,WT
41,41,"/Users/blandt/Desktop/PaperData//Imaging/PAR-2 NEBD/200131_nwg201_wt_tom4,15,60/21",1580469929,nwg201,200131,wt,8.293291992746502e-09,2.031921731611921e-06,2.1249024496000276e-06,2.3632596595859725e-06,Uni,WT
42,42,"/Users/blandt/Desktop/PaperData//Imaging/PAR-2 NEBD/200131_nwg201_wt_tom4,15,60/22",1580470040,nwg201,200131,wt,8.725638191985403e-09,2.322026135246225e-06,2.4211498914132943e-06,2.428076546405113e-06,Uni,WT
46,46,"/Users/blandt/Desktop/PaperData//Imaging/PAR-2 NEBD/200131_lp637_2001310930par2_tom4,15,60/30",1580477460,lp637,200131,2001310930par2,1.108416429242933e-08,1.9039688231174716e-06,-5.4909530844707996e-08,5.207965170692194e-06,Pol,WT
47,47,"/Users/blandt/Desktop/PaperData//Imaging/PAR-2 NEBD/200131_lp637_2001310930par2_tom4,15,60/32",1580477805,lp637,200131,2001310930par2,1.0809400451146974e-08,1.8476639528191999e-06,-4.1940113906556087e-08,4.392963236194803e-06,Pol,WT
48,48,"/Users/blandt/Desktop/PaperData//Imaging/PAR-2 NEBD/200131_lp637_2001310930par2_tom4,15,60/33",1580477895,lp637,200131,2001310930par2,1.0781189874757156e-08,2.4078159443159406e-06,-5.353653818116018e-08,6.330439988599431e-06,Pol,WT
49,49,"/Users/blandt/Desktop/PaperData//Imaging/PAR-2 NEBD/200131_lp637_2001310930par2_tom4,15,60/34",1580478174,lp637,200131,2001310930par2,1.0988593549680174e-08,1.898129352875249e-06,-5.267055990607844e-08,4.716072759522358e-06,Pol,WT
50,50,"/Users/blandt/Desktop/PaperData//Imaging/PAR-2 NEBD/200131_nwg201_2001310930par2_tom4,15,60/34",1580478374,nwg201,200131,2001310930par2,7.799997685677965e-09,2.129898074487088e-06,1.8694159562015823e-06,2.3142031575530106e-06,Uni,WT
51,51,"/Users/blandt/Desktop/PaperData//Imaging/PAR-2 NEBD/200131_nwg201_2001310930par2_tom4,15,60/35",1580478458,nwg201,200131,2001310930par2,6.766337310232775e-09,2.008758062427898e-06,2.018980262417947e-06,2.4024252312265057e-06,Uni,WT
52,52,"/Users/blandt/Desktop/PaperData//Imaging/PAR-2 NEBD/200131_nwg201_2001310930par2_tom4,15,60/36",1580478555,nwg201,200131,2001310930par2,7.312951907372585e-09,1.670089578728596e-06,1.6894691312072692e-06,1.9928023631903423e-06,Uni,WT
53,53,"/Users/blandt/Desktop/PaperData//Imaging/PAR-2 NEBD/200131_nwg201_2001310930par2_tom4,15,60/37",1580478641,nwg201,200131,2001310930par2,6.710177805079368e-09,1.740594411666651e-06,1.729776542639924e-06,2.1198651559194794e-06,Uni,WT
54,54,"/Users/blandt/Desktop/PaperData//Imaging/PAR-2 NEBD/200131_nwg201_2001310930par2_tom4,15,60/38",1580478817,nwg201,200131,2001310930par2,7.324941458727876e-09,1.9732186280851834e-06,1.8846583933663389e-06,2.353542721793028e-06,Uni,WT
55,55,"/Users/blandt/Desktop/PaperData//Imaging/PAR-2 NEBD/200131_nwg201_2001310930par2_tom4,15,60/39",1580478938,nwg201,200131,2001310930par2,7.345711994642609e-09,1.9294911512640503e-06,1.7400038018273411e-06,2.1919658274462802e-06,Uni,WT
65,65,"/Users/blandt/Desktop/PaperData//Imaging/PAR-2 NEBD/200131_lp637_2001310930par2_tom4,15,60/46",1580483608,lp637,200131,2001310930par2,7.939660564612406e-09,1.0427220677074894e-06,-2.825124641657046e-08,3.2246260763321e-06,Pol,WT
66,66,"/Users/blandt/Desktop/PaperData//Imaging/PAR-2 NEBD/200131_lp637_2001310930par2_tom4,15,60/47",1580483779,lp637,200131,2001310930par2,8.035419648540985e-09,1.1043805159836413e-06,-7.70235012037007e-09,2.788696400094316e-06,Pol,WT
67,67,"/Users/blandt/Desktop/PaperData//Imaging/PAR-2 NEBD/200131_lp637_2001310930par2_tom4,15,60/48",1580483848,lp637,200131,2001310930par2,9.273165172442588e-09,1.6108459953368466e-06,7.354326311834579e-08,4.244977379056246e-06,Pol,WT
68,68,"/Users/blandt/Desktop/PaperData//Imaging/PAR-2 NEBD/200131_nwg201_2001310930par2_tom4,15,60/48",1580484345,nwg201,200131,2001310930par2,7.314875919658619e-09,1.30170092847931e-06,1.0779586751856853e-06,1.456723166345345e-06,Uni,WT
69,69,"/Users/blandt/Desktop/PaperData//Imaging/PAR-2 NEBD/200131_nwg201_2001310930par2_tom4,15,60/50",1580484742,nwg201,200131,2001310930par2,7.136747456294381e-09,1.4195130487119666e-06,1.411272269590719e-06,1.5907281966139569e-06,Uni,WT
76,76,"/Users/blandt/Desktop/PaperData//Imaging/PAR-2 NEBD/200131_nwg201_2001310930par2_tom4,15,60/55",1580486326,nwg201,200131,2001310930par2,6.284043481380438e-09,1.5384714139008226e-06,1.2279193628730122e-06,1.683273849553658e-06,Uni,WT
77,77,"/Users/blandt/Desktop/PaperData//Imaging/PAR-2 NEBD/200131_nwg201_2001310930par2_tom4,15,60/56",1580486636,nwg201,200131,2001310930par2,6.404119441571402e-09,1.3166962394370875e-06,1.3515662639471573e-06,1.4701589343323501e-06,Uni,WT
78,78,"/Users/blandt/Desktop/PaperData//Imaging/PAR-2 NEBD/200131_nwg201_2001310930par2_tom4,15,60/57",1580486733,nwg201,200131,2001310930par2,6.313854957793616e-09,1.0231424983299236e-06,8.743366563606248e-07,1.2910116481316612e-06,Uni,WT
79,79,"/Users/blandt/Desktop/PaperData//Imaging/PAR-2 NEBD/200131_lp637_2001310930par2_tom4,15,60/58",1580491158,lp637,200131,2001310930par2,9.15810393712244e-09,1.1609182628418332e-06,-9.781733416008462e-09,2.8122325393559685e-06,Pol,WT
80,80,"/Users/blandt/Desktop/PaperData//Imaging/PAR-2 NEBD/200131_lp637_2001310930par2_tom4,15,60/59",1580491224,lp637,200131,2001310930par2,8.476796638154857e-09,9.94384498782291e-07,-2.860420767108315e-08,2.5451059339963583e-06,Pol,WT
81,81,"/Users/blandt/Desktop/PaperData//Imaging/PAR-2 NEBD/200131_lp637_2001310930par2_tom4,15,60/60",1580491306,lp637,200131,2001310930par2,8.286308707825926e-09,1.0396460459702758e-06,-2.7914833200814494e-08,2.5344841716610634e-06,Pol,WT
82,82,"/Users/blandt/Desktop/PaperData//Imaging/PAR-2 NEBD/200131_lp637_2001310930par2_tom4,15,60/61",1580491323,lp637,200131,2001310930par2,6.923849745116653e-09,7.371530933599337e-07,1.3106631315014603e-07,1.605595177162348e-06,Pol,WT
83,83,"/Users/blandt/Desktop/PaperData//Imaging/PAR-2 NEBD/200131_lp637_2001310930par2_tom4,15,60/62",1580491386,lp637,200131,2001310930par2,5.554382686073974e-09,5.641279329865106e-07,2.1360873801019955e-08,1.532147048918456e-06,Pol,WT
84,84,"/Users/blandt/Desktop/PaperData//Imaging/PAR-2 NEBD/200131_lp637_2001310930par2_tom4,15,60/64",1580491849,lp637,200131,2001310930par2,8.79610204053188e-09,1.1938890066285428e-06,-2.686912526890663e-08,3.0667165176707123e-06,Pol,WT
85,85,"/Users/blandt/Desktop/PaperData//Imaging/PAR-2 NEBD/200131_nwg201_2001310930par2_tom4,15,60/64",1580491992,nwg201,200131,2001310930par2,3.642544345381235e-09,2.852250864197761e-07,1.927882949284498e-07,3.8738843465465394e-07,Uni,WT
86,86,"/Users/blandt/Desktop/PaperData//Imaging/PAR-2 NEBD/200131_nwg201_2001310930par2_tom4,15,60/65",1580492056,nwg201,200131,2001310930par2,7.115420355278224e-09,1.63238208278893e-06,1.3372945651034538e-06,2.040275391319892e-06,Uni,WT
87,87,"/Users/blandt/Desktop/PaperData//Imaging/PAR-2 NEBD/200131_nwg201_2001310930par2_tom4,15,60/66",1580492432,nwg201,200131,2001310930par2,5.5974682683521425e-09,9.442565099005268e-07,8.98944572258838e-07,1.0620021603984688e-06,Uni,WT
88,88,"/Users/blandt/Desktop/PaperData//Imaging/PAR-2 NEBD/200131_nwg201_2001310930par2_tom4,15,60/67",1580492524,nwg201,200131,2001310930par2,3.6079341161681724e-09,1.3736179660214885e-07,1.1624867758700793e-07,2.1037306702430435e-07,Uni,WT
89,89,"/Users/blandt/Desktop/PaperData//Imaging/PAR-2 NEBD/200131_nwg201_2001310930par2_tom4,15,60/68",1580492689,nwg201,200131,2001310930par2,5.854217332231298e-09,9.667568519043003e-07,7.793446596235191e-07,1.3253740493614267e-06,Uni,WT
95,95,"/Users/blandt/Desktop/PaperData//Imaging/PAR-2 NEBD/200131_lp637_2001310930par2_tom4,15,60/73",1580497904,lp637,200131,2001310930par2,8.50990972416183e-09,1.003863934354539e-06,-2.7806003488429018e-08,2.607107256425471e-06,Pol,WT
96,96,"/Users/blandt/Desktop/PaperData//Imaging/PAR-2 NEBD/200131_lp637_2001310930par2_tom4,15,60/74",1580498051,lp637,200131,2001310930par2,6.877852769100933e-09,7.955919120587481e-07,-6.431887156107518e-09,2.034833640372561e-06,Pol,WT
97,97,"/Users/blandt/Desktop/PaperData//Imaging/PAR-2 NEBD/200131_lp637_2001310930par2_tom4,15,60/75",1580498161,lp637,200131,2001310930par2,7.086353221250058e-09,7.128814207149932e-07,1.6974542538109014e-08,1.8247224745440673e-06,Pol,WT
98,98,"/Users/blandt/Desktop/PaperData//Imaging/PAR-2 NEBD/200131_lp637_2001310930par2_tom4,15,60/76",1580498233,lp637,200131,2001310930par2,7.062735011817203e-09,6.95269817378784e-07,-8.854366403940202e-09,1.8547923626562007e-06,Pol,WT
99,99,"/Users/blandt/Desktop/PaperData//Imaging/PAR-2 NEBD/200131_lp637_2001310930par2_tom4,15,60/77",1580498355,lp637,200131,2001310930par2,6.989053574142864e-09,6.128221059132185e-07,8.088420182082187e-08,1.7593038005474997e-06,Pol,WT
100,100,"/Users/blandt/Desktop/PaperData//Imaging/PAR-2 NEBD/200131_lp637_2001310930par2_tom4,15,60/78",1580498426,lp637,200131,2001310930par2,7.550807080380474e-09,7.973834319804195e-07,3.196963570474907e-08,2.077845377388817e-06,Pol,WT
101,101,"/Users/blandt/Desktop/PaperData//Imaging/PAR-2 NEBD/200131_nwg201_2001310930par2_tom4,15,60/78",1580498803,nwg201,200131,2001310930par2,4.24780184454069e-09,6.136856225983908e-07,4.769224116735193e-07,7.776455210696955e-07,Uni,WT
102,102,"/Users/blandt/Desktop/PaperData//Imaging/PAR-2 NEBD/200131_nwg201_2001310930par2_tom4,15,60/79",1580498907,nwg201,200131,2001310930par2,5.440133291459443e-09,6.847181853709602e-07,5.850876879065958e-07,8.195787498899978e-07,Uni,WT
103,103,"/Users/blandt/Desktop/PaperData//Imaging/PAR-2 NEBD/200131_nwg201_2001310930par2_tom4,15,60/80",1580499013,nwg201,200131,2001310930par2,4.985672679963708e-09,1.9017638464532363e-07,1.720530124335137e-07,3.0461285078432857e-07,Uni,WT
104,104,"/Users/blandt/Desktop/PaperData//Imaging/PAR-2 NEBD/200131_nwg201_2001310930par2_tom4,15,60/81",1580499117,nwg201,200131,2001310930par2,4.371647222236557e-09,5.014466482056875e-07,4.6747590506624345e-07,6.051116080519365e-07,Uni,WT
105,105,"/Users/blandt/Desktop/PaperData//Imaging/PAR-2 NEBD/200131_nwg201_2001310930par2_tom4,15,60/82",1580499371,nwg201,200131,2001310930par2,5.494782289077409e-09,6.662383998639115e-07,5.222195641823434e-07,8.683945271543162e-07,Uni,WT
113,113,"/Users/blandt/Desktop/PaperData//Imaging/PAR-2 NEBD/210428_nwg338_tom4,15,60/00",1619612647,nwg338,210428,wt,1.7717145897648737e-08,8.155320283891749e-07,-4.294237990619104e-08,2.3456911784514756e-06,Pol,L109R
114,114,"/Users/blandt/Desktop/PaperData//Imaging/PAR-2 NEBD/210428_nwg338_tom4,15,60/01",1619613124,nwg338,210428,wt,1.6525293592945226e-08,8.416060523029362e-07,-3.99689294707487e-08,2.1891509520490073e-06,Pol,L109R
115,115,"/Users/blandt/Desktop/PaperData//Imaging/PAR-2 NEBD/210428_nwg338_tom4,15,60/02",1619613192,nwg338,210428,wt,1.935578464385889e-08,8.865856496740208e-07,-3.436718440396922e-08,2.3315940871717525e-06,Pol,L109R
116,116,"/Users/blandt/Desktop/PaperData//Imaging/PAR-2 NEBD/210428_nwg338_tom4,15,60/03",1619613298,nwg338,210428,wt,1.8759020542428543e-08,8.807251709011136e-07,-4.432001493164836e-08,2.4587491387345745e-06,Pol,L109R
117,117,"/Users/blandt/Desktop/PaperData//Imaging/PAR-2 NEBD/210428_nwg338_tom4,15,60/04",1619613498,nwg338,210428,wt,1.6351869711791638e-08,8.893953802005011e-07,-4.295314061498847e-08,2.5606137532590747e-06,Pol,L109R
118,118,"/Users/blandt/Desktop/PaperData//Imaging/PAR-2 NEBD/210428_nwg338_tom4,15,60/05",1619614190,nwg338,210428,wt,1.958448609721917e-08,6.594707881755579e-07,1.7851137443195424e-08,1.957889039946452e-06,Pol,L109R
124,124,"/Users/blandt/Desktop/PaperData//Imaging/PAR-2 NEBD/210428_lp637_tom4,15,60/13",1619616508,lp637,210428,wt,7.397442662605401e-09,1.3064055738659689e-06,-4.4538890167422e-08,3.2538505564246596e-06,Pol,WT
125,125,"/Users/blandt/Desktop/PaperData//Imaging/PAR-2 NEBD/210428_lp637_tom4,15,60/16",1619616861,lp637,210428,wt,9.302892064493889e-09,1.6918815805664183e-06,-5.611098638823562e-08,3.977511028393536e-06,Pol,WT
141,141,"/Users/blandt/Desktop/PaperData//Imaging/PAR-2 NEBD/210722_lp637_tom4,15,60/00",1626965652,lp637,210722,wt,1.1942815111882359e-08,2.0755150320577187e-06,-7.709126827542072e-08,5.072188482639556e-06,Pol,WT
142,142,"/Users/blandt/Desktop/PaperData//Imaging/PAR-2 NEBD/210722_lp637_tom4,15,60/01",1626965890,lp637,210722,wt,1.0599671270167215e-08,2.059478731455925e-06,-7.703399667732577e-08,5.169336123836105e-06,Pol,WT
143,143,"/Users/blandt/Desktop/PaperData//Imaging/PAR-2 NEBD/210722_lp637_tom4,15,60/02",1626966127,lp637,210722,wt,1.0593577812733787e-08,2.121463977081663e-06,-7.086820767817057e-08,5.344165171377768e-06,Pol,WT
156,156,"/Users/blandt/Desktop/PaperData//Imaging/PAR-2 NEBD/211106_nwg325_tom4,15,60/00",1636207243,lp637,211106,wt,9.614785057287445e-09,1.531004633062265e-06,-5.649203574101105e-08,4.029837136381744e-06,Pol,WT
157,157,"/Users/blandt/Desktop/PaperData//Imaging/PAR-2 NEBD/211106_nwg325_tom4,15,60/01",1636207369,lp637,211106,wt,1.0177482525004008e-08,1.792000743980532e-06,-6.638245354883583e-08,4.363812231288868e-06,Pol,WT
158,158,"/Users/blandt/Desktop/PaperData//Imaging/PAR-2 NEBD/211106_nwg325_tom4,15,60/02",1636207547,lp637,211106,wt,8.700968316985801e-09,1.6716697427981934e-06,1.7450135804812376e-08,4.1925714331699355e-06,Pol,WT
159,159,"/Users/blandt/Desktop/PaperData//Imaging/PAR-2 NEBD/211106_nwg325_tom4,15,60/03",1636207830,lp637,211106,wt,8.345238068884469e-09,1.3985896647029461e-06,-4.092031835932377e-08,3.6553681029572843e-06,Pol,WT
160,160,"/Users/blandt/Desktop/PaperData//Imaging/PAR-2 NEBD/211106_nwg325_tom4,15,60/04",1636207917,lp637,211106,wt,7.633052402751825e-09,1.20055785908071e-06,-3.719774046697822e-08,2.9977497686258123e-06,Pol,WT
166,166,"/Users/blandt/Desktop/PaperData//Imaging/PAR-2 NEBD/211106_nwg338_tom4,15,60/00",1636209729,nwg338,211106,wt,1.818826444060286e-08,7.695955187809733e-07,-3.378706491583804e-08,2.1445744342829297e-06,Pol,L109R
167,167,"/Users/blandt/Desktop/PaperData//Imaging/PAR-2 NEBD/211106_nwg338_tom4,15,60/01",1636209807,nwg338,211106,wt,1.714148051945721e-08,8.60237740790584e-07,-4.357280560247419e-08,2.4769931383966597e-06,Pol,L109R
168,168,"/Users/blandt/Desktop/PaperData//Imaging/PAR-2 NEBD/211106_nwg338_tom4,15,60/02",1636209863,nwg338,211106,wt,1.581358498261427e-08,8.511428805282732e-07,-5.491599329472662e-09,2.263987858115667e-06,Pol,L109R
169,169,"/Users/blandt/Desktop/PaperData//Imaging/PAR-2 NEBD/211106_nwg338_tom4,15,60/03",1636210034,nwg338,211106,wt,1.8860962179318202e-08,7.761708600271435e-07,7.920325813050083e-09,2.1623329904077096e-06,Pol,L109R
170,170,"/Users/blandt/Desktop/PaperData//Imaging/PAR-2 NEBD/211106_nwg338_tom4,15,60/04",1636210136,nwg338,211106,wt,1.7426626809218165e-08,5.421233708944138e-07,4.685682937302155e-08,1.6236651023688475e-06,Pol,L109R
191,191,"/Users/blandt/Desktop/PaperData//Imaging/PAR-2 NEBD/211112_nwg325_tom4,15,60/00",1636724878,lp637,211112,wt,9.598044684270716e-09,1.4850523124323072e-06,-5.370688016474537e-08,3.6399211468310523e-06,Pol,WT
192,192,"/Users/blandt/Desktop/PaperData//Imaging/PAR-2 NEBD/211112_nwg325_tom4,15,60/01",1636725257,lp637,211112,wt,9.497724247651395e-09,1.8479309759933847e-06,-5.975494184888794e-08,4.955807234471775e-06,Pol,WT
193,193,"/Users/blandt/Desktop/PaperData//Imaging/PAR-2 NEBD/211112_nwg325_tom4,15,60/02",1636725467,lp637,211112,wt,9.612674395509407e-09,1.6853831333389581e-06,-3.675613213554606e-08,4.340732649888912e-06,Pol,WT
194,194,"/Users/blandt/Desktop/PaperData//Imaging/PAR-2 NEBD/211112_nwg338_tom4,15,60/00",1636725912,nwg338,211112,wt,1.6608944707412078e-08,8.173645127814206e-07,-3.9862067309764146e-08,2.118361865205494e-06,Pol,L109R
195,195,"/Users/blandt/Desktop/PaperData//Imaging/PAR-2 NEBD/211112_nwg338_tom4,15,60/01",1636726002,nwg338,211112,wt,1.5258557624836792e-08,6.37625570115904e-07,-2.6676026725567832e-08,1.8484389064828292e-06,Pol,L109R
196,196,"/Users/blandt/Desktop/PaperData//Imaging/PAR-2 NEBD/211112_nwg338_tom4,15,60/02",1636726192,nwg338,211112,wt,1.6035692803014044e-08,7.873769729721467e-07,-3.564804087731679e-08,2.1110961097639286e-06,Pol,L109R
197,197,"/Users/blandt/Desktop/PaperData//Imaging/PAR-2 NEBD/211112_nwg338_tom4,15,60/03",1636726440,nwg338,211112,wt,1.6839861143263248e-08,7.05518865721183e-07,-3.21702427906816e-08,1.981862915005805e-06,Pol,L109R
222,222,"/Users/blandt/Desktop/PaperData//Imaging/PAR-2 NEBD/211113_nwg201_11121830par2rnai_tom4,15,60/00",1636804632,nwg201,211113,11121830par2rnai,1.178294051771772e-09,6.790159511513307e-08,4.272221049438272e-08,8.537144987353522e-08,Uni,WT
223,223,"/Users/blandt/Desktop/PaperData//Imaging/PAR-2 NEBD/211113_nwg201_11121830par2rnai_tom4,15,60/01",1636804741,nwg201,211113,11121830par2rnai,3.3700539061892395e-09,3.0446558405207267e-07,2.306803371794978e-07,4.50611540558947e-07,Uni,WT
224,224,"/Users/blandt/Desktop/PaperData//Imaging/PAR-2 NEBD/211113_nwg201_11121830par2rnai_tom4,15,60/02",1636805193,nwg201,211113,11121830par2rnai,1.3873854102732413e-09,5.456712785587851e-08,2.472742605543716e-08,8.383613765336089e-08,Uni,WT
225,225,"/Users/blandt/Desktop/PaperData//Imaging/PAR-2 NEBD/211113_nwg201_11121830par2rnai_tom4,15,60/03",1636805282,nwg201,211113,11121830par2rnai,1.4691082832358473e-09,5.226429980392157e-08,2.1343643912897506e-08,7.98096218563173e-08,Uni,WT
226,226,"/Users/blandt/Desktop/PaperData//Imaging/PAR-2 NEBD/211113_nwg201_11121830par2rnai_tom4,15,60/04",1636806918,nwg201,211113,11121830par2rnai,1.7816649813227473e-09,7.283655985448788e-08,4.4564576952083184e-08,1.0103405587770386e-07,Uni,WT
227,227,"/Users/blandt/Desktop/PaperData//Imaging/PAR-2 NEBD/211113_nwg201_11121830par2rnai_tom4,15,60/05",1636807401,nwg201,211113,11121830par2rnai,2.0623601600112726e-09,9.15239810823392e-08,4.343862381977958e-08,1.392282874239832e-07,Uni,WT
228,228,"/Users/blandt/Desktop/PaperData//Imaging/PAR-2 NEBD/211113_nwg201_wt_tom4,15,60/00",1636809615,nwg201,211113,wt,1.1149492178519818e-08,2.144561483477294e-06,2.01548055794952e-06,2.490679637758626e-06,Uni,WT
229,229,"/Users/blandt/Desktop/PaperData//Imaging/PAR-2 NEBD/211113_nwg201_wt_tom4,15,60/01",1636809765,nwg201,211113,wt,1.0897206349471606e-08,2.114585424998101e-06,1.8431054513606755e-06,2.702408707193744e-06,Uni,WT
230,230,"/Users/blandt/Desktop/PaperData//Imaging/PAR-2 NEBD/211113_nwg201_wt_tom4,15,60/02",1636809832,nwg201,211113,wt,9.355557107708123e-09,1.9346781258154967e-06,1.5246064832113892e-06,2.7095942352757175e-06,Uni,WT
231,231,"/Users/blandt/Desktop/PaperData//Imaging/PAR-2 NEBD/211113_nwg201_wt_tom4,15,60/03",1636810267,nwg201,211113,wt,9.377904860024724e-09,1.8890852169333602e-06,1.6009203905376856e-06,2.448591846905863e-06,Uni,WT
232,232,"/Users/blandt/Desktop/PaperData//Imaging/PAR-2 NEBD/211113_nwg201_wt_tom4,15,60/04",1636810424,nwg201,211113,wt,9.171039705539719e-09,2.019740195222428e-06,1.929922046456226e-06,2.28169744670341e-06,Uni,WT
233,233,"/Users/blandt/Desktop/PaperData//Imaging/PAR-2 NEBD/211113_nwg369_wt_tom4,15,60/00",1636811186,nwg369,211113,wt,1.5662725953639397e-08,1.482251536204952e-06,1.0335423532817642e-06,1.7602014827710088e-06,Uni,L109R
234,234,"/Users/blandt/Desktop/PaperData//Imaging/PAR-2 NEBD/211113_nwg369_wt_tom4,15,60/01",1636811521,nwg369,211113,wt,1.4957743491768474e-08,1.5047126006212e-06,1.0914443703308613e-06,1.8746878849892806e-06,Uni,L109R
235,235,"/Users/blandt/Desktop/PaperData//Imaging/PAR-2 NEBD/211113_nwg369_wt_tom4,15,60/02",1636812328,nwg369,211113,wt,1.9268755229976675e-08,1.9440337460793972e-06,1.2845174278980895e-06,1.9713798779226637e-06,Uni,L109R
236,236,"/Users/blandt/Desktop/PaperData//Imaging/PAR-2 NEBD/211117_nwg201_11161900par2_tom4,15,60/00",1637136572,nwg201,211117,11161900par2,3.5332072157804537e-09,4.2712447593834374e-07,2.64039501137882e-07,6.273546055664886e-07,Uni,WT
237,237,"/Users/blandt/Desktop/PaperData//Imaging/PAR-2 NEBD/211117_nwg201_11161900par2_tom4,15,60/01",1637136903,nwg201,211117,11161900par2,2.4207095346850143e-09,1.437348764451047e-07,8.499344369721155e-08,2.0596514391293528e-07,Uni,WT
238,238,"/Users/blandt/Desktop/PaperData//Imaging/PAR-2 NEBD/211117_nwg201_11161900par2_tom4,15,60/02",1637137048,nwg201,211117,11161900par2,2.5508354140330517e-09,2.4121316359500974e-07,1.791632676063393e-07,2.6926784513457447e-07,Uni,WT
239,239,"/Users/blandt/Desktop/PaperData//Imaging/PAR-2 NEBD/211117_nwg201_11161900par2_tom4,15,60/03",1637137150,nwg201,211117,11161900par2,2.8285029800708095e-09,2.4095222005512475e-07,1.707031359159682e-07,3.28620534145818e-07,Uni,WT
240,240,"/Users/blandt/Desktop/PaperData//Imaging/PAR-2 NEBD/211117_nwg201_11161900par2_tom4,15,60/04",1637137232,nwg201,211117,11161900par2,2.366047905802305e-09,1.261385900557256e-07,7.586933415928493e-08,1.6680350168258516e-07,Uni,WT
241,241,"/Users/blandt/Desktop/PaperData//Imaging/PAR-2 NEBD/211117_nwg369_11161900par2_tom4,15,60/00",1637137572,nwg369,211117,11161900par2,6.478632061575578e-09,4.391345074499508e-07,3.8396123286121125e-07,4.360645478387433e-07,Uni,L109R
242,242,"/Users/blandt/Desktop/PaperData//Imaging/PAR-2 NEBD/211117_nwg201_wt_tom4,15,60/00",1637146971,nwg201,211117,wt,1.2430737748073111e-08,1.9972636548776528e-06,1.6999770116680381e-06,2.472977640650747e-06,Uni,WT
243,243,"/Users/blandt/Desktop/PaperData//Imaging/PAR-2 NEBD/211117_nwg201_wt_tom4,15,60/01",1637147275,nwg201,211117,wt,8.647738250233934e-09,2.1906854359259665e-06,1.7497839686868015e-06,2.638079096595151e-06,Uni,WT
244,244,"/Users/blandt/Desktop/PaperData//Imaging/PAR-2 NEBD/211117_nwg369_wt_tom4,15,60/00",1637147895,nwg369,211117,wt,1.372503073740144e-08,1.2705187673887212e-06,1.1730347255584098e-06,1.299129285623573e-06,Uni,L109R
245,245,"/Users/blandt/Desktop/PaperData//Imaging/PAR-2 NEBD/211117_nwg369_wt_tom4,15,60/01",1637148255,nwg369,211117,wt,1.2445305994675455e-08,1.3259610822935568e-06,1.1189990470246574e-06,1.2901305182446654e-06,Uni,L109R
246,246,"/Users/blandt/Desktop/PaperData//Imaging/PAR-2 NEBD/211117_nwg369_wt_tom4,15,60/02",1637148797,nwg369,211117,wt,1.2491105607180136e-08,1.2609712755540362e-06,1.0343953673005375e-06,1.371679179116123e-06,Uni,L109R
247,247,"/Users/blandt/Desktop/PaperData//Imaging/PAR-2 NEBD/211117_nwg369_wt_tom4,15,60/03",1637149063,nwg369,211117,wt,1.3534270445427074e-08,1.3921039686513736e-06,1.062083406347088e-06,1.569252757913898e-06,Uni,L109R
248,248,"/Users/blandt/Desktop/PaperData//Imaging/PAR-2 NEBD/211117_nwg201_11170730par2_tom4,15,60/00",1637155323,nwg201,211117,11170730par2,7.830194866781378e-09,1.4261227972468987e-06,1.070454911220709e-06,1.7636134328419183e-06,Uni,WT
249,249,"/Users/blandt/Desktop/PaperData//Imaging/PAR-2 NEBD/211117_nwg201_11170730par2_tom4,15,60/01",1637155529,nwg201,211117,11170730par2,7.96867412854471e-09,1.5107668851413555e-06,1.4209960810194526e-06,1.8182563700008317e-06,Uni,WT
250,250,"/Users/blandt/Desktop/PaperData//Imaging/PAR-2 NEBD/211117_nwg201_11170730par2_tom4,15,60/02",1637155904,nwg201,211117,11170730par2,8.026351641046594e-09,1.5368448190536861e-06,1.1715764175788312e-06,2.1227470434128008e-06,Uni,WT
251,251,"/Users/blandt/Desktop/PaperData//Imaging/PAR-2 NEBD/211117_nwg201_11170730par2_tom4,15,60/03",1637156255,nwg201,211117,11170730par2,4.236787832826336e-09,5.893229502590894e-07,4.5726161877113387e-07,7.776399640493475e-07,Uni,WT
252,252,"/Users/blandt/Desktop/PaperData//Imaging/PAR-2 NEBD/211117_nwg201_11170730par2_tom4,15,60/04",1637156424,nwg201,211117,11170730par2,8.063118771488824e-09,1.4868722356299002e-06,1.293587243653112e-06,1.8047639318689442e-06,Uni,WT
253,253,"/Users/blandt/Desktop/PaperData//Imaging/PAR-2 NEBD/211117_nwg201_11170730par2_tom4,15,60/05",1637156493,nwg201,211117,11170730par2,6.5496496557448834e-09,1.326448090603213e-06,1.225184805829981e-06,1.4734933228648715e-06,Uni,WT
254,254,"/Users/blandt/Desktop/PaperData//Imaging/PAR-2 NEBD/211117_nwg201_11170730par2_tom4,15,60/06",1637156566,nwg201,211117,11170730par2,7.246228943206199e-09,1.2205509861110656e-06,1.2337277416008427e-06,1.3502370160856029e-06,Uni,WT
255,255,"/Users/blandt/Desktop/PaperData//Imaging/PAR-2 NEBD/211117_nwg201_11170730par2_tom4,15,60/07",1637156634,nwg201,211117,11170730par2,7.503316908428867e-09,1.349401390068062e-06,1.20258004823559e-06,1.4880319223189292e-06,Uni,WT
256,256,"/Users/blandt/Desktop/PaperData//Imaging/PAR-2 NEBD/211117_nwg369_11170730par2_tom4,15,60/00",1637157095,nwg369,211117,11170730par2,7.696858334223386e-09,8.166707157733851e-07,8.085587636683376e-07,7.719239293493044e-07,Uni,L109R
257,257,"/Users/blandt/Desktop/PaperData//Imaging/PAR-2 NEBD/211117_nwg369_11170730par2_tom4,15,60/01",1637157300,nwg369,211117,11170730par2,8.92550878363502e-09,7.534232035127278e-07,6.727309472336011e-07,7.260306552631577e-07,Uni,L109R
258,258,"/Users/blandt/Desktop/PaperData//Imaging/PAR-2 NEBD/211117_nwg369_11170730par2_tom4,15,60/02",1637157382,nwg369,211117,11170730par2,8.526471342226972e-09,6.412795954144019e-07,5.229702076679742e-07,7.909360741154557e-07,Uni,L109R
259,259,"/Users/blandt/Desktop/PaperData//Imaging/PAR-2 NEBD/211117_nwg369_11170730par2_tom4,15,60/03",1637157881,nwg369,211117,11170730par2,9.295105228134954e-09,7.140555837508399e-07,5.571044543158343e-07,8.267110574899152e-07,Uni,L109R
260,260,"/Users/blandt/Desktop/PaperData//Imaging/PAR-2 NEBD/211117_nwg369_11170730par2_tom4,15,60/04",1637162547,nwg369,211117,11170730par2,9.603760895449763e-09,7.294068813036408e-07,6.138943212771957e-07,7.669355560858591e-07,Uni,L109R
261,261,"/Users/blandt/Desktop/PaperData//Imaging/PAR-2 NEBD/211117_nwg369_11170730par2_tom4,15,60/05",1637162632,nwg369,211117,11170730par2,4.730961253363265e-09,3.2479820275697904e-07,3.2044898414324466e-07,3.21774340197283e-07,Uni,L109R
262,262,"/Users/blandt/Desktop/PaperData//Imaging/PAR-2 NEBD/211117_nwg369_11170730par2_tom4,15,60/06",1637162683,nwg369,211117,11170730par2,8.43014385138637e-09,6.948670946285302e-07,6.141628358884598e-07,7.187580078265652e-07,Uni,L109R
263,263,"/Users/blandt/Desktop/PaperData//Imaging/PAR-2 NEBD/211117_nwg369_11170730par2_tom4,15,60/07",1637162755,nwg369,211117,11170730par2,5.592564067047518e-09,4.1720519166613184e-07,3.5334857718469934e-07,3.776147140112436e-07,Uni,L109R
264,264,"/Users/blandt/Desktop/PaperData//Imaging/PAR-2 NEBD/211117_nwg369_11170730par2_tom4,15,60/08",1637162970,nwg369,211117,11170730par2,5.063860208545558e-09,3.131839438157733e-07,2.404495121354436e-07,3.2263127012763667e-07,Uni,L109R
265,265,"/Users/blandt/Desktop/PaperData//Imaging/PAR-2 NEBD/211117_nwg369_11170730par2_tom4,15,60/09",1637163036,nwg369,211117,11170730par2,6.849292013452823e-09,5.440620642543261e-07,5.348593438166009e-07,5.435068495899694e-07,Uni,L109R
266,266,"/Users/blandt/Desktop/PaperData//Imaging/PAR-2 NEBD/211117_nwg201_11170730par2_tom4,15,60/08",1637164001,nwg201,211117,11170730par2,5.22273191412573e-09,9.355353041370481e-07,7.245619626189648e-07,1.1200840285776963e-06,Uni,WT
267,267,"/Users/blandt/Desktop/PaperData//Imaging/PAR-2 NEBD/211117_nwg201_11170730par2_tom4,15,60/09",1637164536,nwg201,211117,11170730par2,6.537783597558118e-09,1.0217377005676246e-06,8.719503804396316e-07,1.1538333768889099e-06,Uni,WT
268,268,"/Users/blandt/Desktop/PaperData//Imaging/PAR-2 NEBD/211117_nwg201_11170730par2_tom4,15,60/10",1637168615,nwg201,211117,11170730par2,4.805560713312315e-09,5.239883628055129e-07,3.1462947867541795e-07,7.123703365715599e-07,Uni,WT
269,269,"/Users/blandt/Desktop/PaperData//Imaging/PAR-2 NEBD/211117_nwg201_11170730par2_tom4,15,60/11",1637168692,nwg201,211117,11170730par2,4.914015909966104e-09,5.963971088674563e-07,4.616480346696685e-07,6.971089706765896e-07,Uni,WT
270,270,"/Users/blandt/Desktop/PaperData//Imaging/PAR-2 NEBD/211117_nwg201_11170730par2_tom4,15,60/12",1637168756,nwg201,211117,11170730par2,5.857310864294895e-09,8.714734271555022e-07,7.161564381904999e-07,1.02456469645886e-06,Uni,WT
271,271,"/Users/blandt/Desktop/PaperData//Imaging/PAR-2 NEBD/211117_nwg201_11170730par2_tom4,15,60/13",1637169050,nwg201,211117,11170730par2,3.826817355133261e-09,4.120165415940715e-07,2.826435149953456e-07,5.694973618873409e-07,Uni,WT
272,272,"/Users/blandt/Desktop/PaperData//Imaging/PAR-2 NEBD/211117_nwg369_11170730par2_tom4,15,60/10",1637169364,nwg369,211117,11170730par2,5.121399679368901e-09,2.721153932398675e-07,2.923600862403242e-07,2.3349485142981163e-07,Uni,L109R
273,273,"/Users/blandt/Desktop/PaperData//Imaging/PAR-2 NEBD/211117_nwg369_11170730par2_tom4,15,60/11",1637169682,nwg369,211117,11170730par2,4.96745828346644e-09,1.9974093094213137e-07,9.25661337078731e-08,2.7484960040827786e-07,Uni,L109R
274,274,"/Users/blandt/Desktop/PaperData//Imaging/PAR-2 NEBD/211117_nwg369_11170730par2_tom4,15,60/12",1637170230,nwg369,211117,11170730par2,6.228374001630591e-09,3.8151249623692754e-07,1.7393188779331567e-07,5.806528152072667e-07,Uni,L109R
275,275,"/Users/blandt/Desktop/PaperData//Imaging/PAR-2 NEBD/211118_nwg325_11171800par2_tom4,15,60/00",1637230637,lp637,211118,11171800par2,4.056677839810077e-09,8.080386389326548e-08,2.418436674481081e-08,1.6681140724228323e-07,Pol,WT
276,276,"/Users/blandt/Desktop/PaperData//Imaging/PAR-2 NEBD/211118_nwg325_11171800par2_tom4,15,60/01",1637230700,lp637,211118,11171800par2,1.6912199945165815e-09,6.024637324158835e-08,3.863443308992632e-08,8.249911182498024e-08,Pol,WT
277,277,"/Users/blandt/Desktop/PaperData//Imaging/PAR-2 NEBD/211118_nwg325_11171800par2_tom4,15,60/02",1637230724,lp637,211118,11171800par2,2.207118964803905e-09,6.173404629821723e-08,1.8285304786341424e-08,1.0550044282479187e-07,Pol,WT
278,278,"/Users/blandt/Desktop/PaperData//Imaging/PAR-2 NEBD/211118_nwg325_11171800par2_tom4,15,60/03",1637230814,lp637,211118,11171800par2,3.3541844137628277e-09,1.030020114206345e-07,2.8497380945332437e-08,3.2049165455424325e-07,Pol,WT
279,279,"/Users/blandt/Desktop/PaperData//Imaging/PAR-2 NEBD/211118_nwg325_11171800par2_tom4,15,60/04",1637231476,lp637,211118,11171800par2,1.9028536769896715e-09,6.551114597107807e-08,1.622178944999813e-08,1.5422659895015698e-07,Pol,WT
280,280,"/Users/blandt/Desktop/PaperData//Imaging/PAR-2 NEBD/211118_nwg325_wt_tom4,15,60/00",1637235755,lp637,211118,wt,9.357799157194921e-09,1.6969188714740684e-06,-5.66039076517878e-08,4.201232519764669e-06,Pol,WT
281,281,"/Users/blandt/Desktop/PaperData//Imaging/PAR-2 NEBD/211118_nwg325_wt_tom4,15,60/01",1637235819,lp637,211118,wt,1.0008678641698824e-08,1.6618372809292771e-06,8.79867425142923e-08,3.88669648805263e-06,Pol,WT
282,282,"/Users/blandt/Desktop/PaperData//Imaging/PAR-2 NEBD/211118_nwg325_11180930par2_tom4,15,60/01",1637246228,lp637,211118,11180930par2,8.227957339907187e-09,9.566110228809105e-07,9.266295066524536e-09,2.6465625455781624e-06,Pol,WT
283,283,"/Users/blandt/Desktop/PaperData//Imaging/PAR-2 NEBD/211118_nwg325_11180930par2_tom4,15,60/02",1637246347,lp637,211118,11180930par2,9.85329209377793e-09,1.1957208206181248e-06,-3.5721985114306056e-08,3.203713564113205e-06,Pol,WT
284,284,"/Users/blandt/Desktop/PaperData//Imaging/PAR-2 NEBD/211118_nwg325_11180930par2_tom4,15,60/03",1637246490,lp637,211118,11180930par2,8.273453576500197e-09,8.546911630045286e-07,5.385413159169085e-09,2.3501463548584903e-06,Pol,WT
285,285,"/Users/blandt/Desktop/PaperData//Imaging/PAR-2 NEBD/211118_nwg325_11180930par2_tom4,15,60/04",1637249456,lp637,211118,11180930par2,8.095605933217717e-09,1.185426382205266e-06,-4.5226005583287894e-08,3.384669675105703e-06,Pol,WT
286,286,"/Users/blandt/Desktop/PaperData//Imaging/PAR-2 NEBD/211118_nwg325_11180930par2_tom4,15,60/05",1637249756,lp637,211118,11180930par2,7.301143930447619e-09,1.135109828267332e-06,-4.18795969136832e-08,2.975667812977662e-06,Pol,WT
287,287,"/Users/blandt/Desktop/PaperData//Imaging/PAR-2 NEBD/211118_nwg325_11180930par2_tom4,15,60/06",1637249840,lp637,211118,11180930par2,7.209762369196674e-09,8.942015421289765e-07,-2.7633920873659e-08,2.3496444361689417e-06,Pol,WT
288,288,"/Users/blandt/Desktop/PaperData//Imaging/PAR-2 NEBD/211118_nwg325_11180930par2_tom4,15,60/07",1637250002,lp637,211118,11180930par2,9.22479588702266e-09,1.2317019594872364e-06,6.606704918578683e-08,3.2413230065118243e-06,Pol,WT
289,289,"/Users/blandt/Desktop/PaperData//Imaging/PAR-2 NEBD/211118_nwg325_11180930par2_tom4,15,60/08",1637256563,lp637,211118,11180930par2,3.3599365451008706e-09,1.289156694643993e-07,2.766273251378858e-08,3.831322789666303e-07,Pol,WT
290,290,"/Users/blandt/Desktop/PaperData//Imaging/PAR-2 NEBD/211118_nwg325_11180930par2_tom4,15,60/09",1637256715,lp637,211118,11180930par2,5.405167413199184e-09,4.180678125685419e-07,1.752430738401307e-08,1.1536380247859072e-06,Pol,WT
291,291,"/Users/blandt/Desktop/PaperData//Imaging/PAR-2 NEBD/211118_nwg325_11180930par2_tom4,15,60/10",1637256964,lp637,211118,11180930par2,3.8712991996684915e-09,1.28786756778505e-07,2.116560850228253e-08,3.7085367837141904e-07,Pol,WT
292,292,"/Users/blandt/Desktop/PaperData//Imaging/PAR-2 NEBD/211118_nwg325_11180930par2_tom4,15,60/11",1637257032,lp637,211118,11180930par2,5.775893904774505e-09,5.914843753515726e-07,1.6721502564805477e-09,1.8610788661176828e-06,Pol,WT
293,293,"/Users/blandt/Desktop/PaperData//Imaging/PAR-2 NEBD/211118_nwg325_11180930par2_tom4,15,60/12",1637257496,lp637,211118,11180930par2,5.851201053885034e-09,4.2829651040394497e-07,1.930537875496904e-08,1.2896958137217204e-06,Pol,WT
294,294,"/Users/blandt/Desktop/PaperData//Imaging/PAR-2 NEBD/211118_nwg325_11180930par2_tom4,15,60/13",1637257662,lp637,211118,11180930par2,6.461520645157866e-09,6.675271244381535e-07,-1.8617053148592695e-08,1.8842819216914909e-06,Pol,WT
295,295,"/Users/blandt/Desktop/PaperData//Imaging/PAR-2 NEBD/211118_nwg325_11180930par2_tom4,15,60/14",1637257730,lp637,211118,11180930par2,5.5818908739223014e-09,5.339611452844746e-07,3.945306938148085e-08,1.5848295147963115e-06,Pol,WT
296,296,"/Users/blandt/Desktop/PaperData//Imaging/PAR-2 NEBD/211118_nwg325_11180930par2_tom4,15,60/15",1637258032,lp637,211118,11180930par2,5.893602630623092e-09,6.104262441149276e-07,-2.1723031599709784e-08,1.8484127179932088e-06,Pol,WT
297,297,"/Users/blandt/Desktop/PaperData//Imaging/PAR-2 NEBD/211118_nwg325_11180930par2_tom4,15,60/16",1637258124,lp637,211118,11180930par2,5.8597660663736604e-09,5.553761940694754e-07,-1.1521480547150438e-08,1.644921550436719e-06,Pol,WT
368,368,"/Users/blandt/Desktop/PaperData//Imaging/PAR-2 NEBD/220805_lp637_tom4,15,60/00",1659695815,lp637,220805,wt,1.1841693379407594e-08,2.1129156668009497e-06,-6.759538147434451e-08,5.3111734666943055e-06,Pol,WT
369,369,"/Users/blandt/Desktop/PaperData//Imaging/PAR-2 NEBD/220805_lp637_tom4,15,60/01",1659696123,lp637,220805,wt,1.069435331322036e-08,1.8653848019466838e-06,-6.167160151109946e-08,4.465399905457403e-06,Pol,WT
372,372,"/Users/blandt/Desktop/PaperData//Imaging/PAR-2 NEBD/220805_lp637_tom4,15,60/02",1659702010,lp637,220805,wt,1.2981768212801178e-08,2.350813799990267e-06,1.0737871453291444e-08,5.938135962157006e-06,Pol,WT
373,373,"/Users/blandt/Desktop/PaperData//Imaging/PAR-2 NEBD/220805_lp637_tom4,15,60/03",1659702431,lp637,220805,wt,1.2271150740738976e-08,2.132233895214073e-06,-7.669738464505297e-08,5.3141462680832136e-06,Pol,WT
374,374,"/Users/blandt/Desktop/PaperData//Imaging/PAR-2 NEBD/220805_lp637_tom4,15,60/04",1659702579,lp637,220805,wt,1.1419335465521043e-08,1.9748419201460164e-06,-7.206966585790614e-08,5.408679462301843e-06,Pol,WT
375,375,"/Users/blandt/Desktop/PaperData//Imaging/PAR-2 NEBD/220805_lp637_tom4,15,60/05",1659702640,lp637,220805,wt,9.616992145238116e-09,1.604111865059923e-06,-1.98411684264081e-09,3.575204202640412e-06,Pol,WT
376,376,"/Users/blandt/Desktop/PaperData//Imaging/PAR-2 NEBD/220805_lp637_tom4,15,60/06",1659703232,lp637,220805,wt,1.2111077655271724e-08,1.8641453509682767e-06,1.5541566379804255e-08,4.7454573292047705e-06,Pol,WT
391,391,"/Users/blandt/Desktop/PaperData//Imaging/PAR-2 NEBD/220823_nwg338_tom4,15,60/03",1661258538,nwg338,220823,wt,1.639361096661079e-08,7.851481923658493e-07,-3.695278857114336e-08,1.99727403663115e-06,Pol,L109R
392,392,"/Users/blandt/Desktop/PaperData//Imaging/PAR-2 NEBD/220823_nwg338_tom4,15,60/04",1661258718,nwg338,220823,wt,1.6889560094852556e-08,7.173629926502423e-07,-3.2296235394263356e-08,2.0093782345185186e-06,Pol,L109R
393,393,"/Users/blandt/Desktop/PaperData//Imaging/PAR-2 NEBD/220823_nwg338_tom4,15,60/05",1661258965,nwg338,220823,wt,1.6810677846711356e-08,6.119960335069352e-07,-1.8199265774315412e-08,1.6708264772472385e-06,Pol,L109R
394,394,"/Users/blandt/Desktop/PaperData//Imaging/PAR-2 NEBD/220823_nwg338_tom4,15,60/06",1661259125,nwg338,220823,wt,2.016289313652831e-08,8.446293186779261e-07,-4.019664137466971e-08,2.4081357762799563e-06,Pol,L109R
395,395,"/Users/blandt/Desktop/PaperData//Imaging/PAR-2 NEBD/220823_lp637_tom4,15,60/06",1661259794,lp637,220823,wt,1.2092628678143908e-08,2.036261654438973e-06,-7.321033047428011e-08,5.123289697416728e-06,Pol,WT
396,396,"/Users/blandt/Desktop/PaperData//Imaging/PAR-2 NEBD/220823_lp637_tom4,15,60/07",1661259869,lp637,220823,wt,1.2050187628703709e-08,2.3990318000210843e-06,-8.633947778052598e-08,6.200735808702426e-06,Pol,WT
397,397,"/Users/blandt/Desktop/PaperData//Imaging/PAR-2 NEBD/220823_lp637_tom4,15,60/08",1661260262,lp637,220823,wt,1.2242269128411169e-08,2.021528605604178e-06,-7.264600338918754e-08,5.319666797289802e-06,Pol,WT
398,398,"/Users/blandt/Desktop/PaperData//Imaging/PAR-2 NEBD/220823_lp637_tom4,15,60/09",1661260423,lp637,220823,wt,1.1739242544659201e-08,2.3109321882006105e-06,4.338143913975109e-08,5.7593425322612425e-06,Pol,WT
399,399,"/Users/blandt/Desktop/PaperData//Imaging/PAR-2 NEBD/220823_lp637_tom4,15,60/10",1661260543,lp637,220823,wt,1.1114828379210793e-08,1.984857225118826e-06,-7.32345253035498e-08,4.883450427122645e-06,Pol,WT
406,406,"/Users/blandt/Desktop/PaperData//Imaging/PAR-2 NEBD/220823_nwg201_tom4,15,60/13",1661263219,nwg201,220823,wt,1.1349160331596534e-08,2.3531121770338936e-06,2.081047670461655e-06,2.8868429551265684e-06,Uni,WT
407,407,"/Users/blandt/Desktop/PaperData//Imaging/PAR-2 NEBD/220823_nwg201_tom4,15,60/14",1661263290,nwg201,220823,wt,1.1629485312727564e-08,2.3184565625671492e-06,1.858152343426068e-06,3.2674974266570988e-06,Uni,WT
408,408,"/Users/blandt/Desktop/PaperData//Imaging/PAR-2 NEBD/220823_nwg201_tom4,15,60/15",1661263661,nwg201,220823,wt,8.474264746254456e-09,1.828608524467861e-06,1.797422152632189e-06,2.1975129028840078e-06,Uni,WT
409,409,"/Users/blandt/Desktop/PaperData//Imaging/PAR-2 NEBD/220823_nwg201_tom4,15,60/16",1661263796,nwg201,220823,wt,1.0288321308976917e-08,2.3396734487692152e-06,2.2497106127533555e-06,2.8146020070938338e-06,Uni,WT
410,410,"/Users/blandt/Desktop/PaperData//Imaging/PAR-2 NEBD/220823_nwg369_tom4,15,60/16",1661264390,nwg369,220823,wt,1.7898232558097327e-08,2.0058406293153167e-06,1.6812819908324888e-06,2.4617531153257246e-06,Uni,L109R
411,411,"/Users/blandt/Desktop/PaperData//Imaging/PAR-2 NEBD/220823_nwg369_tom4,15,60/17",1661264635,nwg369,220823,wt,1.4381634891520448e-08,1.6154986046879234e-06,1.1594354412187903e-06,2.0620977834592535e-06,Uni,L109R
412,412,"/Users/blandt/Desktop/PaperData//Imaging/PAR-2 NEBD/220823_nwg369_tom4,15,60/18",1661264695,nwg369,220823,wt,1.7389415892823477e-08,1.8815051920567657e-06,1.5160546522170323e-06,2.2116100465091942e-06,Uni,L109R
413,413,"/Users/blandt/Desktop/PaperData//Imaging/PAR-2 NEBD/220823_nwg369_tom4,15,60/19",1661264791,nwg369,220823,wt,1.46864859542358e-08,1.7682121320453843e-06,1.352548793726467e-06,1.9339057197067634e-06,Uni,L109R
414,414,"/Users/blandt/Desktop/PaperData//Imaging/PAR-2 NEBD/220823_nwg369_tom4,15,60/20",1661264989,nwg369,220823,wt,1.2130753669542917e-08,1.407069189437234e-06,1.0163610336018638e-06,1.7661201533058819e-06,Uni,L109R
415,415,"/Users/blandt/Desktop/PaperData//Imaging/PAR-2 NEBD/220823_nwg369_tom4,15,60/21",1661265203,nwg369,220823,wt,1.514491797069294e-08,1.7119667455214805e-06,1.3270927769668017e-06,1.9848028539633646e-06,Uni,L109R
420,420,"/Users/blandt/Desktop/PaperData//Imaging/PAR-2 NEBD/220823_nwg338_tom4,15,60/23",1661267502,nwg338,220823,wt,1.870902554557208e-08,9.399272498274259e-07,-3.3813146296022504e-08,2.4691783581465596e-06,Pol,L109R
421,421,"/Users/blandt/Desktop/PaperData//Imaging/PAR-2 NEBD/220823_nwg338_tom4,15,60/24",1661267550,nwg338,220823,wt,1.923098041783615e-08,9.377173849403462e-07,-3.405352057511673e-08,2.577709898974602e-06,Pol,L109R
422,422,"/Users/blandt/Desktop/PaperData//Imaging/PAR-2 NEBD/220823_nwg338_tom4,15,60/25",1661267862,nwg338,220823,wt,9.610035363417328e-09,3.9864667388781614e-07,-2.1999885600004267e-08,1.172913664527411e-06,Pol,L109R
423,423,"/Users/blandt/Desktop/PaperData//Imaging/PAR-2 NEBD/220823_nwg338_tom4,15,60/26",1661267955,nwg338,220823,wt,1.0703231287848246e-08,4.1860799533372923e-07,-2.4064241635382307e-08,1.274296409757706e-06,Pol,L109R
427,427,"/Users/blandt/Desktop/PaperData//Imaging/PAR-2 NEBD/220823_nwg201_tom4,15,60/28",1661269403,nwg201,220823,wt,9.660059118956689e-09,1.8913501532188146e-06,1.8447040693879658e-06,2.253194642913502e-06,Uni,WT
428,428,"/Users/blandt/Desktop/PaperData//Imaging/PAR-2 NEBD/220823_nwg201_tom4,15,60/29",1661269517,nwg201,220823,wt,1.1561542642062191e-08,3.0533425387487386e-06,2.6877276175338347e-06,3.6508897023895866e-06,Uni,WT
429,429,"/Users/blandt/Desktop/PaperData//Imaging/PAR-2 NEBD/220823_nwg369_tom4,15,60/29",1661270127,nwg369,220823,wt,1.5263644528363286e-08,1.6136923434323955e-06,1.3343082280741942e-06,1.7238478931368148e-06,Uni,L109R
430,430,"/Users/blandt/Desktop/PaperData//Imaging/PAR-2 NEBD/220823_nwg369_tom4,15,60/31",1661270810,nwg369,220823,wt,1.2024826417519207e-08,1.3504194338326487e-06,1.0264359226519825e-06,1.6342764544611782e-06,Uni,L109R
431,431,"/Users/blandt/Desktop/PaperData//Imaging/PAR-2 NEBD/220823_nwg338_tom4,15,60/31",1661271156,nwg338,220823,wt,1.4474248564976783e-08,5.537496073709406e-07,-1.302333507614803e-08,1.5828324744820811e-06,Pol,L109R
432,432,"/Users/blandt/Desktop/PaperData//Imaging/PAR-2 NEBD/220823_nwg338_tom4,15,60/32",1661271589,nwg338,220823,wt,1.6972122890528798e-08,8.024453062508562e-07,-2.959596343422043e-08,2.28703404660523e-06,Pol,L109R
433,433,"/Users/blandt/Desktop/PaperData//Imaging/PAR-2 NEBD/220823_nwg338_tom4,15,60/33",1661271947,nwg338,220823,wt,1.6369645397398255e-08,8.473548143522601e-07,-3.8058201737290866e-08,1.9839837274182927e-06,Pol,L109R
454,454,"/Users/blandt/Desktop/PaperData//Imaging/PAR-2 NEBD/220824_nwg201_tom4,15,60/31",1661349574,nwg201,220824,wt,9.135285331857624e-09,1.9653566795128737e-06,1.9278686489431513e-06,2.390626958407838e-06,Uni,WT
455,455,"/Users/blandt/Desktop/PaperData//Imaging/PAR-2 NEBD/220824_nwg201_tom4,15,60/32",1661349749,nwg201,220824,wt,9.49388129814104e-09,2.046115386401718e-06,2.0835937041534865e-06,2.4721687144879728e-06,Uni,WT
456,456,"/Users/blandt/Desktop/PaperData//Imaging/PAR-2 NEBD/220824_nwg201_tom4,15,60/33",1661349930,nwg201,220824,wt,8.598786460508237e-09,1.7813231369301718e-06,1.6330903635804204e-06,2.2706368134254235e-06,Uni,WT
494,494,"/Users/blandt/Desktop/PaperData//Imaging/PAR-2 NEBD/220826_lp637_2208251830par2_tom4,15,60/00",1661498747,lp637,220826,2208251830par2,3.054297325301065e-09,1.3555799620057763e-07,2.0168916040123213e-08,3.698178223009288e-07,Pol,WT
495,495,"/Users/blandt/Desktop/PaperData//Imaging/PAR-2 NEBD/220826_lp637_2208251830par2_tom4,15,60/01",1661499238,lp637,220826,2208251830par2,5.834636616341075e-09,2.2231317753836649e-07,3.5621851269682276e-08,6.267165931712744e-07,Pol,WT
496,496,"/Users/blandt/Desktop/PaperData//Imaging/PAR-2 NEBD/220826_lp637_2208251830par2_tom4,15,60/02",1661499420,lp637,220826,2208251830par2,4.343568823009718e-09,2.2061401773730216e-07,3.0467655291997106e-09,6.731163737465645e-07,Pol,WT
497,497,"/Users/blandt/Desktop/PaperData//Imaging/PAR-2 NEBD/220826_nwg201_2208251830par2_tom4,15,60/02",1661500001,nwg201,220826,2208251830par2,2.2328703918445903e-09,1.967095420193998e-07,1.7268639278634466e-07,2.3095911595849292e-07,Uni,WT
498,498,"/Users/blandt/Desktop/PaperData//Imaging/PAR-2 NEBD/220826_nwg201_2208251830par2_tom4,15,60/03",1661500175,nwg201,220826,2208251830par2,1.8597996728733087e-09,1.0035534463679476e-07,5.392326722387397e-08,1.4749956703987236e-07,Uni,WT
502,502,"/Users/blandt/Desktop/PaperData//Imaging/PAR-2 NEBD/220826_nwg201_2208251830par2_tom4,15,60/05",1661500879,nwg201,220826,2208251830par2,3.2695820071723677e-09,3.0841097262201973e-07,1.8593619672353798e-07,4.263359838787997e-07,Uni,WT
503,503,"/Users/blandt/Desktop/PaperData//Imaging/PAR-2 NEBD/220826_nwg369_2208251830par2_tom4,15,60/06",1661501573,nwg369,220826,2208251830par2,3.406692299232631e-09,1.4689688995005242e-07,8.647495909585255e-08,1.82997189249117e-07,Uni,L109R
504,504,"/Users/blandt/Desktop/PaperData//Imaging/PAR-2 NEBD/220826_nwg369_2208251830par2_tom4,15,60/07",1661501776,nwg369,220826,2208251830par2,5.269754447334942e-09,2.544783440297251e-07,2.1244209245249096e-07,3.132091966028353e-07,Uni,L109R
510,510,"/Users/blandt/Desktop/PaperData//Imaging/PAR-2 NEBD/220826_lp637_2208251830par2_tom4,15,60/11",1661503954,lp637,220826,2208251830par2,4.160576758834725e-09,2.5243261634621154e-07,1.236304926299598e-08,7.937527793698445e-07,Pol,WT
511,511,"/Users/blandt/Desktop/PaperData//Imaging/PAR-2 NEBD/220826_lp637_2208251830par2_tom4,15,60/12",1661504006,lp637,220826,2208251830par2,3.8443287991933146e-09,2.4287605156655327e-07,2.826543679920015e-08,6.770552392298068e-07,Pol,WT
512,512,"/Users/blandt/Desktop/PaperData//Imaging/PAR-2 NEBD/220826_lp637_2208251830par2_tom4,15,60/13",1661504106,lp637,220826,2208251830par2,2.8615490752631936e-09,1.3952677356107558e-07,2.2581285543195288e-08,3.8938102990494484e-07,Pol,WT
513,513,"/Users/blandt/Desktop/PaperData//Imaging/PAR-2 NEBD/220826_lp637_2208251830par2_tom4,15,60/14",1661504564,lp637,220826,2208251830par2,3.780209567245299e-09,1.4749021732277638e-07,2.182027941023985e-08,4.120284580531238e-07,Pol,WT
514,514,"/Users/blandt/Desktop/PaperData//Imaging/PAR-2 NEBD/220826_nwg201_2208251830par2_tom4,15,60/14",1661504839,nwg201,220826,2208251830par2,2.0708266035235062e-09,1.0882904161565566e-07,8.588908007903669e-08,1.491381545897138e-07,Uni,WT
515,515,"/Users/blandt/Desktop/PaperData//Imaging/PAR-2 NEBD/220826_nwg201_2208251830par2_tom4,15,60/15",1661505019,nwg201,220826,2208251830par2,2.0868935722401982e-09,1.0025299388493242e-07,1.0207357695730902e-07,1.2644775026916353e-07,Uni,WT
517,517,"/Users/blandt/Desktop/PaperData//Imaging/PAR-2 NEBD/220826_nwg369_2208251830par2_tom4,15,60/15",1661505728,nwg369,220826,2208251830par2,2.379197108759494e-09,6.778064448942459e-08,4.177131158405613e-08,8.713594145785509e-08,Uni,L109R
518,518,"/Users/blandt/Desktop/PaperData//Imaging/PAR-2 NEBD/220826_nwg369_2208251830par2_tom4,15,60/16",1661505829,nwg369,220826,2208251830par2,1.7049788251649773e-09,6.699215393378827e-08,6.813363534937574e-08,1.0155678308392471e-07,Uni,L109R
520,520,"/Users/blandt/Desktop/PaperData//Imaging/PAR-2 NEBD/220826_nwg369_2208251830par2_tom4,15,60/17",1661506400,nwg369,220826,2208251830par2,3.6751284971783743e-09,1.5565471402698257e-07,1.1351285385497548e-07,1.677100414817769e-07,Uni,L109R
524,524,"/Users/blandt/Desktop/PaperData//Imaging/PAR-2 NEBD/220826_nwg201_2208251830par2_tom4,15,60/19",1661507745,nwg201,220826,2208251830par2,1.2076574002354395e-09,5.102954493377078e-08,8.674918707053228e-08,2.272411296381394e-08,Uni,WT
525,525,"/Users/blandt/Desktop/PaperData//Imaging/PAR-2 NEBD/220826_nwg201_2208251830par2_tom4,15,60/20",1661508010,nwg201,220826,2208251830par2,2.0296068394903124e-09,1.1143616138369319e-07,7.61829937578384e-08,1.7432059687255567e-07,Uni,WT
526,526,"/Users/blandt/Desktop/PaperData//Imaging/PAR-2 NEBD/220826_nwg201_2208251830par2_tom4,15,60/21",1661508183,nwg201,220826,2208251830par2,1.9085009237189368e-09,9.389759992055948e-08,7.995964457440272e-08,1.3981061462405775e-07,Uni,WT
527,527,"/Users/blandt/Desktop/PaperData//Imaging/PAR-2 NEBD/220826_nwg201_2208251830par2_tom4,15,60/22",1661508730,nwg201,220826,2208251830par2,1.433011906783684e-09,6.128355212398683e-08,3.171650048225367e-08,9.13165408182346e-08,Uni,WT
528,528,"/Users/blandt/Desktop/PaperData//Imaging/PAR-2 NEBD/220826_nwg369_2208251830par2_tom4,15,60/22",1661510530,nwg369,220826,2208251830par2,2.3012656452358827e-09,8.108557141801621e-08,4.686524749418702e-08,1.2052425739325408e-07,Uni,L109R
529,529,"/Users/blandt/Desktop/PaperData//Imaging/PAR-2 NEBD/220826_nwg369_2208251830par2_tom4,15,60/23",1661510603,nwg369,220826,2208251830par2,1.9726969018779943e-09,7.342083650233282e-08,6.76424171932774e-08,9.74038705053564e-08,Uni,L109R
530,530,"/Users/blandt/Desktop/PaperData//Imaging/PAR-2 NEBD/220826_lp637_2208251830par2_tom4,15,60/23",1661511014,lp637,220826,2208251830par2,3.2932902143663256e-09,1.2949464084163105e-07,1.007867858943363e-08,3.7946346049321536e-07,Pol,WT
531,531,"/Users/blandt/Desktop/PaperData//Imaging/PAR-2 NEBD/220826_lp637_2208251830par2_tom4,15,60/24",1661511539,lp637,220826,2208251830par2,3.87745953513717e-09,1.8866824518670554e-07,1.0702488937894956e-08,5.831091072081457e-07,Pol,WT
532,532,"/Users/blandt/Desktop/PaperData//Imaging/PAR-2 NEBD/220826_lp637_2208251830par2_tom4,15,60/25",1661511680,lp637,220826,2208251830par2,3.5707474472907208e-09,1.8168183478476396e-07,4.717644222603915e-08,4.90989740264936e-07,Pol,WT
543,543,"/Users/blandt/Desktop/PaperData//Imaging/PAR-2 NEBD/220826_lp637_2208260800par2_tom4,15,60/43",1661519589,lp637,220826,2208260800par2,7.636004960878923e-09,8.491002214706384e-07,-3.357508237499225e-08,2.1949373291295204e-06,Pol,WT
544,544,"/Users/blandt/Desktop/PaperData//Imaging/PAR-2 NEBD/220826_lp637_2208260800par2_tom4,15,60/44",1661519687,lp637,220826,2208260800par2,7.18774731537017e-09,8.420571871959407e-07,-8.671038333929095e-09,2.4469196772130507e-06,Pol,WT
545,545,"/Users/blandt/Desktop/PaperData//Imaging/PAR-2 NEBD/220826_lp637_2208260800par2_tom4,15,60/45",1661519983,lp637,220826,2208260800par2,7.652078809123635e-09,9.536323062213181e-07,-3.7412325831283374e-08,2.6758452055901544e-06,Pol,WT
546,546,"/Users/blandt/Desktop/PaperData//Imaging/PAR-2 NEBD/220826_lp637_2208260800par2_tom4,15,60/00",1661520177,lp637,220826,2208260800par2,7.922498397577396e-09,9.940669137456987e-07,-2.452074988079764e-08,2.716095073195762e-06,Pol,WT
547,547,"/Users/blandt/Desktop/PaperData//Imaging/PAR-2 NEBD/220826_lp637_2208260800par2_tom4,15,60/01",1661520448,lp637,220826,2208260800par2,8.702958305074166e-09,1.0209719929173378e-06,-3.7492272646423997e-08,2.73463062190636e-06,Pol,WT
548,548,"/Users/blandt/Desktop/PaperData//Imaging/PAR-2 NEBD/220826_lp637_2208260800par2_tom4,15,60/02",1661520649,lp637,220826,2208260800par2,7.3871098369524605e-09,8.181716508714564e-07,-3.86004027943893e-09,2.323923481654641e-06,Pol,WT
549,549,"/Users/blandt/Desktop/PaperData//Imaging/PAR-2 NEBD/220826_nwg201_2208260800par2_tom4,15,60/02",1661521263,nwg201,220826,2208260800par2,7.657309506065244e-09,1.8268941304908257e-06,1.8819761763174433e-06,1.9118259845881952e-06,Uni,WT
550,550,"/Users/blandt/Desktop/PaperData//Imaging/PAR-2 NEBD/220826_nwg201_2208260800par2_tom4,15,60/03",1661521506,nwg201,220826,2208260800par2,8.306001075073981e-09,1.712285688732344e-06,1.4499397380958499e-06,2.041550709208856e-06,Uni,WT
551,551,"/Users/blandt/Desktop/PaperData//Imaging/PAR-2 NEBD/220826_nwg201_2208260800par2_tom4,15,60/04",1661521690,nwg201,220826,2208260800par2,6.988085365146707e-09,1.02779894763307e-06,9.8837499582459e-07,1.1478798322705978e-06,Uni,WT
552,552,"/Users/blandt/Desktop/PaperData//Imaging/PAR-2 NEBD/220826_nwg201_2208260800par2_tom4,15,60/05",1661521784,nwg201,220826,2208260800par2,6.639566215847335e-09,1.1391009889684357e-06,1.0573777581075055e-06,1.3529133847206076e-06,Uni,WT
553,553,"/Users/blandt/Desktop/PaperData//Imaging/PAR-2 NEBD/220826_nwg201_2208260800par2_tom4,15,60/06",1661521906,nwg201,220826,2208260800par2,6.691577139996021e-09,1.0576011670571997e-06,8.404036709333347e-07,1.3874158707511082e-06,Uni,WT
554,554,"/Users/blandt/Desktop/PaperData//Imaging/PAR-2 NEBD/220826_nwg201_2208260800par2_tom4,15,60/07",1661521981,nwg201,220826,2208260800par2,9.13541953904508e-09,1.7983962249028567e-06,1.6727029888898004e-06,2.0228726220342084e-06,Uni,WT
555,555,"/Users/blandt/Desktop/PaperData//Imaging/PAR-2 NEBD/220826_nwg201_2208260800par2_tom4,15,60/08",1661522127,nwg201,220826,2208260800par2,5.717482200011034e-09,9.984578309600947e-07,8.152297678214387e-07,1.2141458237385319e-06,Uni,WT
563,563,"/Users/blandt/Desktop/PaperData//Imaging/PAR-2 NEBD/220826_nwg369_2208260800par2_tom4,15,60/14",1661525004,nwg369,220826,2208260800par2,9.22557575483984e-09,7.523184917965125e-07,5.782883598802153e-07,8.252340552865182e-07,Uni,L109R
567,567,"/Users/blandt/Desktop/PaperData//Imaging/PAR-2 NEBD/220826_nwg369_2208260800par2_tom4,15,60/17",1661529880,nwg369,220826,2208260800par2,9.463087515338173e-09,8.846491484061404e-07,6.731396018353997e-07,9.605790808420756e-07,Uni,L109R
568,568,"/Users/blandt/Desktop/PaperData//Imaging/PAR-2 NEBD/220826_nwg369_2208260800par2_tom4,15,60/18",1661530140,nwg369,220826,2208260800par2,8.867420755029627e-09,6.719786781653233e-07,5.446171166859305e-07,7.245757647653182e-07,Uni,L109R
569,569,"/Users/blandt/Desktop/PaperData//Imaging/PAR-2 NEBD/220826_nwg369_2208260800par2_tom4,15,60/19",1661530275,nwg369,220826,2208260800par2,1.143184267317119e-08,1.0953589988526728e-06,7.5904670906545e-07,1.2090945983028586e-06,Uni,L109R
570,570,"/Users/blandt/Desktop/PaperData//Imaging/PAR-2 NEBD/220826_nwg369_2208260800par2_tom4,15,60/20",1661530460,nwg369,220826,2208260800par2,5.9829400697941595e-09,3.458975025401196e-07,1.7986018881648462e-07,4.889931292601765e-07,Uni,L109R
571,571,"/Users/blandt/Desktop/PaperData//Imaging/PAR-2 NEBD/220826_nwg369_2208260800par2_tom4,15,60/22",1661531098,nwg369,220826,2208260800par2,8.93207704128635e-09,7.418450643537649e-07,5.001526427615227e-07,9.085312669300862e-07,Uni,L109R
572,572,"/Users/blandt/Desktop/PaperData//Imaging/PAR-2 NEBD/220826_lp637_2208260800par2_tom4,15,60/22",1661531232,lp637,220826,2208260800par2,5.744555398680686e-09,5.179075300677393e-07,2.746225446411046e-08,1.5158472991552551e-06,Pol,WT
573,573,"/Users/blandt/Desktop/PaperData//Imaging/PAR-2 NEBD/220826_lp637_2208260800par2_tom4,15,60/23",1661531578,lp637,220826,2208260800par2,4.721205856954422e-09,3.633715559918565e-07,-6.834757068764032e-09,1.0253538114141995e-06,Pol,WT
574,574,"/Users/blandt/Desktop/PaperData//Imaging/PAR-2 NEBD/220826_lp637_2208260800par2_tom4,15,60/24",1661531878,lp637,220826,2208260800par2,4.963926886355933e-09,3.275983353884013e-07,-5.794658389627851e-09,1.0159902885344452e-06,Pol,WT
575,575,"/Users/blandt/Desktop/PaperData//Imaging/PAR-2 NEBD/220826_lp637_2208260800par2_tom4,15,60/25",1661531939,lp637,220826,2208260800par2,4.188482831521537e-09,2.6337037357701693e-07,-5.99404894172588e-09,7.565735802314214e-07,Pol,WT
576,576,"/Users/blandt/Desktop/PaperData//Imaging/PAR-2 NEBD/220826_lp637_2208260800par2_tom4,15,60/26",1661532062,lp637,220826,2208260800par2,4.536985063948535e-09,3.450435784488906e-07,-1.1293640222190787e-08,9.657012097014176e-07,Pol,WT
577,577,"/Users/blandt/Desktop/PaperData//Imaging/PAR-2 NEBD/220826_lp637_2208260800par2_tom4,15,60/27",1661532142,lp637,220826,2208260800par2,5.130483475944132e-09,5.443284689724732e-07,-1.6961962035212587e-08,1.6258067453242321e-06,Pol,WT
578,578,"/Users/blandt/Desktop/PaperData//Imaging/PAR-2 NEBD/220826_nwg201_2208260800par2_tom4,15,60/27",1661532632,nwg201,220826,2208260800par2,4.943463109727149e-09,6.360693303184343e-07,4.876596851911899e-07,8.514940809748949e-07,Uni,WT
579,579,"/Users/blandt/Desktop/PaperData//Imaging/PAR-2 NEBD/220826_nwg201_2208260800par2_tom4,15,60/28",1661532902,nwg201,220826,2208260800par2,3.1302022039025005e-09,3.4492911359540854e-07,2.9372034583611696e-07,4.346543289570818e-07,Uni,WT
580,580,"/Users/blandt/Desktop/PaperData//Imaging/PAR-2 NEBD/220826_nwg201_2208260800par2_tom4,15,60/29",1661533279,nwg201,220826,2208260800par2,6.564376357052096e-09,9.997991415377102e-07,7.71547625773883e-07,1.3520762043564738e-06,Uni,WT
581,581,"/Users/blandt/Desktop/PaperData//Imaging/PAR-2 NEBD/220826_nwg201_2208260800par2_tom4,15,60/30",1661533444,nwg201,220826,2208260800par2,5.604154380214498e-09,7.757953527124928e-07,5.527824586995889e-07,1.0656880342067008e-06,Uni,WT
582,582,"/Users/blandt/Desktop/PaperData//Imaging/PAR-2 NEBD/220826_nwg201_2208260800par2_tom4,15,60/31",1661533660,nwg201,220826,2208260800par2,4.821354869266936e-09,6.712116703774231e-07,9.7316461448101e-07,4.87946564347463e-07,Uni,WT
586,586,"/Users/blandt/Desktop/PaperData//Imaging/PAR-2 NEBD/220826_nwg369_2208260800par2_tom4,15,60/33",1661535288,nwg369,220826,2208260800par2,6.386158798159932e-09,5.050481706339186e-07,5.57671396168546e-07,4.1453460540792654e-07,Uni,L109R
587,587,"/Users/blandt/Desktop/PaperData//Imaging/PAR-2 NEBD/220826_nwg369_2208260800par2_tom4,15,60/34",1661535405,nwg369,220826,2208260800par2,6.2042449026517136e-09,3.354616339911395e-07,2.3461920916699202e-07,4.096249586606435e-07,Uni,L109R
605,605,"/Users/blandt/Desktop/PaperData//Imaging/PAR-2 NEBD/220902_nwg338_2209011900par2_tom4,15,60/03",1662109418,nwg338,220902,2209011900par2,7.2120613721537985e-09,1.4835770411369342e-07,1.099000078534834e-09,4.23163939474064e-07,Pol,L109R
606,606,"/Users/blandt/Desktop/PaperData//Imaging/PAR-2 NEBD/220902_nwg338_2209011900par2_tom4,15,60/04",1662109725,nwg338,220902,2209011900par2,4.176557564281349e-09,9.59407416807784e-08,3.746760047353667e-08,1.564944435966433e-07,Pol,L109R
607,607,"/Users/blandt/Desktop/PaperData//Imaging/PAR-2 NEBD/220902_nwg338_2209011900par2_tom4,15,60/05",1662109850,nwg338,220902,2209011900par2,4.4736804357953476e-09,1.0580592389624246e-07,3.202118004182524e-08,2.1486539556261709e-07,Pol,L109R
608,608,"/Users/blandt/Desktop/PaperData//Imaging/PAR-2 NEBD/220902_nwg338_2209011900par2_tom4,15,60/06",1662109973,nwg338,220902,2209011900par2,8.359187721853424e-09,1.3970922918763374e-07,1.763611198166453e-08,3.5390181983149317e-07,Pol,L109R
609,609,"/Users/blandt/Desktop/PaperData//Imaging/PAR-2 NEBD/220902_nwg338_2209011900par2_tom4,15,60/07",1662110180,nwg338,220902,2209011900par2,6.156026177396012e-09,1.2777582483904602e-07,6.617557769860682e-08,3.0790880346452516e-07,Pol,L109R
610,610,"/Users/blandt/Desktop/PaperData//Imaging/PAR-2 NEBD/220902_nwg338_2209011900par2_tom4,15,60/08",1662110274,nwg338,220902,2209011900par2,5.476509416591376e-09,1.1141060851058516e-07,5.444732307294651e-08,2.6918259883766787e-07,Pol,L109R
611,611,"/Users/blandt/Desktop/PaperData//Imaging/PAR-2 NEBD/220902_nwg338_2209011900par2_tom4,15,60/09",1662110523,nwg338,220902,2209011900par2,6.061554467456026e-09,6.894445062240401e-08,4.392536679189092e-08,1.3100908766130846e-07,Pol,L109R
626,626,"/Users/blandt/Desktop/PaperData//Imaging/PAR-2 NEBD/220902_nwg338_2209020830par2_tom4,15,60/21",1662128363,nwg338,220902,2209020830par2,1.1127798545268586e-08,3.0877281484590123e-07,-2.0386960292081868e-08,9.135720048848026e-07,Pol,L109R
627,627,"/Users/blandt/Desktop/PaperData//Imaging/PAR-2 NEBD/220902_nwg338_2209020830par2_tom4,15,60/22",1662128584,nwg338,220902,2209020830par2,1.6064915008372565e-08,6.47033938213911e-07,-2.032700303773564e-08,1.6663043359698593e-06,Pol,L109R
628,628,"/Users/blandt/Desktop/PaperData//Imaging/PAR-2 NEBD/220902_nwg338_2209020830par2_tom4,15,60/23",1662129044,nwg338,220902,2209020830par2,1.3083752705767727e-08,3.2821780970810197e-07,2.4353245270285995e-08,9.057162105081519e-07,Pol,L109R
629,629,"/Users/blandt/Desktop/PaperData//Imaging/PAR-2 NEBD/220902_nwg338_2209020830par2_tom4,15,60/24",1662129182,nwg338,220902,2209020830par2,1.4575913329055187e-08,5.07312482857685e-07,-9.126486501393508e-09,1.5146596412020255e-06,Pol,L109R
630,630,"/Users/blandt/Desktop/PaperData//Imaging/PAR-2 NEBD/220902_nwg338_2209020830par2_tom4,15,60/25",1662129330,nwg338,220902,2209020830par2,1.9067507041019408e-08,7.532634158469388e-07,-3.2228683061623267e-08,2.03949603751559e-06,Pol,L109R
637,637,"/Users/blandt/Desktop/PaperData//Imaging/PAR-2 NEBD/220902_nwg338_2209020830par2_tom4,15,60/29",1662135495,nwg338,220902,2209020830par2,1.8568162132594005e-08,6.863196863398914e-07,-3.350878469000551e-08,1.966895203586548e-06,Pol,L109R
638,638,"/Users/blandt/Desktop/PaperData//Imaging/PAR-2 NEBD/220902_nwg338_2209020830par2_tom4,15,60/30",1662135931,nwg338,220902,2209020830par2,1.773702491438844e-08,5.808246076228826e-07,-5.078789227590857e-09,1.7818420802295226e-06,Pol,L109R
643,643,"/Users/blandt/Desktop/PaperData//Imaging/PAR-2 NEBD/220902_nwg338_2209011900par2_tom4,15,60/34",1662138631,nwg338,220902,2209011900par2,2.288294576944904e-09,9.527113474228702e-08,5.568263299511223e-08,1.5673880701326139e-07,Pol,L109R
644,644,"/Users/blandt/Desktop/PaperData//Imaging/PAR-2 NEBD/220902_nwg338_2209011900par2_tom4,15,60/35",1662139178,nwg338,220902,2209011900par2,2.286429209816544e-09,6.867399054191166e-08,5.4905868468117265e-08,1.0403336181415531e-07,Pol,L109R
645,645,"/Users/blandt/Desktop/PaperData//Imaging/PAR-2 NEBD/220902_nwg338_2209011900par2_tom4,15,60/36",1662139382,nwg338,220902,2209011900par2,3.172811519833452e-09,6.963858897340005e-08,3.732545882078498e-08,1.1933083585939646e-07,Pol,L109R
649,649,"/Users/blandt/Desktop/PaperData//Imaging/PAR-2 NEBD/220902_nwg338_2209020830par2_tom4,15,60/38",1662142452,nwg338,220902,2209020830par2,1.1723998187057078e-08,2.938627458122411e-07,-7.526586589938454e-09,8.433221586091571e-07,Pol,L109R
651,651,"/Users/blandt/Desktop/PaperData//Imaging/PAR-2 NEBD/220902_nwg338_2209020830par2_tom4,15,60/39",1662143111,nwg338,220902,2209020830par2,8.551628423151277e-09,1.37205700369154e-07,3.310781506103382e-08,3.632238004670933e-07,Pol,L109R
652,652,"/Users/blandt/Desktop/PaperData//Imaging/PAR-2 NEBD/220902_nwg338_2209020830par2_tom4,15,60/40",1662143263,nwg338,220902,2209020830par2,8.286105705357245e-09,2.220116498592039e-07,1.6369000561727435e-09,6.445581715235829e-07,Pol,L109R
653,653,"/Users/blandt/Desktop/PaperData//Imaging/PAR-2 NEBD/220902_nwg338_2209020830par2_tom4,15,60/41",1662143392,nwg338,220902,2209020830par2,1.4497556631749314e-08,3.174445099538094e-07,1.789368577362568e-10,8.816951415641599e-07,Pol,L109R
657,657,"/Users/blandt/Desktop/PaperData//Imaging/PAR-2 NEBD/220902_nwg338_2209020830par2_tom4,15,60/43",1662143923,nwg338,220902,2209020830par2,1.4025615364901028e-08,4.789550521298032e-07,-5.526036739922735e-09,1.3670124990602466e-06,Pol,L109R
658,658,"/Users/blandt/Desktop/PaperData//Imaging/PAR-2 NEBD/220902_nwg338_2209020830par2_tom4,15,60/44",1662143984,nwg338,220902,2209020830par2,1.2101014371785366e-08,3.3806780860554263e-07,1.4164254430744762e-08,9.068606446251267e-07,Pol,L109R
