,Path,EmbryoID,Line,Date,RNAi
0,"/Imaging/par2_nebd/200131_nwg201_2001310930par2_tom4,15,60/38",16739689889946,nwg201,200131,2001310930par2
1,/Imaging/par2_nebd/220307_n2/N2_3,167396877200836,n2,220307,wt
2,"/Imaging/par2_nebd/210930_nwg407_tom4,15,60/00",167396886153942,nwg407,210930,wt
3,"/Imaging/par2_nebd/211106_nwg407_tom4,15,60/02",167396887925265,nwg407,211106,wt
4,"/Imaging/par2_nebd/220805_lp637_tom4,15,60/03",167396892914197,lp637,220805,wt
5,"/Imaging/par2_nebd/220805_nwg489_tom4,15,60/08",167396893059064,nwg489,220805,wt
6,"/Imaging/par2_nebd/220823_nwg338_tom4,15,60/31",167396893240419,nwg338,220823,wt
7,"/Imaging/par2_nebd/220826_nwg201_2208251830par2_tom4,15,60/05",167396895401574,nwg201,220826,2208251830par2
8,"/Imaging/par2_nebd/220826_nwg246_2208251830par2_tom4,15,60/05",167396895566904,nwg246,220826,2208251830par2
9,"/Imaging/par2_nebd/220902_nwg338_2209020830par2_tom4,15,60/38",167396896060132,nwg338,220902,2209020830par2
10,"/Imaging/par2_nebd/200131_lp637_2001310930par2_tom4,15,60/61",167396899606014,lp637,200131,2001310930par2
11,"/Imaging/par2_nebd/211117_nwg369_11170730par2_tom4,15,60/06",167396900248922,nwg369,211117,11170730par2
12,"/Imaging/par2_nebd/211209_nwg437_tom4,15,60/05",167396908272671,nwg437,211209,wt
13,"/Imaging/par2_nebd/211113_nwg201_wt_tom4,15,60/03",167396909216543,nwg201,211113,wt
14,/Imaging/par2_nebd/220307_n2/N2_6,1673968771937524,n2,220307,wt
15,/Imaging/par2_nebd/220307_nwg456/KK571-QxNWG0398_8,1673968772529918,nwg456,220307,wt
16,/Imaging/par2_nebd/220307_nwg456/KK571-QxNWG0398_11,1673968772674664,nwg456,220307,wt
17,/Imaging/par2_nebd/220307_nwg481/05,1673968773281635,nwg481,220307,wt
18,/Imaging/par2_nebd/220307_nwg481/10,1673968773441656,nwg481,220307,wt
19,/Imaging/par2_nebd/220307_nwg481/13,1673968773942913,nwg481,220307,wt
20,/Imaging/par2_nebd/220307_nwg482/3.7 Alt P2 Dimer_5,1673968774274645,nwg482,220307,wt
21,/Imaging/par2_nebd/220309_nwg465/GCN4 dimer 7.1_s241a_3,1673968775418968,nwg465,220309,wt
22,/Imaging/par2_nebd/220309_nwg465/GCN4 dimer 7.1_s241a_5,1673968775516474,nwg465,220309,wt
23,/Imaging/par2_nebd/220309_nwg465/GCN4 dimer 7.1_s241a_10,1673968775910997,nwg465,220309,wt
24,"/Imaging/par2_nebd/210409_n2_tom4,15,60/00",1673968848962862,n2,210409,wt
25,"/Imaging/par2_nebd/210409_n2_tom4,15,60/01",1673968849113783,n2,210409,wt
26,"/Imaging/par2_nebd/210428_n2_tom4,15,60/18",1673968858226697,n2,210428,wt
27,"/Imaging/par2_nebd/210428_n2_tom4,15,60/17",1673968858417804,n2,210428,wt
28,"/Imaging/par2_nebd/211106_nwg240_tom4,15,60/03",1673968875451562,nwg240,211106,wt
29,"/Imaging/par2_nebd/211106_nwg325bal_tom4,15,60/03",1673968876439894,nwg325bal,211106,wt
30,"/Imaging/par2_nebd/211106_nwg325bal_tom4,15,60/04",1673968876514563,nwg325bal,211106,wt
31,"/Imaging/par2_nebd/211106_nwg325bal_tom4,15,60/00",1673968876636348,nwg325bal,211106,wt
32,"/Imaging/par2_nebd/211106_nwg338_tom4,15,60/03",1673968876910291,nwg338,211106,wt
33,"/Imaging/par2_nebd/211106_nwg400_tom4,15,60/00",1673968878499833,nwg400,211106,wt
34,"/Imaging/par2_nebd/211106_nwg400_tom4,15,60/01",1673968878626902,nwg400,211106,wt
35,"/Imaging/par2_nebd/211106_nwg407_tom4,15,60/01",1673968879472657,nwg407,211106,wt
36,"/Imaging/par2_nebd/211112_nwg325_tom4,15,60/00",1673968880211928,lp637,211112,wt
37,"/Imaging/par2_nebd/211112_nwg325bal_tom4,15,60/07",1673968880687764,nwg325bal,211112,wt
38,"/Imaging/par2_nebd/211112_nwg400_tom4,15,60/03",1673968882293457,nwg400,211112,wt
39,"/Imaging/par2_nebd/211112_nwg400_tom4,15,60/00",1673968882461013,nwg400,211112,wt
40,"/Imaging/par2_nebd/211112_nwg407_tom4,15,60/05",1673968883427667,nwg407,211112,wt
41,"/Imaging/par2_nebd/220823_nwg201_tom4,15,60/29",1673968928582353,nwg201,220823,wt
42,"/Imaging/par2_nebd/220823_nwg201_tom4,15,60/28",1673968928767252,nwg201,220823,wt
43,"/Imaging/par2_nebd/220823_nwg201_tom4,15,60/14",1673968929017985,nwg201,220823,wt
44,"/Imaging/par2_nebd/220805_lp637_tom4,15,60/05",1673968929226696,lp637,220805,wt
45,"/Imaging/par2_nebd/220805_nwg489_tom4,15,60/05",1673968930270463,nwg489,220805,wt
46,"/Imaging/par2_nebd/220805_nwg489_tom4,15,60/00",1673968930457252,nwg489,220805,wt
47,"/Imaging/par2_nebd/220805_nwg489_tom4,15,60/09",1673968930567535,nwg489,220805,wt
48,"/Imaging/par2_nebd/220823_lp637_tom4,15,60/10",1673968930884135,lp637,220823,wt
49,"/Imaging/par2_nebd/220823_lp637_tom4,15,60/07",1673968930942414,lp637,220823,wt
50,"/Imaging/par2_nebd/220823_lp637_tom4,15,60/09",1673968931065685,lp637,220823,wt
51,"/Imaging/par2_nebd/220823_lp637_tom4,15,60/08",1673968931106997,lp637,220823,wt
52,"/Imaging/par2_nebd/220823_nwg240_tom4,15,60/36",1673968931510811,nwg240,220823,wt
53,"/Imaging/par2_nebd/220823_nwg246_tom4,15,60/21",1673968931699929,nwg246,220823,wt
54,"/Imaging/par2_nebd/220823_nwg338_tom4,15,60/23",1673968932588659,nwg338,220823,wt
55,"/Imaging/par2_nebd/220823_nwg338_tom4,15,60/25",1673968932658311,nwg338,220823,wt
56,"/Imaging/par2_nebd/220823_nwg369_tom4,15,60/21",1673968933290369,nwg369,220823,wt
57,"/Imaging/par2_nebd/220823_nwg376_tom4,15,60/28",1673968933685064,nwg376,220823,wt
58,"/Imaging/par2_nebd/220823_nwg376_tom4,15,60/26",1673968933700343,nwg376,220823,wt
59,"/Imaging/par2_nebd/220823_nwg376_tom4,15,60/13",1673968933905995,nwg376,220823,wt
60,"/Imaging/par2_nebd/220824_nwg240_tom4,15,60/25",1673968935217409,nwg240,220824,wt
61,"/Imaging/par2_nebd/220824_nwg246_tom4,15,60/39",1673968935756471,nwg246,220824,wt
62,"/Imaging/par2_nebd/220824_nwg398_tom4,15,60/31",1673968936189937,nwg398,220824,wt
63,"/Imaging/par2_nebd/220824_nwg437_tom4,15,60/42",1673968936445986,nwg437,220824,wt
64,"/Imaging/par2_nebd/220824_nwg437_tom4,15,60/41",1673968936547137,nwg437,220824,wt
65,"/Imaging/par2_nebd/220824_nwg437_tom4,15,60/40",1673968936753405,nwg437,220824,wt
66,"/Imaging/par2_nebd/220824_nwg456_tom4,15,60/45",1673968937061767,nwg456,220824,wt
67,"/Imaging/par2_nebd/220824_nwg456_tom4,15,60/46",1673968937241645,nwg456,220824,wt
68,"/Imaging/par2_nebd/220825_nwg495_tom4,15,60/05",1673968937482952,nwg495,220825,wt
69,"/Imaging/par2_nebd/220825_nwg495_tom4,15,60/13",1673968938356492,nwg495,220825,wt
70,"/Imaging/par2_nebd/220825_nwg495_tom4,15,60/14",1673968938417937,nwg495,220825,wt
71,"/Imaging/par2_nebd/220829_nwg482_tom4,15,60/25",1673968939308958,nwg482,220829,wt
72,"/Imaging/par2_nebd/220907_nwg496_tom4,15,60/06",1673968940076866,nwg496,220907,wt
73,"/Imaging/par2_nebd/220826_nwg374_2208241800pkc3_tom4,15,60/35",1673968940717799,nwg374,220826,2208241800pkc3
74,"/Imaging/par2_nebd/220826_nwg369_2208251830par2_tom4,15,60/17",1673968951692291,nwg369,220826,2208251830par2
75,"/Imaging/par2_nebd/220826_nwg369_2208251830par2_tom4,15,60/07",1673968951743944,nwg369,220826,2208251830par2
76,"/Imaging/par2_nebd/220826_nwg369_2208251830par2_tom4,15,60/15",1673968952083876,nwg369,220826,2208251830par2
77,"/Imaging/par2_nebd/220826_lp637_2208251830par2_tom4,15,60/00",1673968952446123,lp637,220826,2208251830par2
78,"/Imaging/par2_nebd/220826_lp637_2208251830par2_tom4,15,60/12",1673968952716413,lp637,220826,2208251830par2
79,"/Imaging/par2_nebd/220826_lp637_2208251830par2_tom4,15,60/14",1673968952880081,lp637,220826,2208251830par2
80,"/Imaging/par2_nebd/220826_lp637_2208260800par2_tom4,15,60/27",1673968953177313,lp637,220826,2208260800par2
81,"/Imaging/par2_nebd/220826_lp637_2208260800par2_tom4,15,60/26",1673968953248435,lp637,220826,2208260800par2
82,"/Imaging/par2_nebd/220826_lp637_2208260800par2_tom4,15,60/44",1673968953305351,lp637,220826,2208260800par2
83,"/Imaging/par2_nebd/220826_lp637_2208260800par2_tom4,15,60/43",1673968953398523,lp637,220826,2208260800par2
84,"/Imaging/par2_nebd/220826_lp637_2208260800par2_tom4,15,60/01",1673968953569918,lp637,220826,2208260800par2
85,"/Imaging/par2_nebd/220826_lp637_2208260800par2_tom4,15,60/23",1673968953679752,lp637,220826,2208260800par2
86,"/Imaging/par2_nebd/220826_nwg201_2208251830par2_tom4,15,60/03",1673968953985695,nwg201,220826,2208251830par2
87,"/Imaging/par2_nebd/220826_nwg201_2208251830par2_tom4,15,60/22",1673968954511558,nwg201,220826,2208251830par2
88,"/Imaging/par2_nebd/220826_nwg201_2208260800par2_tom4,15,60/05",1673968954750715,nwg201,220826,2208260800par2
89,"/Imaging/par2_nebd/220826_nwg201_2208260800par2_tom4,15,60/31",1673968955209787,nwg201,220826,2208260800par2
90,"/Imaging/par2_nebd/220826_nwg246_2208260800par2_tom4,15,60/32",1673968955910564,nwg246,220826,2208260800par2
91,"/Imaging/par2_nebd/220826_nwg246_2208260800par2_tom4,15,60/09",1673968956193482,nwg246,220826,2208260800par2
92,"/Imaging/par2_nebd/220826_nwg246_2208260800par2_tom4,15,60/12",1673968956345978,nwg246,220826,2208260800par2
93,"/Imaging/par2_nebd/220826_nwg369_2208260800par2_tom4,15,60/33",1673968956573618,nwg369,220826,2208260800par2
94,"/Imaging/par2_nebd/220826_nwg369_2208260800par2_tom4,15,60/18",1673968957098997,nwg369,220826,2208260800par2
95,"/Imaging/par2_nebd/220826_nwg369_2208260800par2_tom4,15,60/14",1673968957394844,nwg369,220826,2208260800par2
96,"/Imaging/par2_nebd/220902_nwg240_2209011900par2_tom4,15,60/34",1673968958703182,nwg240,220902,2209011900par2
97,"/Imaging/par2_nebd/220902_nwg240_2209020830par2_tom4,15,60/20",1673968959109188,nwg240,220902,2209020830par2
98,"/Imaging/par2_nebd/220902_nwg240_2209020830par2_tom4,15,60/28",1673968959311363,nwg240,220902,2209020830par2
99,"/Imaging/par2_nebd/220902_nwg240_2209020830par2_tom4,15,60/38",1673968959509198,nwg240,220902,2209020830par2
100,"/Imaging/par2_nebd/220902_nwg338_2209011900par2_tom4,15,60/34",1673968959790003,nwg338,220902,2209011900par2
101,"/Imaging/par2_nebd/220902_nwg338_2209011900par2_tom4,15,60/07",1673968959903253,nwg338,220902,2209011900par2
102,"/Imaging/par2_nebd/220902_nwg338_2209020830par2_tom4,15,60/40",1673968961002386,nwg338,220902,2209020830par2
103,"/Imaging/par2_nebd/220902_nwg338_2209020830par2_tom4,15,60/25",1673968961148733,nwg338,220902,2209020830par2
104,"/Imaging/par2_nebd/220902_nwg376_2209011900par2_tom4,15,60/09",1673968961522063,nwg376,220902,2209011900par2
105,"/Imaging/par2_nebd/220902_nwg376_2209011900par2_tom4,15,60/37",1673968961561629,nwg376,220902,2209011900par2
106,"/Imaging/par2_nebd/220902_nwg376_2209020830par2_tom4,15,60/33",1673968962156055,nwg376,220902,2209020830par2
107,"/Imaging/par2_nebd/220902_nwg376_2209020830par2_tom4,15,60/27",1673968962278884,nwg376,220902,2209020830par2
108,"/Imaging/par2_nebd/200131_nwg201_2001310930par2_tom4,15,60/66",1673968987523244,nwg201,200131,2001310930par2
109,"/Imaging/par2_nebd/200131_nwg201_2001310930par2_tom4,15,60/35",1673968988004955,nwg201,200131,2001310930par2
110,"/Imaging/par2_nebd/200129_lp637_wt_tom4,15,60/15,60_5",1673968991908494,lp637,200129,wt
111,"/Imaging/par2_nebd/200129_lp637_wt_tom4,15,60/15,60_2",1673968992181721,lp637,200129,wt
112,"/Imaging/par2_nebd/200129_lp637_wt_tom4,15,60/15,60_",1673968992394886,lp637,200129,wt
113,"/Imaging/par2_nebd/200129_n2_wt_tom4,15,60/03",1673968993701969,n2,200129,wt
114,"/Imaging/par2_nebd/200129_n2_wt_tom4,15,60/00",1673968994051975,n2,200129,wt
115,"/Imaging/par2_nebd/200129_nwg246_wt_tom4,15,60/01",1673968995002187,nwg246,200129,wt
116,"/Imaging/par2_nebd/200131_lp637_2001301800par2_tom4,15,60/03",1673968995306216,lp637,200131,2001301800par2
117,"/Imaging/par2_nebd/200131_lp637_2001301800par2_tom4,15,60/04",1673968995400162,lp637,200131,2001301800par2
118,"/Imaging/par2_nebd/200131_lp637_2001301800par2_tom4,15,60/02",1673968995496344,lp637,200131,2001301800par2
119,"/Imaging/par2_nebd/200131_lp637_2001301800par2_tom4,15,60/00",1673968995639406,lp637,200131,2001301800par2
120,"/Imaging/par2_nebd/200131_lp637_2001310930par2_tom4,15,60/34",1673968996888541,lp637,200131,2001310930par2
121,"/Imaging/par2_nebd/211117_nwg369_wt_tom4,15,60/00",1673968997951217,nwg369,211117,wt
122,"/Imaging/par2_nebd/200131_lp637_2001310930par2_tom4,15,60/30",1673968998194332,lp637,200131,2001310930par2
123,"/Imaging/par2_nebd/211113_nwg201_11121830par2rnai_tom4,15,60/04",1673968998296388,nwg201,211113,11121830par2rnai
124,"/Imaging/par2_nebd/200131_lp637_2001310930par2_tom4,15,60/64",1673968998872677,lp637,200131,2001310930par2
125,"/Imaging/par2_nebd/211117_nwg201_11161900par2_tom4,15,60/02",1673968999845624,nwg201,211117,11161900par2
126,"/Imaging/par2_nebd/211117_nwg201_11161900par2_tom4,15,60/00",1673968999915109,nwg201,211117,11161900par2
127,"/Imaging/par2_nebd/211117_nwg201_11161900par2_tom4,15,60/01",1673969000029966,nwg201,211117,11161900par2
128,"/Imaging/par2_nebd/211117_nwg201_11170730par2_tom4,15,60/03",1673969000168486,nwg201,211117,11170730par2
129,"/Imaging/par2_nebd/211117_nwg201_11170730par2_tom4,15,60/04",1673969000239507,nwg201,211117,11170730par2
130,"/Imaging/par2_nebd/211117_nwg201_11170730par2_tom4,15,60/10",1673969000529898,nwg201,211117,11170730par2
131,"/Imaging/par2_nebd/200131_nwg201_2001301800par2_tom4,15,60/07",1673969000756553,nwg201,200131,2001301800par2
132,"/Imaging/par2_nebd/200131_nwg201_2001301800par2_tom4,15,60/09",1673969000978002,nwg201,200131,2001301800par2
133,"/Imaging/par2_nebd/200131_nwg201_2001301800par2_tom4,15,60/08",1673969001051201,nwg201,200131,2001301800par2
134,"/Imaging/par2_nebd/200131_nwg201_wt_tom4,15,60/20",1673969001501854,nwg201,200131,wt
135,"/Imaging/par2_nebd/200131_nwg201_wt_tom4,15,60/21",1673969001946044,nwg201,200131,wt
136,"/Imaging/par2_nebd/200131_nwg201_wt_tom4,15,60/22",1673969002238718,nwg201,200131,wt
137,"/Imaging/par2_nebd/211117_nwg369_11170730par2_tom4,15,60/01",1673969002418386,nwg369,211117,11170730par2
138,"/Imaging/par2_nebd/200131_nwg240_2001301800par2_tom4,15,60/06",1673969003036669,nwg240,200131,2001301800par2
139,"/Imaging/par2_nebd/200131_nwg240_2001310930par2_tom4,15,60/44",1673969003288885,nwg240,200131,2001310930par2
140,"/Imaging/par2_nebd/211118_nwg325_11171800par2_tom4,15,60/03",1673969003783413,lp637,211118,11171800par2
141,"/Imaging/par2_nebd/200131_nwg246_2001301800par2_tom4,15,60/18",1673969003788266,nwg246,200131,2001301800par2
142,"/Imaging/par2_nebd/211118_nwg325_11171800par2_tom4,15,60/00",1673969003973078,lp637,211118,11171800par2
143,"/Imaging/par2_nebd/211118_nwg325_11180930par2_tom4,15,60/03",1673969004194809,lp637,211118,11180930par2
144,"/Imaging/par2_nebd/200131_nwg246_2001301800par2_tom4,15,60/13",1673969004746545,nwg246,200131,2001301800par2
145,"/Imaging/par2_nebd/200131_nwg246_2001301800par2_tom4,15,60/14",1673969004945109,nwg246,200131,2001301800par2
146,"/Imaging/par2_nebd/211118_nwg325_11180930par2_tom4,15,60/06",1673969005032425,lp637,211118,11180930par2
147,"/Imaging/par2_nebd/211118_nwg325_11180930par2_tom4,15,60/15",1673969005115906,lp637,211118,11180930par2
148,"/Imaging/par2_nebd/211118_nwg325_11180930par2_tom4,15,60/13",1673969005311243,lp637,211118,11180930par2
149,"/Imaging/par2_nebd/200131_nwg246_2001310930par2_tom4,15,60/51",1673969005328478,nwg246,200131,2001310930par2
150,"/Imaging/par2_nebd/200131_nwg246_2001310930par2_tom4,15,60/73",1673969005659525,nwg246,200131,2001310930par2
151,"/Imaging/par2_nebd/200131_nwg246_2001310930par2_tom4,15,60/72",1673969005719403,nwg246,200131,2001310930par2
152,"/Imaging/par2_nebd/200131_nwg246_2001310930par2_tom4,15,60/43",1673969005971553,nwg246,200131,2001310930par2
153,"/Imaging/par2_nebd/200131_nwg246_2001310930par2_tom4,15,60/55",1673969006551202,nwg246,200131,2001310930par2
154,"/Imaging/par2_nebd/210428_nwg240_tom4,15,60/09",1673969026571042,nwg240,210428,wt
155,"/Imaging/par2_nebd/210428_nwg338_tom4,15,60/04",1673969039354399,nwg338,210428,wt
156,"/Imaging/par2_nebd/210722_lp637_tom4,15,60/02",1673969063259027,lp637,210722,wt
157,"/Imaging/par2_nebd/210428_lp637_tom4,15,60/13",1673969064341208,lp637,210428,wt
158,"/Imaging/par2_nebd/210722_nwg376_tom4,15,60/03",1673969070828873,nwg376,210722,wt
159,"/Imaging/par2_nebd/210722_nwg376_tom4,15,60/00",1673969071683385,nwg376,210722,wt
160,"/Imaging/par2_nebd/220902_n2_tom4,15,60/16",1673969189761114,n2,220902,wt
161,/Imaging/par2_nebd/220307_n2/N2_7,16739687717771847,n2,220307,wt
162,/Imaging/par2_nebd/220307_n2/N2_9,16739687718134508,n2,220307,wt
163,/Imaging/par2_nebd/220307_n2/N2_8,16739687719052413,n2,220307,wt
164,/Imaging/par2_nebd/220307_n2/N2_,16739687720951927,n2,220307,wt
165,/Imaging/par2_nebd/220307_n2/N2_2,16739687721861348,n2,220307,wt
166,/Imaging/par2_nebd/220307_n2/N2_10,16739687722334762,n2,220307,wt
167,/Imaging/par2_nebd/220307_nwg456/KK571-QxNWG0398_7,16739687724468925,nwg456,220307,wt
168,/Imaging/par2_nebd/220307_nwg456/KK571-QxNWG0398_1,16739687725491717,nwg456,220307,wt
169,/Imaging/par2_nebd/220307_nwg456/KK571-QxNWG0398_10,16739687728618228,nwg456,220307,wt
170,/Imaging/par2_nebd/220307_nwg456/KK571-QxNWG0398_2,16739687729859016,nwg456,220307,wt
171,/Imaging/par2_nebd/220307_nwg456/KK571-QxNWG0398_12,16739687730903037,nwg456,220307,wt
172,/Imaging/par2_nebd/220307_nwg481/02,16739687731856794,nwg481,220307,wt
173,/Imaging/par2_nebd/220307_nwg481/11,16739687734876285,nwg481,220307,wt
174,/Imaging/par2_nebd/220307_nwg481/00,16739687735581522,nwg481,220307,wt
175,/Imaging/par2_nebd/220307_nwg481/06,16739687736732657,nwg481,220307,wt
176,/Imaging/par2_nebd/220307_nwg481/01,16739687737466345,nwg481,220307,wt
177,/Imaging/par2_nebd/220307_nwg481/08,16739687737773318,nwg481,220307,wt
178,/Imaging/par2_nebd/220307_nwg481/09,16739687738404467,nwg481,220307,wt
179,/Imaging/par2_nebd/220307_nwg481/07,16739687738813534,nwg481,220307,wt
180,/Imaging/par2_nebd/220307_nwg482/3.7 Alt P2 Dimer_13,16739687739946642,nwg482,220307,wt
181,/Imaging/par2_nebd/220307_nwg482/3.7 Alt P2 Dimer_12,16739687740889325,nwg482,220307,wt
182,/Imaging/par2_nebd/220307_nwg482/3.7 Alt P2 Dimer_,16739687741186752,nwg482,220307,wt
183,/Imaging/par2_nebd/220307_nwg482/3.7 Alt P2 Dimer_2,16739687742223468,nwg482,220307,wt
184,/Imaging/par2_nebd/220307_nwg482/3.7 Alt P2 Dimer_3,16739687742903764,nwg482,220307,wt
185,/Imaging/par2_nebd/220307_nwg482/3.7 Alt P2 Dimer_10,16739687743711967,nwg482,220307,wt
186,/Imaging/par2_nebd/220307_nwg482/3.7 Alt P2 Dimer_11,16739687744336116,nwg482,220307,wt
187,/Imaging/par2_nebd/220307_nwg482/3.7 Alt P2 Dimer_8,16739687744915276,nwg482,220307,wt
188,/Imaging/par2_nebd/220307_nwg482/3.7 Alt P2 Dimer_6,16739687745693395,nwg482,220307,wt
189,/Imaging/par2_nebd/220307_nwg482/3.7 Alt P2 Dimer_1,16739687746229725,nwg482,220307,wt
190,/Imaging/par2_nebd/220307_nwg482/3.7 Alt P2 Dimer_7,16739687746858568,nwg482,220307,wt
191,/Imaging/par2_nebd/220307_nwg482/3.7 Alt P2 Dimer_9,16739687747358434,nwg482,220307,wt
192,/Imaging/par2_nebd/220309_n2/N2_1,16739687748043716,n2,220309,wt
193,/Imaging/par2_nebd/220309_n2/N2_6,16739687748528492,n2,220309,wt
194,/Imaging/par2_nebd/220309_n2/N2_3,16739687748925688,n2,220309,wt
195,/Imaging/par2_nebd/220309_n2/N2_4,16739687749515963,n2,220309,wt
196,/Imaging/par2_nebd/220309_n2/N2_,16739687750005372,n2,220309,wt
197,/Imaging/par2_nebd/220309_n2/N2_5,16739687750918038,n2,220309,wt
198,/Imaging/par2_nebd/220309_n2/N2_2,16739687751446843,n2,220309,wt
199,/Imaging/par2_nebd/220309_nwg465/GCN4 dimer 7.1_s241a_13,16739687752213259,nwg465,220309,wt
200,/Imaging/par2_nebd/220309_nwg465/GCN4 dimer 7.1_s241a_4,16739687754667592,nwg465,220309,wt
201,/Imaging/par2_nebd/220309_nwg465/GCN4 dimer 7.1_s241a_2,16739687755764475,nwg465,220309,wt
202,/Imaging/par2_nebd/220309_nwg465/GCN4 dimer 7.1_s241a_9,16739687758366086,nwg465,220309,wt
203,/Imaging/par2_nebd/220309_nwg465/GCN4 dimer 7.1_s241a_11,16739687759207644,nwg465,220309,wt
204,"/Imaging/par2_nebd/210930_nwg408_tom4,15,60/01",16739688474102073,nwg408,210930,wt
205,"/Imaging/par2_nebd/210409_n2_tom4,15,60/03",16739688485844903,n2,210409,wt
206,"/Imaging/par2_nebd/210409_n2_tom4,15,60/04",16739688486463957,n2,210409,wt
207,"/Imaging/par2_nebd/210409_n2_tom4,15,60/05",16739688487308133,n2,210409,wt
208,"/Imaging/par2_nebd/210409_n2_tom4,15,60/02",16739688488490868,n2,210409,wt
209,"/Imaging/par2_nebd/210428_n2_tom4,15,60/16",16739688583589568,n2,210428,wt
210,"/Imaging/par2_nebd/210428_n2_tom4,15,60/19",16739688585560102,n2,210428,wt
211,"/Imaging/par2_nebd/210521_nwg351_tom4,15,60/03",16739688607222402,nwg351,210521,wt
212,"/Imaging/par2_nebd/210521_nwg351_tom4,15,60/04",16739688608054736,nwg351,210521,wt
213,"/Imaging/par2_nebd/210521_nwg351_tom4,15,60/02",16739688608874214,nwg351,210521,wt
214,"/Imaging/par2_nebd/210521_nwg351_tom4,15,60/00",16739688609887514,nwg351,210521,wt
215,"/Imaging/par2_nebd/210521_nwg351_tom4,15,60/01",16739688612000508,nwg351,210521,wt
216,"/Imaging/par2_nebd/210917_nwg400_tom4,15,60/03",16739688613247151,nwg400,210917,wt
217,"/Imaging/par2_nebd/210917_nwg400_tom4,15,60/02",16739688613869772,nwg400,210917,wt
218,"/Imaging/par2_nebd/210917_nwg400_tom4,15,60/00",16739688614687836,nwg400,210917,wt
219,"/Imaging/par2_nebd/210930_nwg407_tom4,15,60/01",16739688616144862,nwg407,210930,wt
220,"/Imaging/par2_nebd/211106_nwg325_tom4,15,60/03",16739688749896195,lp637,211106,wt
221,"/Imaging/par2_nebd/211106_nwg325_tom4,15,60/04",16739688750732207,lp637,211106,wt
222,"/Imaging/par2_nebd/211106_nwg325_tom4,15,60/02",16739688751212888,lp637,211106,wt
223,"/Imaging/par2_nebd/211106_nwg325_tom4,15,60/00",16739688751786547,lp637,211106,wt
224,"/Imaging/par2_nebd/211106_nwg325_tom4,15,60/01",16739688753361826,lp637,211106,wt
225,"/Imaging/par2_nebd/211106_nwg240_tom4,15,60/04",16739688755158238,nwg240,211106,wt
226,"/Imaging/par2_nebd/211106_nwg240_tom4,15,60/02",16739688755605264,nwg240,211106,wt
227,"/Imaging/par2_nebd/211106_nwg240_tom4,15,60/00",16739688756178424,nwg240,211106,wt
228,"/Imaging/par2_nebd/211106_nwg240_tom4,15,60/01",16739688757926068,nwg240,211106,wt
229,"/Imaging/par2_nebd/211106_nwg325bal_tom4,15,60/02",16739688765704362,nwg325bal,211106,wt
230,"/Imaging/par2_nebd/211106_nwg325bal_tom4,15,60/01",16739688767899725,nwg325bal,211106,wt
231,"/Imaging/par2_nebd/211106_nwg338_tom4,15,60/04",16739688769846632,nwg338,211106,wt
232,"/Imaging/par2_nebd/211106_nwg338_tom4,15,60/02",16739688770365393,nwg338,211106,wt
233,"/Imaging/par2_nebd/211106_nwg338_tom4,15,60/00",16739688771010065,nwg338,211106,wt
234,"/Imaging/par2_nebd/211106_nwg338_tom4,15,60/01",16739688772479773,nwg338,211106,wt
235,"/Imaging/par2_nebd/211106_nwg351_tom4,15,60/03",16739688778547325,nwg351,211106,wt
236,"/Imaging/par2_nebd/211106_nwg351_tom4,15,60/04",16739688779292014,nwg351,211106,wt
237,"/Imaging/par2_nebd/211106_nwg351_tom4,15,60/02",16739688779810772,nwg351,211106,wt
238,"/Imaging/par2_nebd/211106_nwg351_tom4,15,60/00",16739688780449393,nwg351,211106,wt
239,"/Imaging/par2_nebd/211106_nwg351_tom4,15,60/01",16739688781981096,nwg351,211106,wt
240,"/Imaging/par2_nebd/211106_nwg400_tom4,15,60/03",16739688783017662,nwg400,211106,wt
241,"/Imaging/par2_nebd/211106_nwg400_tom4,15,60/04",16739688783641357,nwg400,211106,wt
242,"/Imaging/par2_nebd/211106_nwg400_tom4,15,60/02",16739688784200845,nwg400,211106,wt
243,"/Imaging/par2_nebd/211106_nwg407_tom4,15,60/03",16739688791138597,nwg407,211106,wt
244,"/Imaging/par2_nebd/211106_nwg407_tom4,15,60/04",16739688791954281,nwg407,211106,wt
245,"/Imaging/par2_nebd/211106_nwg407_tom4,15,60/00",16739688793192315,nwg407,211106,wt
246,"/Imaging/par2_nebd/211112_nwg240_tom4,15,60/02",16739688795525148,nwg240,211112,wt
247,"/Imaging/par2_nebd/211112_nwg240_tom4,15,60/00",16739688796045015,nwg240,211112,wt
248,"/Imaging/par2_nebd/211112_nwg240_tom4,15,60/01",16739688797341375,nwg240,211112,wt
249,"/Imaging/par2_nebd/211112_nwg325_tom4,15,60/02",16739688801584473,lp637,211112,wt
250,"/Imaging/par2_nebd/211112_nwg325_tom4,15,60/01",16739688803635406,lp637,211112,wt
251,"/Imaging/par2_nebd/211112_nwg325bal_tom4,15,60/03",16739688805087366,nwg325bal,211112,wt
252,"/Imaging/par2_nebd/211112_nwg325bal_tom4,15,60/04",16739688805828285,nwg325bal,211112,wt
253,"/Imaging/par2_nebd/211112_nwg325bal_tom4,15,60/05",16739688806350334,nwg325bal,211112,wt
254,"/Imaging/par2_nebd/211112_nwg325bal_tom4,15,60/08",16739688807590723,nwg325bal,211112,wt
255,"/Imaging/par2_nebd/211112_nwg325bal_tom4,15,60/06",16739688809545686,nwg325bal,211112,wt
256,"/Imaging/par2_nebd/211112_nwg338_tom4,15,60/03",16739688811037574,nwg338,211112,wt
257,"/Imaging/par2_nebd/211112_nwg338_tom4,15,60/02",16739688811442113,nwg338,211112,wt
258,"/Imaging/par2_nebd/211112_nwg338_tom4,15,60/00",16739688812122948,nwg338,211112,wt
259,"/Imaging/par2_nebd/211112_nwg338_tom4,15,60/01",16739688813660562,nwg338,211112,wt
260,"/Imaging/par2_nebd/211112_nwg351_tom4,15,60/03",16739688818572676,nwg351,211112,wt
261,"/Imaging/par2_nebd/211112_nwg351_tom4,15,60/04",16739688819269097,nwg351,211112,wt
262,"/Imaging/par2_nebd/211112_nwg351_tom4,15,60/02",16739688819821036,nwg351,211112,wt
263,"/Imaging/par2_nebd/211112_nwg351_tom4,15,60/00",16739688820431228,nwg351,211112,wt
264,"/Imaging/par2_nebd/211112_nwg351_tom4,15,60/01",16739688821869464,nwg351,211112,wt
265,"/Imaging/par2_nebd/211112_nwg400_tom4,15,60/04",16739688823734653,nwg400,211112,wt
266,"/Imaging/par2_nebd/211112_nwg400_tom4,15,60/01",16739688826034048,nwg400,211112,wt
267,"/Imaging/par2_nebd/211112_nwg407_tom4,15,60/03",16739688832956827,nwg407,211112,wt
268,"/Imaging/par2_nebd/211112_nwg407_tom4,15,60/04",16739688833619444,nwg407,211112,wt
269,"/Imaging/par2_nebd/211112_nwg407_tom4,15,60/02",16739688835063252,nwg407,211112,wt
270,"/Imaging/par2_nebd/211112_nwg407_tom4,15,60/00",16739688835709054,nwg407,211112,wt
271,"/Imaging/par2_nebd/211112_nwg407_tom4,15,60/01",16739688837184887,nwg407,211112,wt
272,"/Imaging/par2_nebd/220823_nwg201_tom4,15,60/16",16739689286812112,nwg201,220823,wt
273,"/Imaging/par2_nebd/220823_nwg201_tom4,15,60/15",16739689288030462,nwg201,220823,wt
274,"/Imaging/par2_nebd/220823_nwg201_tom4,15,60/13",16739689289591432,nwg201,220823,wt
275,"/Imaging/par2_nebd/220805_lp637_tom4,15,60/04",16739689291887221,lp637,220805,wt
276,"/Imaging/par2_nebd/220805_lp637_tom4,15,60/02",16739689292817001,lp637,220805,wt
277,"/Imaging/par2_nebd/220805_lp637_tom4,15,60/00",16739689293403606,lp637,220805,wt
278,"/Imaging/par2_nebd/220805_lp637_tom4,15,60/01",16739689294864464,lp637,220805,wt
279,"/Imaging/par2_nebd/220805_lp637_tom4,15,60/06",16739689295399067,lp637,220805,wt
280,"/Imaging/par2_nebd/220805_nwg376_tom4,15,60/03",16739689296607993,nwg376,220805,wt
281,"/Imaging/par2_nebd/220805_nwg376_tom4,15,60/04",16739689297239869,nwg376,220805,wt
282,"/Imaging/par2_nebd/220805_nwg376_tom4,15,60/02",16739689297725284,nwg376,220805,wt
283,"/Imaging/par2_nebd/220805_nwg376_tom4,15,60/00",16739689298387663,nwg376,220805,wt
284,"/Imaging/par2_nebd/220805_nwg376_tom4,15,60/01",16739689299738998,nwg376,220805,wt
285,"/Imaging/par2_nebd/220805_nwg489_tom4,15,60/03",16739689301308234,nwg489,220805,wt
286,"/Imaging/par2_nebd/220805_nwg489_tom4,15,60/04",16739689302291067,nwg489,220805,wt
287,"/Imaging/par2_nebd/220805_nwg489_tom4,15,60/02",16739689303318725,nwg489,220805,wt
288,"/Imaging/par2_nebd/220805_nwg489_tom4,15,60/07",16739689303854918,nwg489,220805,wt
289,"/Imaging/par2_nebd/220805_nwg489_tom4,15,60/01",16739689307302034,nwg489,220805,wt
290,"/Imaging/par2_nebd/220805_nwg489_tom4,15,60/06",16739689307932348,nwg489,220805,wt
291,"/Imaging/par2_nebd/220823_lp637_tom4,15,60/06",16739689312288568,lp637,220823,wt
292,"/Imaging/par2_nebd/220823_nwg240_tom4,15,60/35",16739689313239458,nwg240,220823,wt
293,"/Imaging/par2_nebd/220823_nwg240_tom4,15,60/33",16739689313425148,nwg240,220823,wt
294,"/Imaging/par2_nebd/220823_nwg240_tom4,15,60/38",16739689314651656,nwg240,220823,wt
295,"/Imaging/par2_nebd/220823_nwg240_tom4,15,60/37",16739689315691981,nwg240,220823,wt
296,"/Imaging/par2_nebd/220823_nwg246_tom4,15,60/22",16739689318094985,nwg246,220823,wt
297,"/Imaging/par2_nebd/220823_nwg338_tom4,15,60/03",16739689319410734,nwg338,220823,wt
298,"/Imaging/par2_nebd/220823_nwg338_tom4,15,60/04",16739689319930766,nwg338,220823,wt
299,"/Imaging/par2_nebd/220823_nwg338_tom4,15,60/32",16739689320559509,nwg338,220823,wt
300,"/Imaging/par2_nebd/220823_nwg338_tom4,15,60/33",16739689320616446,nwg338,220823,wt
301,"/Imaging/par2_nebd/220823_nwg338_tom4,15,60/05",16739689322397728,nwg338,220823,wt
302,"/Imaging/par2_nebd/220823_nwg338_tom4,15,60/26",16739689323267028,nwg338,220823,wt
303,"/Imaging/par2_nebd/220823_nwg338_tom4,15,60/06",16739689325049772,nwg338,220823,wt
304,"/Imaging/par2_nebd/220823_nwg338_tom4,15,60/24",16739689325328162,nwg338,220823,wt
305,"/Imaging/par2_nebd/220823_nwg369_tom4,15,60/20",16739689329392629,nwg369,220823,wt
306,"/Imaging/par2_nebd/220823_nwg369_tom4,15,60/18",16739689330002131,nwg369,220823,wt
307,"/Imaging/par2_nebd/220823_nwg369_tom4,15,60/29",16739689330371492,nwg369,220823,wt
308,"/Imaging/par2_nebd/220823_nwg369_tom4,15,60/16",16739689331320958,nwg369,220823,wt
309,"/Imaging/par2_nebd/220823_nwg369_tom4,15,60/17",16739689331735198,nwg369,220823,wt
310,"/Imaging/par2_nebd/220823_nwg369_tom4,15,60/19",16739689332488592,nwg369,220823,wt
311,"/Imaging/par2_nebd/220823_nwg369_tom4,15,60/31",16739689333688607,nwg369,220823,wt
312,"/Imaging/par2_nebd/220823_nwg376_tom4,15,60/27",16739689336096244,nwg376,220823,wt
313,"/Imaging/par2_nebd/220823_nwg376_tom4,15,60/12",16739689337839544,nwg376,220823,wt
314,"/Imaging/par2_nebd/220823_nwg398_tom4,15,60/35",16739689340027962,nwg398,220823,wt
315,"/Imaging/par2_nebd/220823_nwg398_tom4,15,60/36",16739689340575109,nwg398,220823,wt
316,"/Imaging/par2_nebd/220823_nwg437_tom4,15,60/13",16739689342015717,nwg437,220823,wt
317,"/Imaging/par2_nebd/220823_nwg482_tom4,15,60/11",16739689342953897,nwg482,220823,wt
318,"/Imaging/par2_nebd/220823_nwg482_tom4,15,60/10",16739689343747995,nwg482,220823,wt
319,"/Imaging/par2_nebd/220823_nwg482_tom4,15,60/23",16739689344452035,nwg482,220823,wt
320,"/Imaging/par2_nebd/220823_nwg482_tom4,15,60/12",16739689345124984,nwg482,220823,wt
321,"/Imaging/par2_nebd/220823_nwg482_tom4,15,60/22",16739689346358912,nwg482,220823,wt
322,"/Imaging/par2_nebd/220824_nwg201_tom4,15,60/32",16739689347348025,nwg201,220824,wt
323,"/Imaging/par2_nebd/220824_nwg201_tom4,15,60/33",16739689347414143,nwg201,220824,wt
324,"/Imaging/par2_nebd/220824_nwg201_tom4,15,60/31",16739689348203883,nwg201,220824,wt
325,"/Imaging/par2_nebd/220824_nwg240_tom4,15,60/26",16739689349073431,nwg240,220824,wt
326,"/Imaging/par2_nebd/220824_nwg240_tom4,15,60/24",16739689349877286,nwg240,220824,wt
327,"/Imaging/par2_nebd/220824_nwg240_tom4,15,60/23",16739689350548952,nwg240,220824,wt
328,"/Imaging/par2_nebd/220824_nwg246_tom4,15,60/35",16739689353370655,nwg246,220824,wt
329,"/Imaging/par2_nebd/220824_nwg246_tom4,15,60/34",16739689353699567,nwg246,220824,wt
330,"/Imaging/par2_nebd/220824_nwg246_tom4,15,60/33",16739689354112725,nwg246,220824,wt
331,"/Imaging/par2_nebd/220824_nwg246_tom4,15,60/38",16739689355492132,nwg246,220824,wt
332,"/Imaging/par2_nebd/220824_nwg246_tom4,15,60/36",16739689356055114,nwg246,220824,wt
333,"/Imaging/par2_nebd/220824_nwg246_tom4,15,60/37",16739689356925142,nwg246,220824,wt
334,"/Imaging/par2_nebd/220824_nwg398_tom4,15,60/27",16739689359470499,nwg398,220824,wt
335,"/Imaging/par2_nebd/220824_nwg398_tom4,15,60/29",16739689359607942,nwg398,220824,wt
336,"/Imaging/par2_nebd/220824_nwg398_tom4,15,60/28",16739689360946982,nwg398,220824,wt
337,"/Imaging/par2_nebd/220824_nwg398_tom4,15,60/26",16739689361084025,nwg398,220824,wt
338,"/Imaging/par2_nebd/220824_nwg398_tom4,15,60/30",16739689362660296,nwg398,220824,wt
339,"/Imaging/par2_nebd/220824_nwg437_tom4,15,60/50",16739689363720016,nwg437,220824,wt
340,"/Imaging/par2_nebd/220824_nwg437_tom4,15,60/39",16739689364803448,nwg437,220824,wt
341,"/Imaging/par2_nebd/220824_nwg437_tom4,15,60/48",16739689366195657,nwg437,220824,wt
342,"/Imaging/par2_nebd/220824_nwg437_tom4,15,60/49",16739689366722991,nwg437,220824,wt
343,"/Imaging/par2_nebd/220824_nwg437_tom4,15,60/47",16739689368559783,nwg437,220824,wt
344,"/Imaging/par2_nebd/220824_nwg456_tom4,15,60/50",16739689369490829,nwg456,220824,wt
345,"/Imaging/par2_nebd/220824_nwg456_tom4,15,60/42",16739689370043142,nwg456,220824,wt
346,"/Imaging/par2_nebd/220824_nwg456_tom4,15,60/44",16739689370698302,nwg456,220824,wt
347,"/Imaging/par2_nebd/220824_nwg456_tom4,15,60/43",16739689371848934,nwg456,220824,wt
348,"/Imaging/par2_nebd/220824_nwg456_tom4,15,60/47",16739689374164286,nwg456,220824,wt
349,"/Imaging/par2_nebd/220825_nwg495_tom4,15,60/11",16739689375664628,nwg495,220825,wt
350,"/Imaging/par2_nebd/220825_nwg495_tom4,15,60/10",16739689378590765,nwg495,220825,wt
351,"/Imaging/par2_nebd/220825_nwg495_tom4,15,60/07",16739689378980274,nwg495,220825,wt
352,"/Imaging/par2_nebd/220825_nwg495_tom4,15,60/09",16739689380226789,nwg495,220825,wt
353,"/Imaging/par2_nebd/220825_nwg495_tom4,15,60/08",16739689380484898,nwg495,220825,wt
354,"/Imaging/par2_nebd/220825_nwg495_tom4,15,60/06",16739689381664076,nwg495,220825,wt
355,"/Imaging/par2_nebd/220825_nwg495_tom4,15,60/15",16739689381776152,nwg495,220825,wt
356,"/Imaging/par2_nebd/220825_nwg497_tom4,15,60/11",16739689384919097,nwg497,220825,wt
357,"/Imaging/par2_nebd/220825_nwg497_tom4,15,60/12",16739689385768468,nwg497,220825,wt
358,"/Imaging/par2_nebd/220825_nwg497_tom4,15,60/13",16739689386915846,nwg497,220825,wt
359,"/Imaging/par2_nebd/220826_nwg456_tom4,15,60/35",16739689387942998,nwg456,220826,wt
360,"/Imaging/par2_nebd/220826_nwg456_tom4,15,60/36",16739689388450162,nwg456,220826,wt
361,"/Imaging/par2_nebd/220826_nwg456_tom4,15,60/37",16739689389495246,nwg456,220826,wt
362,"/Imaging/par2_nebd/220829_nwg482_tom4,15,60/27",16739689390818017,nwg482,220829,wt
363,"/Imaging/par2_nebd/220829_nwg482_tom4,15,60/28",16739689391503036,nwg482,220829,wt
364,"/Imaging/par2_nebd/220829_nwg482_tom4,15,60/26",16739689391631172,nwg482,220829,wt
365,"/Imaging/par2_nebd/220907_nwg496_tom4,15,60/03",16739689394497116,nwg496,220907,wt
366,"/Imaging/par2_nebd/220907_nwg496_tom4,15,60/04",16739689395098913,nwg496,220907,wt
367,"/Imaging/par2_nebd/220907_nwg496_tom4,15,60/05",16739689395539696,nwg496,220907,wt
368,"/Imaging/par2_nebd/220907_nwg496_tom4,15,60/02",16739689396196911,nwg496,220907,wt
369,"/Imaging/par2_nebd/220907_nwg496_tom4,15,60/07",16739689396879597,nwg496,220907,wt
370,"/Imaging/par2_nebd/220907_nwg496_tom4,15,60/00",16739689397620063,nwg496,220907,wt
371,"/Imaging/par2_nebd/220907_nwg496_tom4,15,60/08",16739689398384209,nwg496,220907,wt
372,"/Imaging/par2_nebd/220907_nwg496_tom4,15,60/01",16739689399935937,nwg496,220907,wt
373,"/Imaging/par2_nebd/220826_nwg374_2208241800pkc3_tom4,15,60/42",16739689407926357,nwg374,220826,2208241800pkc3
374,"/Imaging/par2_nebd/220826_nwg374_2208241800pkc3_tom4,15,60/44",16739689407985349,nwg374,220826,2208241800pkc3
375,"/Imaging/par2_nebd/220826_nwg374_2208241800pkc3_tom4,15,60/43",16739689408883626,nwg374,220826,2208241800pkc3
376,"/Imaging/par2_nebd/220826_nwg374_2208241800pkc3_tom4,15,60/38",16739689409692736,nwg374,220826,2208241800pkc3
377,"/Imaging/par2_nebd/220826_nwg374_2208241800pkc3_tom4,15,60/36",16739689410154235,nwg374,220826,2208241800pkc3
378,"/Imaging/par2_nebd/220826_nwg374_2208241800pkc3_tom4,15,60/37",16739689410929854,nwg374,220826,2208241800pkc3
379,"/Imaging/par2_nebd/220826_nwg465_2208241100pkc3_tom4,15,60/42",16739689412152908,nwg465,220826,2208241100pkc3
380,"/Imaging/par2_nebd/220826_nwg465_2208241100pkc3_tom4,15,60/43",16739689412580535,nwg465,220826,2208241100pkc3
381,"/Imaging/par2_nebd/220826_nwg465_2208241100pkc3_tom4,15,60/38",16739689413489304,nwg465,220826,2208241100pkc3
382,"/Imaging/par2_nebd/220826_nwg465_2208241100pkc3_tom4,15,60/37",16739689414362686,nwg465,220826,2208241100pkc3
383,"/Imaging/par2_nebd/220826_nwg465_2208241100pkc3_tom4,15,60/39",16739689414921334,nwg465,220826,2208241100pkc3
384,"/Imaging/par2_nebd/220826_nwg465_2208241100pkc3_tom4,15,60/41",16739689415616813,nwg465,220826,2208241100pkc3
385,"/Imaging/par2_nebd/220826_nwg465_2208241100pkc3_tom4,15,60/40",16739689416496313,nwg465,220826,2208241100pkc3
386,"/Imaging/par2_nebd/220826_nwg369_2208251830par2_tom4,15,60/16",16739689516462362,nwg369,220826,2208251830par2
387,"/Imaging/par2_nebd/220826_nwg369_2208251830par2_tom4,15,60/06",16739689518514097,nwg369,220826,2208251830par2
388,"/Imaging/par2_nebd/220826_nwg369_2208251830par2_tom4,15,60/23",16739689520379267,nwg369,220826,2208251830par2
389,"/Imaging/par2_nebd/220826_nwg369_2208251830par2_tom4,15,60/22",16739689522373035,nwg369,220826,2208251830par2
390,"/Imaging/par2_nebd/220826_lp637_2208251830par2_tom4,15,60/02",16739689523349411,lp637,220826,2208251830par2
391,"/Imaging/par2_nebd/220826_lp637_2208251830par2_tom4,15,60/11",16739689524017618,lp637,220826,2208251830par2
392,"/Imaging/par2_nebd/220826_lp637_2208251830par2_tom4,15,60/01",16739689525471034,lp637,220826,2208251830par2
393,"/Imaging/par2_nebd/220826_lp637_2208251830par2_tom4,15,60/24",16739689526063898,lp637,220826,2208251830par2
394,"/Imaging/par2_nebd/220826_lp637_2208251830par2_tom4,15,60/23",16739689526683118,lp637,220826,2208251830par2
395,"/Imaging/par2_nebd/220826_lp637_2208251830par2_tom4,15,60/13",16739689528002279,lp637,220826,2208251830par2
396,"/Imaging/par2_nebd/220826_lp637_2208251830par2_tom4,15,60/25",16739689529256632,lp637,220826,2208251830par2
397,"/Imaging/par2_nebd/220826_lp637_2208260800par2_tom4,15,60/02",16739689530456257,lp637,220826,2208260800par2
398,"/Imaging/par2_nebd/220826_lp637_2208260800par2_tom4,15,60/45",16739689532365382,lp637,220826,2208260800par2
399,"/Imaging/par2_nebd/220826_lp637_2208260800par2_tom4,15,60/00",16739689534495997,lp637,220826,2208260800par2
400,"/Imaging/par2_nebd/220826_lp637_2208260800par2_tom4,15,60/24",16739689536068792,lp637,220826,2208260800par2
401,"/Imaging/par2_nebd/220826_lp637_2208260800par2_tom4,15,60/22",16739689537589414,lp637,220826,2208260800par2
402,"/Imaging/par2_nebd/220826_lp637_2208260800par2_tom4,15,60/25",16739689538199513,lp637,220826,2208260800par2
403,"/Imaging/par2_nebd/220826_nwg201_2208251830par2_tom4,15,60/02",16739689540752158,nwg201,220826,2208251830par2
404,"/Imaging/par2_nebd/220826_nwg201_2208251830par2_tom4,15,60/20",16739689541571376,nwg201,220826,2208251830par2
405,"/Imaging/par2_nebd/220826_nwg201_2208251830par2_tom4,15,60/19",16739689542033286,nwg201,220826,2208251830par2
406,"/Imaging/par2_nebd/220826_nwg201_2208251830par2_tom4,15,60/21",16739689542380636,nwg201,220826,2208251830par2
407,"/Imaging/par2_nebd/220826_nwg201_2208251830par2_tom4,15,60/15",16739689543041885,nwg201,220826,2208251830par2
408,"/Imaging/par2_nebd/220826_nwg201_2208251830par2_tom4,15,60/14",16739689544432697,nwg201,220826,2208251830par2
409,"/Imaging/par2_nebd/220826_nwg201_2208260800par2_tom4,15,60/03",16739689546530435,nwg201,220826,2208260800par2
410,"/Imaging/par2_nebd/220826_nwg201_2208260800par2_tom4,15,60/04",16739689547048633,nwg201,220826,2208260800par2
411,"/Imaging/par2_nebd/220826_nwg201_2208260800par2_tom4,15,60/02",16739689548160338,nwg201,220826,2208260800par2
412,"/Imaging/par2_nebd/220826_nwg201_2208260800par2_tom4,15,60/27",16739689549380047,nwg201,220826,2208260800par2
413,"/Imaging/par2_nebd/220826_nwg201_2208260800par2_tom4,15,60/29",16739689549539766,nwg201,220826,2208260800par2
414,"/Imaging/par2_nebd/220826_nwg201_2208260800par2_tom4,15,60/28",16739689550624115,nwg201,220826,2208260800par2
415,"/Imaging/par2_nebd/220826_nwg201_2208260800par2_tom4,15,60/07",16739689550845597,nwg201,220826,2208260800par2
416,"/Imaging/par2_nebd/220826_nwg201_2208260800par2_tom4,15,60/30",16739689552845955,nwg201,220826,2208260800par2
417,"/Imaging/par2_nebd/220826_nwg201_2208260800par2_tom4,15,60/08",16739689553142862,nwg201,220826,2208260800par2
418,"/Imaging/par2_nebd/220826_nwg201_2208260800par2_tom4,15,60/06",16739689554367878,nwg201,220826,2208260800par2
419,"/Imaging/par2_nebd/220826_nwg246_2208251830par2_tom4,15,60/03",16739689555604253,nwg246,220826,2208251830par2
420,"/Imaging/par2_nebd/220826_nwg246_2208251830par2_tom4,15,60/04",16739689556161938,nwg246,220826,2208251830par2
421,"/Imaging/par2_nebd/220826_nwg246_2208251830par2_tom4,15,60/15",16739689557440944,nwg246,220826,2208251830par2
422,"/Imaging/par2_nebd/220826_nwg246_2208260800par2_tom4,15,60/33",16739689559160776,nwg246,220826,2208260800par2
423,"/Imaging/par2_nebd/220826_nwg246_2208260800par2_tom4,15,60/11",16739689560221786,nwg246,220826,2208260800par2
424,"/Imaging/par2_nebd/220826_nwg246_2208260800par2_tom4,15,60/10",16739689560957038,nwg246,220826,2208260800par2
425,"/Imaging/par2_nebd/220826_nwg246_2208260800par2_tom4,15,60/31",16739689562278626,nwg246,220826,2208260800par2
426,"/Imaging/par2_nebd/220826_nwg246_2208260800par2_tom4,15,60/08",16739689562839391,nwg246,220826,2208260800par2
427,"/Imaging/par2_nebd/220826_nwg246_2208260800par2_tom4,15,60/13",16739689564309936,nwg246,220826,2208260800par2
428,"/Imaging/par2_nebd/220826_nwg369_2208260800par2_tom4,15,60/34",16739689565279932,nwg369,220826,2208260800par2
429,"/Imaging/par2_nebd/220826_nwg369_2208260800par2_tom4,15,60/20",16739689567980068,nwg369,220826,2208260800par2
430,"/Imaging/par2_nebd/220826_nwg369_2208260800par2_tom4,15,60/17",16739689571493366,nwg369,220826,2208260800par2
431,"/Imaging/par2_nebd/220826_nwg369_2208260800par2_tom4,15,60/19",16739689572107837,nwg369,220826,2208260800par2
432,"/Imaging/par2_nebd/220826_nwg369_2208260800par2_tom4,15,60/22",16739689574525378,nwg369,220826,2208260800par2
433,"/Imaging/par2_nebd/220826_nwg437_2208251830par2_tom4,15,60/18",16739689575359995,nwg437,220826,2208251830par2
434,"/Imaging/par2_nebd/220826_nwg437_2208251830par2_tom4,15,60/11",16739689575904675,nwg437,220826,2208251830par2
435,"/Imaging/par2_nebd/220826_nwg437_2208251830par2_tom4,15,60/16",16739689576755276,nwg437,220826,2208251830par2
436,"/Imaging/par2_nebd/220826_nwg437_2208251830par2_tom4,15,60/17",16739689577165508,nwg437,220826,2208251830par2
437,"/Imaging/par2_nebd/220826_nwg437_2208251830par2_tom4,15,60/10",16739689578166516,nwg437,220826,2208251830par2
438,"/Imaging/par2_nebd/220826_nwg437_2208251830par2_tom4,15,60/19",16739689578805287,nwg437,220826,2208251830par2
439,"/Imaging/par2_nebd/220826_nwg437_2208251830par2_tom4,15,60/07",16739689579188573,nwg437,220826,2208251830par2
440,"/Imaging/par2_nebd/220826_nwg437_2208251830par2_tom4,15,60/09",16739689580161026,nwg437,220826,2208251830par2
441,"/Imaging/par2_nebd/220826_nwg437_2208251830par2_tom4,15,60/08",16739689580348127,nwg437,220826,2208251830par2
442,"/Imaging/par2_nebd/220826_nwg437_2208260800par2_tom4,15,60/35",16739689581623743,nwg437,220826,2208260800par2
443,"/Imaging/par2_nebd/220826_nwg437_2208260800par2_tom4,15,60/34",16739689581994905,nwg437,220826,2208260800par2
444,"/Imaging/par2_nebd/220826_nwg437_2208260800par2_tom4,15,60/16",16739689583060389,nwg437,220826,2208260800par2
445,"/Imaging/par2_nebd/220826_nwg437_2208260800par2_tom4,15,60/15",16739689583677702,nwg437,220826,2208260800par2
446,"/Imaging/par2_nebd/220826_nwg437_2208260800par2_tom4,15,60/13",16739689584681783,nwg437,220826,2208260800par2
447,"/Imaging/par2_nebd/220826_nwg437_2208260800par2_tom4,15,60/14",16739689585319667,nwg437,220826,2208260800par2
448,"/Imaging/par2_nebd/220902_nwg240_2209011900par2_tom4,15,60/03",16739689586672516,nwg240,220902,2209011900par2
449,"/Imaging/par2_nebd/220902_nwg240_2209011900par2_tom4,15,60/02",16739689587701128,nwg240,220902,2209011900par2
450,"/Imaging/par2_nebd/220902_nwg240_2209011900par2_tom4,15,60/00",16739689588307383,nwg240,220902,2209011900par2
451,"/Imaging/par2_nebd/220902_nwg240_2209011900par2_tom4,15,60/01",16739689589900177,nwg240,220902,2209011900par2
452,"/Imaging/par2_nebd/220902_nwg240_2209020830par2_tom4,15,60/18",16739689591642153,nwg240,220902,2209020830par2
453,"/Imaging/par2_nebd/220902_nwg240_2209020830par2_tom4,15,60/29",16739689591991456,nwg240,220902,2209020830par2
454,"/Imaging/par2_nebd/220902_nwg240_2209020830par2_tom4,15,60/19",16739689593558888,nwg240,220902,2209020830par2
455,"/Imaging/par2_nebd/220902_nwg240_2209020830par2_tom4,15,60/21",16739689593919644,nwg240,220902,2209020830par2
456,"/Imaging/par2_nebd/220902_nwg338_2209011900par2_tom4,15,60/03",16739689596044345,nwg338,220902,2209011900par2
457,"/Imaging/par2_nebd/220902_nwg338_2209011900par2_tom4,15,60/04",16739689596609309,nwg338,220902,2209011900par2
458,"/Imaging/par2_nebd/220902_nwg338_2209011900par2_tom4,15,60/35",16739689597281845,nwg338,220902,2209011900par2
459,"/Imaging/par2_nebd/220902_nwg338_2209011900par2_tom4,15,60/05",16739689598538048,nwg338,220902,2209011900par2
460,"/Imaging/par2_nebd/220902_nwg338_2209011900par2_tom4,15,60/36",16739689599755208,nwg338,220902,2209011900par2
461,"/Imaging/par2_nebd/220902_nwg338_2209011900par2_tom4,15,60/09",16739689600684936,nwg338,220902,2209011900par2
462,"/Imaging/par2_nebd/220902_nwg338_2209011900par2_tom4,15,60/08",16739689600937283,nwg338,220902,2209011900par2
463,"/Imaging/par2_nebd/220902_nwg338_2209011900par2_tom4,15,60/06",16739689602093554,nwg338,220902,2209011900par2
464,"/Imaging/par2_nebd/220902_nwg338_2209020830par2_tom4,15,60/29",16739689602704072,nwg338,220902,2209020830par2
465,"/Imaging/par2_nebd/220902_nwg338_2209020830par2_tom4,15,60/21",16739689603455906,nwg338,220902,2209020830par2
466,"/Imaging/par2_nebd/220902_nwg338_2209020830par2_tom4,15,60/44",16739689604075928,nwg338,220902,2209020830par2
467,"/Imaging/par2_nebd/220902_nwg338_2209020830par2_tom4,15,60/43",16739689605123637,nwg338,220902,2209020830par2
468,"/Imaging/par2_nebd/220902_nwg338_2209020830par2_tom4,15,60/30",16739689606658316,nwg338,220902,2209020830par2
469,"/Imaging/par2_nebd/220902_nwg338_2209020830par2_tom4,15,60/39",16739689607143042,nwg338,220902,2209020830par2
470,"/Imaging/par2_nebd/220902_nwg338_2209020830par2_tom4,15,60/41",16739689608394496,nwg338,220902,2209020830par2
471,"/Imaging/par2_nebd/220902_nwg338_2209020830par2_tom4,15,60/24",16739689608885627,nwg338,220902,2209020830par2
472,"/Imaging/par2_nebd/220902_nwg338_2209020830par2_tom4,15,60/23",16739689609416816,nwg338,220902,2209020830par2
473,"/Imaging/par2_nebd/220902_nwg338_2209020830par2_tom4,15,60/22",16739689610931697,nwg338,220902,2209020830par2
474,"/Imaging/par2_nebd/220902_nwg376_2209011900par2_tom4,15,60/11",16739689612279992,nwg376,220902,2209011900par2
475,"/Imaging/par2_nebd/220902_nwg376_2209011900par2_tom4,15,60/10",16739689613033338,nwg376,220902,2209011900par2
476,"/Imaging/par2_nebd/220902_nwg376_2209011900par2_tom4,15,60/38",16739689613808687,nwg376,220902,2209011900par2
477,"/Imaging/par2_nebd/220902_nwg376_2209011900par2_tom4,15,60/36",16739689614294744,nwg376,220902,2209011900par2
478,"/Imaging/par2_nebd/220902_nwg376_2209011900par2_tom4,15,60/15",16739689615898435,nwg376,220902,2209011900par2
479,"/Imaging/par2_nebd/220902_nwg376_2209011900par2_tom4,15,60/12",16739689616548443,nwg376,220902,2209011900par2
480,"/Imaging/par2_nebd/220902_nwg376_2209011900par2_tom4,15,60/13",16739689618140206,nwg376,220902,2209011900par2
481,"/Imaging/par2_nebd/220902_nwg376_2209011900par2_tom4,15,60/14",16739689618960156,nwg376,220902,2209011900par2
482,"/Imaging/par2_nebd/220902_nwg376_2209020830par2_tom4,15,60/32",16739689620237212,nwg376,220902,2209020830par2
483,"/Imaging/par2_nebd/220902_nwg376_2209020830par2_tom4,15,60/34",16739689621036046,nwg376,220902,2209020830par2
484,"/Imaging/par2_nebd/220902_nwg376_2209020830par2_tom4,15,60/42",16739689626207142,nwg376,220902,2209020830par2
485,"/Imaging/par2_nebd/220902_nwg376_2209020830par2_tom4,15,60/28",16739689627118025,nwg376,220902,2209020830par2
486,"/Imaging/par2_nebd/220902_nwg376_2209020830par2_tom4,15,60/26",16739689627264848,nwg376,220902,2209020830par2
487,"/Imaging/par2_nebd/220902_nwg376_2209020830par2_tom4,15,60/44",16739689628080816,nwg376,220902,2209020830par2
488,"/Imaging/par2_nebd/220902_nwg376_2209020830par2_tom4,15,60/43",16739689628904262,nwg376,220902,2209020830par2
489,"/Imaging/par2_nebd/220902_nwg376_2209020830par2_tom4,15,60/41",16739689629580317,nwg376,220902,2209020830par2
490,"/Imaging/par2_nebd/220902_nwg376_2209020830par2_tom4,15,60/25",16739689630497909,nwg376,220902,2209020830par2
491,"/Imaging/par2_nebd/200131_nwg201_2001310930par2_tom4,15,60/50",16739689876449769,nwg201,200131,2001310930par2
492,"/Imaging/par2_nebd/200131_nwg201_2001310930par2_tom4,15,60/68",16739689877056901,nwg201,200131,2001310930par2
493,"/Imaging/par2_nebd/200131_nwg201_2001310930par2_tom4,15,60/57",16739689878943212,nwg201,200131,2001310930par2
494,"/Imaging/par2_nebd/200131_nwg201_2001310930par2_tom4,15,60/56",16739689881202924,nwg201,200131,2001310930par2
495,"/Imaging/par2_nebd/200131_nwg201_2001310930par2_tom4,15,60/67",16739689882707934,nwg201,200131,2001310930par2
496,"/Imaging/par2_nebd/200131_nwg201_2001310930par2_tom4,15,60/34",16739689883902655,nwg201,200131,2001310930par2
497,"/Imaging/par2_nebd/200131_nwg201_2001310930par2_tom4,15,60/80",16739689886371517,nwg201,200131,2001310930par2
498,"/Imaging/par2_nebd/200131_nwg201_2001310930par2_tom4,15,60/81",16739689887594886,nwg201,200131,2001310930par2
499,"/Imaging/par2_nebd/200131_nwg201_2001310930par2_tom4,15,60/36",16739689890860798,nwg201,200131,2001310930par2
500,"/Imaging/par2_nebd/200131_nwg201_2001310930par2_tom4,15,60/65",16739689892933614,nwg201,200131,2001310930par2
501,"/Imaging/par2_nebd/200131_nwg201_2001310930par2_tom4,15,60/37",16739689894732084,nwg201,200131,2001310930par2
502,"/Imaging/par2_nebd/200131_nwg201_2001310930par2_tom4,15,60/39",16739689895679402,nwg201,200131,2001310930par2
503,"/Imaging/par2_nebd/200131_nwg201_2001310930par2_tom4,15,60/55",16739689897672443,nwg201,200131,2001310930par2
504,"/Imaging/par2_nebd/200131_nwg201_2001310930par2_tom4,15,60/64",16739689903139658,nwg201,200131,2001310930par2
505,"/Imaging/par2_nebd/200131_nwg201_2001310930par2_tom4,15,60/79",16739689908616178,nwg201,200131,2001310930par2
506,"/Imaging/par2_nebd/200131_nwg201_2001310930par2_tom4,15,60/48",16739689909916036,nwg201,200131,2001310930par2
507,"/Imaging/par2_nebd/200131_nwg201_2001310930par2_tom4,15,60/82",16739689912140536,nwg201,200131,2001310930par2
508,"/Imaging/par2_nebd/200131_nwg201_2001310930par2_tom4,15,60/78",16739689913189225,nwg201,200131,2001310930par2
509,"/Imaging/par2_nebd/200129_lp637_wt_tom4,15,60/15,60_3",16739689917083523,lp637,200129,wt
510,"/Imaging/par2_nebd/200129_lp637_wt_tom4,15,60/15,60_4",16739689918274705,lp637,200129,wt
511,"/Imaging/par2_nebd/200129_lp637_wt_tom4,15,60/15,30_2",16739689924575844,lp637,200129,wt
512,"/Imaging/par2_nebd/200129_lp637_wt_tom4,15,60/15,60_1",16739689927862203,lp637,200129,wt
513,"/Imaging/par2_nebd/200129_lp637_wt_tom4,15,60/15,30_1",16739689929779656,lp637,200129,wt
514,"/Imaging/par2_nebd/200129_lp637_wt_tom4,15,60/15,30_",16739689934470687,lp637,200129,wt
515,"/Imaging/par2_nebd/200129_n2_wt_tom4,15,60/04",16739689938247516,n2,200129,wt
516,"/Imaging/par2_nebd/200129_n2_wt_tom4,15,60/02",16739689939184132,n2,200129,wt
517,"/Imaging/par2_nebd/200129_n2_wt_tom4,15,60/01",16739689944052212,n2,200129,wt
518,"/Imaging/par2_nebd/200129_nwg246_wt_tom4,15,60/02",16739689945460382,nwg246,200129,wt
519,"/Imaging/par2_nebd/200129_nwg246_wt_tom4,15,60/00",16739689946894803,nwg246,200129,wt
520,"/Imaging/par2_nebd/200131_lp637_2001301800par2_tom4,15,60/01",16739689958423152,lp637,200131,2001301800par2
521,"/Imaging/par2_nebd/200131_lp637_2001310930par2_tom4,15,60/59",16739689962431984,lp637,200131,2001310930par2
522,"/Imaging/par2_nebd/200131_lp637_2001310930par2_tom4,15,60/32",16739689964832633,lp637,200131,2001310930par2
523,"/Imaging/par2_nebd/200131_lp637_2001310930par2_tom4,15,60/58",16739689966187572,lp637,200131,2001310930par2
524,"/Imaging/par2_nebd/200131_lp637_2001310930par2_tom4,15,60/60",16739689966781569,lp637,200131,2001310930par2
525,"/Imaging/par2_nebd/200131_lp637_2001310930par2_tom4,15,60/33",16739689970870297,lp637,200131,2001310930par2
526,"/Imaging/par2_nebd/200131_lp637_2001310930par2_tom4,15,60/73",16739689973631694,lp637,200131,2001310930par2
527,"/Imaging/par2_nebd/200131_lp637_2001310930par2_tom4,15,60/74",16739689975117106,lp637,200131,2001310930par2
528,"/Imaging/par2_nebd/200131_lp637_2001310930par2_tom4,15,60/75",16739689976764982,lp637,200131,2001310930par2
529,"/Imaging/par2_nebd/211117_nwg369_wt_tom4,15,60/03",16739689978391101,nwg369,211117,wt
530,"/Imaging/par2_nebd/211117_nwg369_wt_tom4,15,60/02",16739689978622668,nwg369,211117,wt
531,"/Imaging/par2_nebd/200131_lp637_2001310930par2_tom4,15,60/62",16739689978945193,lp637,200131,2001310930par2
532,"/Imaging/par2_nebd/211117_nwg369_wt_tom4,15,60/01",16739689981100278,nwg369,211117,wt
533,"/Imaging/par2_nebd/211113_nwg201_11121830par2rnai_tom4,15,60/03",16739689982413576,nwg201,211113,11121830par2rnai
534,"/Imaging/par2_nebd/211113_nwg201_11121830par2rnai_tom4,15,60/05",16739689983549275,nwg201,211113,11121830par2rnai
535,"/Imaging/par2_nebd/211113_nwg201_11121830par2rnai_tom4,15,60/02",16739689984612312,nwg201,211113,11121830par2rnai
536,"/Imaging/par2_nebd/211113_nwg201_11121830par2rnai_tom4,15,60/00",16739689985779436,nwg201,211113,11121830par2rnai
537,"/Imaging/par2_nebd/211113_nwg201_11121830par2rnai_tom4,15,60/01",16739689987123435,nwg201,211113,11121830par2rnai
538,"/Imaging/par2_nebd/200131_lp637_2001310930par2_tom4,15,60/46",16739689990121768,lp637,200131,2001310930par2
539,"/Imaging/par2_nebd/200131_lp637_2001310930par2_tom4,15,60/77",16739689991963153,lp637,200131,2001310930par2
540,"/Imaging/par2_nebd/211113_nwg369_wt_tom4,15,60/02",16739689993974102,nwg369,211113,wt
541,"/Imaging/par2_nebd/211113_nwg369_wt_tom4,15,60/00",16739689994983766,nwg369,211113,wt
542,"/Imaging/par2_nebd/200131_lp637_2001310930par2_tom4,15,60/48",16739689995075011,lp637,200131,2001310930par2
543,"/Imaging/par2_nebd/211113_nwg369_wt_tom4,15,60/01",16739689996287503,nwg369,211113,wt
544,"/Imaging/par2_nebd/200131_lp637_2001310930par2_tom4,15,60/76",16739689996748297,lp637,200131,2001310930par2
545,"/Imaging/par2_nebd/211117_nwg201_11161900par2_tom4,15,60/03",16739689997586458,nwg201,211117,11161900par2
546,"/Imaging/par2_nebd/211117_nwg201_11161900par2_tom4,15,60/04",16739689998125558,nwg201,211117,11161900par2
547,"/Imaging/par2_nebd/200131_lp637_2001310930par2_tom4,15,60/47",16739689998137045,lp637,200131,2001310930par2
548,"/Imaging/par2_nebd/200131_lp637_2001310930par2_tom4,15,60/78",16739689998813636,lp637,200131,2001310930par2
549,"/Imaging/par2_nebd/211117_nwg201_11170730par2_tom4,15,60/05",16739690002903578,nwg201,211117,11170730par2
550,"/Imaging/par2_nebd/211117_nwg201_11170730par2_tom4,15,60/02",16739690003484108,nwg201,211117,11170730par2
551,"/Imaging/par2_nebd/211117_nwg201_11170730par2_tom4,15,60/11",16739690004617763,nwg201,211117,11170730par2
552,"/Imaging/par2_nebd/200131_nwg201_2001301800par2_tom4,15,60/11",16739690004914503,nwg201,200131,2001301800par2
553,"/Imaging/par2_nebd/211117_nwg201_11170730par2_tom4,15,60/07",16739690005870008,nwg201,211117,11170730par2
554,"/Imaging/par2_nebd/200131_nwg201_2001301800par2_tom4,15,60/10",16739690006434262,nwg201,200131,2001301800par2
555,"/Imaging/par2_nebd/211117_nwg201_11170730par2_tom4,15,60/00",16739690006776795,nwg201,211117,11170730par2
556,"/Imaging/par2_nebd/211117_nwg201_11170730par2_tom4,15,60/09",16739690007819626,nwg201,211117,11170730par2
557,"/Imaging/par2_nebd/211117_nwg201_11170730par2_tom4,15,60/08",16739690008082287,nwg201,211117,11170730par2
558,"/Imaging/par2_nebd/211117_nwg201_11170730par2_tom4,15,60/01",16739690009144573,nwg201,211117,11170730par2
559,"/Imaging/par2_nebd/211117_nwg201_11170730par2_tom4,15,60/06",16739690009889379,nwg201,211117,11170730par2
560,"/Imaging/par2_nebd/211117_nwg201_11170730par2_tom4,15,60/12",16739690010261073,nwg201,211117,11170730par2
561,"/Imaging/par2_nebd/211117_nwg201_11170730par2_tom4,15,60/13",16739690011300924,nwg201,211117,11170730par2
562,"/Imaging/par2_nebd/200131_nwg201_2001301800par2_tom4,15,60/06",16739690012426102,nwg201,200131,2001301800par2
563,"/Imaging/par2_nebd/211117_nwg369_11161900par2_tom4,15,60/00",16739690014677296,nwg369,211117,11161900par2
564,"/Imaging/par2_nebd/211117_nwg369_11170730par2_tom4,15,60/03",16739690016104252,nwg369,211117,11170730par2
565,"/Imaging/par2_nebd/200131_nwg201_wt_tom4,15,60/18",16739690016741824,nwg201,200131,wt
566,"/Imaging/par2_nebd/211117_nwg369_11170730par2_tom4,15,60/04",16739690017043116,nwg369,211117,11170730par2
567,"/Imaging/par2_nebd/211117_nwg369_11170730par2_tom4,15,60/05",16739690017451146,nwg369,211117,11170730par2
568,"/Imaging/par2_nebd/211117_nwg369_11170730par2_tom4,15,60/02",16739690018272262,nwg369,211117,11170730par2
569,"/Imaging/par2_nebd/200131_nwg201_wt_tom4,15,60/19",16739690018616776,nwg201,200131,wt
570,"/Imaging/par2_nebd/211117_nwg369_11170730par2_tom4,15,60/11",16739690019176085,nwg369,211117,11170730par2
571,"/Imaging/par2_nebd/211117_nwg369_11170730par2_tom4,15,60/10",16739690019814994,nwg369,211117,11170730par2
572,"/Imaging/par2_nebd/211117_nwg369_11170730par2_tom4,15,60/07",16739690020367458,nwg369,211117,11170730par2
573,"/Imaging/par2_nebd/211117_nwg369_11170730par2_tom4,15,60/00",16739690021121008,nwg369,211117,11170730par2
574,"/Imaging/par2_nebd/211117_nwg369_11170730par2_tom4,15,60/09",16739690022682939,nwg369,211117,11170730par2
575,"/Imaging/par2_nebd/211117_nwg369_11170730par2_tom4,15,60/08",16739690022929404,nwg369,211117,11170730par2
576,"/Imaging/par2_nebd/200131_nwg240_2001301800par2_tom4,15,60/04",16739690024366508,nwg240,200131,2001301800par2
577,"/Imaging/par2_nebd/211117_nwg369_11170730par2_tom4,15,60/12",16739690025205724,nwg369,211117,11170730par2
578,"/Imaging/par2_nebd/200131_nwg240_2001310930par2_tom4,15,60/45",16739690032556536,nwg240,200131,2001310930par2
579,"/Imaging/par2_nebd/200131_nwg240_2001310930par2_tom4,15,60/46",16739690035216794,nwg240,200131,2001310930par2
580,"/Imaging/par2_nebd/211118_nwg325_11171800par2_tom4,15,60/04",16739690038539526,lp637,211118,11171800par2
581,"/Imaging/par2_nebd/211118_nwg325_11171800par2_tom4,15,60/02",16739690038973122,lp637,211118,11171800par2
582,"/Imaging/par2_nebd/200131_nwg246_2001301800par2_tom4,15,60/11",16739690039218338,nwg246,200131,2001301800par2
583,"/Imaging/par2_nebd/211118_nwg325_11171800par2_tom4,15,60/01",16739690040747836,lp637,211118,11171800par2
584,"/Imaging/par2_nebd/200131_nwg246_2001301800par2_tom4,15,60/16",16739690040957997,nwg246,200131,2001301800par2
585,"/Imaging/par2_nebd/200131_nwg246_2001301800par2_tom4,15,60/17",16739690042236419,nwg246,200131,2001301800par2
586,"/Imaging/par2_nebd/211118_nwg325_11180930par2_tom4,15,60/04",16739690042567828,lp637,211118,11180930par2
587,"/Imaging/par2_nebd/211118_nwg325_11180930par2_tom4,15,60/05",16739690043020935,lp637,211118,11180930par2
588,"/Imaging/par2_nebd/200131_nwg246_2001301800par2_tom4,15,60/15",16739690043218157,nwg246,200131,2001301800par2
589,"/Imaging/par2_nebd/211118_nwg325_11180930par2_tom4,15,60/02",16739690044027667,lp637,211118,11180930par2
590,"/Imaging/par2_nebd/211118_nwg325_11180930par2_tom4,15,60/11",16739690044832792,lp637,211118,11180930par2
591,"/Imaging/par2_nebd/200131_nwg246_2001301800par2_tom4,15,60/12",16739690045331845,nwg246,200131,2001301800par2
592,"/Imaging/par2_nebd/211118_nwg325_11180930par2_tom4,15,60/16",16739690046025066,lp637,211118,11180930par2
593,"/Imaging/par2_nebd/211118_nwg325_11180930par2_tom4,15,60/10",16739690046406293,lp637,211118,11180930par2
594,"/Imaging/par2_nebd/211118_nwg325_11180930par2_tom4,15,60/07",16739690046899972,lp637,211118,11180930par2
595,"/Imaging/par2_nebd/211118_nwg325_11180930par2_tom4,15,60/09",16739690048110352,lp637,211118,11180930par2
596,"/Imaging/par2_nebd/211118_nwg325_11180930par2_tom4,15,60/08",16739690048368409,lp637,211118,11180930par2
597,"/Imaging/par2_nebd/211118_nwg325_11180930par2_tom4,15,60/01",16739690049727912,lp637,211118,11180930par2
598,"/Imaging/par2_nebd/200131_nwg246_2001310930par2_tom4,15,60/50",16739690051306767,nwg246,200131,2001310930par2
599,"/Imaging/par2_nebd/211118_nwg325_11180930par2_tom4,15,60/12",16739690051980205,lp637,211118,11180930par2
600,"/Imaging/par2_nebd/200131_nwg246_2001310930par2_tom4,15,60/69",16739690052567215,nwg246,200131,2001310930par2
601,"/Imaging/par2_nebd/211118_nwg325_11180930par2_tom4,15,60/14",16739690053722248,lp637,211118,11180930par2
602,"/Imaging/par2_nebd/211118_nwg325_wt_tom4,15,60/00",16739690054253452,lp637,211118,wt
603,"/Imaging/par2_nebd/200131_nwg246_2001310930par2_tom4,15,60/42",16739690055318687,nwg246,200131,2001310930par2
604,"/Imaging/par2_nebd/211118_nwg325_wt_tom4,15,60/01",16739690055383723,lp637,211118,wt
605,"/Imaging/par2_nebd/200131_nwg246_2001310930par2_tom4,15,60/44",16739690058346372,nwg246,200131,2001310930par2
606,"/Imaging/par2_nebd/200131_nwg246_2001310930par2_tom4,15,60/54",16739690061145282,nwg246,200131,2001310930par2
607,"/Imaging/par2_nebd/200131_nwg246_2001310930par2_tom4,15,60/53",16739690062174246,nwg246,200131,2001310930par2
608,"/Imaging/par2_nebd/200131_nwg246_2001310930par2_tom4,15,60/39",16739690063047655,nwg246,200131,2001310930par2
609,"/Imaging/par2_nebd/200131_nwg246_2001310930par2_tom4,15,60/52",16739690064573762,nwg246,200131,2001310930par2
610,"/Imaging/par2_nebd/200131_nwg246_2001310930par2_tom4,15,60/41",16739690066369693,nwg246,200131,2001310930par2
611,"/Imaging/par2_nebd/200131_nwg246_2001310930par2_tom4,15,60/70",16739690067166717,nwg246,200131,2001310930par2
612,"/Imaging/par2_nebd/200131_nwg246_2001310930par2_tom4,15,60/71",16739690068650477,nwg246,200131,2001310930par2
613,"/Imaging/par2_nebd/200131_nwg246_2001310930par2_tom4,15,60/82",16739690069489632,nwg246,200131,2001310930par2
614,"/Imaging/par2_nebd/200131_nwg246_2001310930par2_tom4,15,60/40",16739690070391455,nwg246,200131,2001310930par2
615,"/Imaging/par2_nebd/200131_nwg246_wt_tom4,15,60/23",16739690075751119,nwg246,200131,wt
616,"/Imaging/par2_nebd/200131_nwg246_wt_tom4,15,60/22",16739690077776294,nwg246,200131,wt
617,"/Imaging/par2_nebd/200131_nwg246_wt_tom4,15,60/25",16739690078740594,nwg246,200131,wt
618,"/Imaging/par2_nebd/210428_nwg240_tom4,15,60/05",16739690262267945,nwg240,210428,wt
619,"/Imaging/par2_nebd/210428_nwg240_tom4,15,60/07",16739690263488264,nwg240,210428,wt
620,"/Imaging/par2_nebd/210428_nwg240_tom4,15,60/08",16739690266500194,nwg240,210428,wt
621,"/Imaging/par2_nebd/210428_nwg240_tom4,15,60/06",16739690269300973,nwg240,210428,wt
622,"/Imaging/par2_nebd/210428_nwg338_tom4,15,60/03",16739690392332838,nwg338,210428,wt
623,"/Imaging/par2_nebd/210428_nwg338_tom4,15,60/05",16739690394288979,nwg338,210428,wt
624,"/Imaging/par2_nebd/210428_nwg338_tom4,15,60/02",16739690396115713,nwg338,210428,wt
625,"/Imaging/par2_nebd/210428_nwg338_tom4,15,60/00",16739690397367706,nwg338,210428,wt
626,"/Imaging/par2_nebd/210428_nwg338_tom4,15,60/01",16739690399462647,nwg338,210428,wt
627,"/Imaging/par2_nebd/210722_lp637_tom4,15,60/00",16739690633104024,lp637,210722,wt
628,"/Imaging/par2_nebd/210722_lp637_tom4,15,60/01",16739690633933635,lp637,210722,wt
629,"/Imaging/par2_nebd/210428_lp637_tom4,15,60/16",16739690639276018,lp637,210428,wt
630,"/Imaging/par2_nebd/210722_nwg377_tom4,15,60/02",16739690703536868,nwg377,210722,wt
631,"/Imaging/par2_nebd/210722_nwg377_tom4,15,60/01",16739690707476065,nwg377,210722,wt
632,"/Imaging/par2_nebd/210722_nwg376_tom4,15,60/04",16739690708702111,nwg376,210722,wt
633,"/Imaging/par2_nebd/210722_nwg376_tom4,15,60/05",16739690709003022,nwg376,210722,wt
634,"/Imaging/par2_nebd/211208_nwg437_tom4,15,60/00",16739690825044303,nwg437,211208,wt
635,"/Imaging/par2_nebd/211209_nwg437_tom4,15,60/03",16739690826472178,nwg437,211209,wt
636,"/Imaging/par2_nebd/211209_nwg437_tom4,15,60/04",16739690826948638,nwg437,211209,wt
637,"/Imaging/par2_nebd/211209_nwg437_tom4,15,60/02",16739690827787628,nwg437,211209,wt
638,"/Imaging/par2_nebd/211209_nwg437_tom4,15,60/00",16739690828326027,nwg437,211209,wt
639,"/Imaging/par2_nebd/211209_nwg437_tom4,15,60/01",16739690829213376,nwg437,211209,wt
640,"/Imaging/par2_nebd/211209_nwg437_tom4,15,60/06",16739690829774315,nwg437,211209,wt
641,"/Imaging/par2_nebd/211113_nwg201_wt_tom4,15,60/04",16739690922040646,nwg201,211113,wt
642,"/Imaging/par2_nebd/211113_nwg201_wt_tom4,15,60/02",16739690922304437,nwg201,211113,wt
643,"/Imaging/par2_nebd/211113_nwg201_wt_tom4,15,60/00",16739690922792811,nwg201,211113,wt
644,"/Imaging/par2_nebd/211113_nwg201_wt_tom4,15,60/01",16739690923616915,nwg201,211113,wt
645,"/Imaging/par2_nebd/211117_nwg201_wt_tom4,15,60/00",16739690924488485,nwg201,211117,wt
646,"/Imaging/par2_nebd/211117_nwg201_wt_tom4,15,60/01",16739690925329907,nwg201,211117,wt
647,"/Imaging/par2_nebd/210722_n2_tom4,15,60/02",16739691580229616,n2,210722,wt
648,"/Imaging/par2_nebd/210722_n2_tom4,15,60/00",16739691580519662,n2,210722,wt
649,"/Imaging/par2_nebd/210722_n2_tom4,15,60/01",16739691581010938,n2,210722,wt
650,"/Imaging/par2_nebd/220805_n2_tom4,15,60/03",16739691881461196,n2,220805,wt
651,"/Imaging/par2_nebd/220805_n2_tom4,15,60/04",16739691881776657,n2,220805,wt
652,"/Imaging/par2_nebd/220805_n2_tom4,15,60/02",16739691882266836,n2,220805,wt
653,"/Imaging/par2_nebd/220805_n2_tom4,15,60/00",16739691882732759,n2,220805,wt
654,"/Imaging/par2_nebd/220805_n2_tom4,15,60/01",16739691883617885,n2,220805,wt
655,"/Imaging/par2_nebd/220823_n2_tom4,15,60/03",16739691884550157,n2,220823,wt
656,"/Imaging/par2_nebd/220823_n2_tom4,15,60/02",16739691884816673,n2,220823,wt
657,"/Imaging/par2_nebd/220823_n2_tom4,15,60/00",16739691885278628,n2,220823,wt
658,"/Imaging/par2_nebd/220823_n2_tom4,15,60/01",16739691886213725,n2,220823,wt
659,"/Imaging/par2_nebd/220824_n2_tom4,15,60/02",16739691889597511,n2,220824,wt
660,"/Imaging/par2_nebd/220824_n2_tom4,15,60/00",16739691893232548,n2,220824,wt
661,"/Imaging/par2_nebd/220824_n2_tom4,15,60/01",16739691894138923,n2,220824,wt
662,"/Imaging/par2_nebd/220825_n2_tom4,15,60/00",16739691894559205,n2,220825,wt
663,"/Imaging/par2_nebd/220825_n2_tom4,15,60/01",16739691895505872,n2,220825,wt
664,"/Imaging/par2_nebd/220902_n2_tom4,15,60/18",16739691896146083,n2,220902,wt
665,"/Imaging/par2_nebd/220902_n2_tom4,15,60/17",16739691897957604,n2,220902,wt
666,"/Imaging/par2_nebd/210816_nwg381_tom4,15,60/03",16836230617875345,nwg381,210816,wt
667,"/Imaging/par2_nebd/210816_nwg381_tom4,15,60/04",16836230618681848,nwg381,210816,wt
668,"/Imaging/par2_nebd/210816_nwg381_tom4,15,60/02",16836230618840346,nwg381,210816,wt
