Frame,Position,Membrane signal,Cytoplasmic signal
0,0,54.591003,-6.3675065
0,1,35.408997,-6.3675065
0,2,-19.776436,-6.3675065
0,3,-19.776436,-6.3675065
0,4,-19.776436,-6.3675065
0,5,-19.776438,-6.3675065
0,6,-19.776438,-6.3675065
0,7,-19.776436,-6.3675065
0,8,-19.776436,-6.3675065
0,9,-19.776438,-6.3675065
0,10,20.615744,-6.3675065
0,11,398.5228,-6.3675065
0,12,-19.776436,-6.3675065
0,13,-19.776436,-6.3675065
0,14,-19.776438,-6.3675065
0,15,-19.776438,-6.3675065
0,16,-19.776436,-6.3675065
0,17,-19.776436,-6.3675065
0,18,-19.776438,-6.3675065
0,19,-19.776436,-6.3675065
0,20,-19.776436,-6.3675065
0,21,-19.776436,-6.3675065
0,22,-19.776438,-6.3675065
0,23,-19.776438,-6.3675065
0,24,-19.776436,-6.3675065
0,25,-19.776438,-6.3675065
0,26,-19.776436,-6.3675065
0,27,-19.776436,-6.3675065
0,28,-19.776436,-6.3675065
0,29,-19.776436,-6.3675065
0,30,319.53696,-6.3675065
0,31,-19.776438,-6.3675065
0,32,-19.776436,-6.3675065
0,33,-19.776436,-6.3675065
0,34,-19.776438,-6.3675065
0,35,-19.776436,-6.3675065
0,36,-19.776436,-6.3675065
0,37,-19.776436,-6.3675065
0,38,-19.776436,-6.3675065
0,39,-19.776438,-6.3675065
0,40,-19.776438,-6.3675065
0,41,-19.776438,-6.3675065
0,42,-19.776436,-6.3675065
0,43,-19.776436,-6.3675065
0,44,-19.776438,-6.3675065
0,45,-19.776438,-6.3675065
0,46,136.19406,-6.3675065
0,47,-19.776436,-6.3675065
0,48,-19.776436,-6.3675065
0,49,-19.776436,-6.3675065
0,50,107.417915,-6.3675065
0,51,-19.776438,-6.3675065
0,52,-19.776438,-6.3675065
0,53,97.04175,-6.3675065
0,54,46.886997,-6.3675065
0,55,-19.776436,-6.3675065
0,56,-19.776438,-6.3675065
0,57,-19.776436,-6.3675065
0,58,54.337708,-6.3675065
0,59,-19.776436,-6.3675065
0,60,-19.776436,-6.3675065
0,61,-19.776436,-6.3675065
0,62,-19.776438,-6.3675065
0,63,-19.776436,-6.3675065
0,64,-19.776438,-6.3675065
0,65,-19.776436,-6.3675065
0,66,-19.776436,-6.3675065
0,67,-19.776436,-6.3675065
0,68,-19.776438,-6.3675065
0,69,50.091305,-6.3675065
0,70,-19.776436,-6.3675065
0,71,-19.776438,-6.3675065
0,72,-19.776436,-6.3675065
0,73,-19.776436,-6.3675065
0,74,-19.776438,-6.3675065
0,75,-19.776436,-6.3675065
0,76,-19.776436,-6.3675065
0,77,-19.776438,-6.3675065
0,78,-19.776436,-6.3675065
0,79,-19.776438,-6.3675065
0,80,-19.776438,-6.3675065
0,81,-19.776438,-6.3675065
0,82,243.05347,-6.3675065
0,83,-19.776436,-6.3675065
0,84,-19.776438,-6.3675065
0,85,203.06984,-6.3675065
0,86,-19.776438,-6.3675065
0,87,-19.776438,-6.3675065
0,88,-19.776438,-6.3675065
0,89,-19.776438,-6.3675065
0,90,-19.776436,-6.3675065
0,91,-19.776436,-6.3675065
0,92,-19.776436,-6.3675065
0,93,-19.776436,-6.3675065
0,94,-19.776438,-6.3675065
0,95,65.257614,-6.3675065
0,96,-19.776436,-6.3675065
0,97,-19.776436,-6.3675065
0,98,-6.3750443,-6.3675065
0,99,-19.776438,-6.3675065
1,0,241.1409,16.122334
1,1,382.81467,16.122334
1,2,174.28761,16.122334
1,3,808.4336,16.122334
1,4,839.7008,16.122334
1,5,812.533,16.122334
1,6,110.12487,16.122334
1,7,-27.976254,16.122334
1,8,-8.52275,16.122334
1,9,748.52,16.122334
1,10,701.4975,16.122334
1,11,382.17914,16.122334
1,12,499.60364,16.122334
1,13,1288.8379,16.122334
1,14,362.70416,16.122334
1,15,210.3094,16.122334
1,16,329.1584,16.122334
1,17,358.4764,16.122334
1,18,832.0584,16.122334
1,19,467.35678,16.122334
1,20,999.4303,16.122334
1,21,542.89996,16.122334
1,22,235.50275,16.122334
1,23,-27.888248,16.122334
1,24,346.62708,16.122334
1,25,360.38754,16.122334
1,26,456.6695,16.122334
1,27,-27.976252,16.122334
1,28,-27.976252,16.122334
1,29,-27.976252,16.122334
1,30,90.83118,16.122334
1,31,837.1502,16.122334
1,32,-27.976254,16.122334
1,33,-27.976254,16.122334
1,34,319.41266,16.122334
1,35,-27.976252,16.122334
1,36,-27.976254,16.122334
1,37,-27.976254,16.122334
1,38,-27.976252,16.122334
1,39,-27.976252,16.122334
1,40,-27.976254,16.122334
1,41,120.357544,16.122334
1,42,-27.976254,16.122334
1,43,-27.976254,16.122334
1,44,-3.5187306,16.122334
1,45,-27.976254,16.122334
1,46,365.2711,16.122334
1,47,-27.976254,16.122334
1,48,343.63162,16.122334
1,49,145.89432,16.122334
1,50,389.2017,16.122334
1,51,747.6535,16.122334
1,52,375.76733,16.122334
1,53,-27.976254,16.122334
1,54,-27.976252,16.122334
1,55,-27.976252,16.122334
1,56,215.63313,16.122334
1,57,-27.976254,16.122334
1,58,470.83218,16.122334
1,59,-27.976254,16.122334
1,60,-27.976254,16.122334
1,61,-8.755667,16.122334
1,62,-27.976252,16.122334
1,63,-27.976254,16.122334
1,64,-27.976252,16.122334
1,65,-27.976254,16.122334
1,66,-27.976252,16.122334
1,67,-27.976252,16.122334
1,68,-27.976254,16.122334
1,69,-27.976254,16.122334
1,70,383.2961,16.122334
1,71,243.13531,16.122334
1,72,-27.976145,16.122334
1,73,-27.976252,16.122334
1,74,253.45363,16.122334
1,75,554.17334,16.122334
1,76,833.80695,16.122334
1,77,739.6928,16.122334
1,78,90.67662,16.122334
1,79,-4.2184224,16.122334
1,80,452.7545,16.122334
1,81,341.74884,16.122334
1,82,1178.1395,16.122334
1,83,589.95435,16.122334
1,84,265.9175,16.122334
1,85,-27.976254,16.122334
1,86,488.1341,16.122334
1,87,-10.328783,16.122334
1,88,-27.976254,16.122334
1,89,-27.976254,16.122334
1,90,609.3513,16.122334
1,91,459.0892,16.122334
1,92,209.14032,16.122334
1,93,580.785,16.122334
1,94,795.7019,16.122334
1,95,975.4898,16.122334
1,96,312.7589,16.122334
1,97,1284.188,16.122334
1,98,438.5049,16.122334
1,99,284.60583,16.122334
2,0,112.84586,0.112003654
2,1,180.63365,0.112003654
2,2,95.85307,0.112003654
2,3,-20.666918,0.112003654
2,4,358.51425,0.112003654
2,5,-20.666916,0.112003654
2,6,-20.666918,0.112003654
2,7,-20.666916,0.112003654
2,8,-0.22285773,0.112003654
2,9,132.19432,0.112003654
2,10,44.633682,0.112003654
2,11,68.48641,0.112003654
2,12,217.91548,0.112003654
2,13,124.66062,0.112003654
2,14,700.6981,0.112003654
2,15,116.99692,0.112003654
2,16,229.5049,0.112003654
2,17,-20.666918,0.112003654
2,18,-6.903632,0.112003654
2,19,-20.666918,0.112003654
2,20,337.4781,0.112003654
2,21,252.63809,0.112003654
2,22,67.080246,0.112003654
2,23,-0.15414488,0.112003654
2,24,298.13846,0.112003654
2,25,269.1977,0.112003654
2,26,-9.55854,0.112003654
2,27,310.9636,0.112003654
2,28,121.83179,0.112003654
2,29,88.110146,0.112003654
2,30,-20.666916,0.112003654
2,31,142.74998,0.112003654
2,32,268.87247,0.112003654
2,33,-11.349955,0.112003654
2,34,154.64993,0.112003654
2,35,267.5804,0.112003654
2,36,-20.666916,0.112003654
2,37,237.6128,0.112003654
2,38,-20.666916,0.112003654
2,39,-20.666916,0.112003654
2,40,202.91357,0.112003654
2,41,-20.666918,0.112003654
2,42,-20.666918,0.112003654
2,43,-0.37421367,0.112003654
2,44,80.17225,0.112003654
2,45,-20.666916,0.112003654
2,46,-0.16188493,0.112003654
2,47,-20.666916,0.112003654
2,48,-20.666916,0.112003654
2,49,-0.25609404,0.112003654
2,50,372.67102,0.112003654
2,51,201.05206,0.112003654
2,52,190.3413,0.112003654
2,53,80.14814,0.112003654
2,54,-20.666916,0.112003654
2,55,240.09991,0.112003654
2,56,-20.666916,0.112003654
2,57,-20.666916,0.112003654
2,58,-2.1692312,0.112003654
2,59,174.81427,0.112003654
2,60,-20.666916,0.112003654
2,61,-20.666916,0.112003654
2,62,-20.666916,0.112003654
2,63,-20.666918,0.112003654
2,64,-20.666918,0.112003654
2,65,212.17572,0.112003654
2,66,-20.666918,0.112003654
2,67,-20.666918,0.112003654
2,68,-20.666918,0.112003654
2,69,203.08716,0.112003654
2,70,-20.666918,0.112003654
2,71,164.29758,0.112003654
2,72,-20.666918,0.112003654
2,73,-20.666916,0.112003654
2,74,262.86334,0.112003654
2,75,75.56428,0.112003654
2,76,-20.666916,0.112003654
2,77,100.27134,0.112003654
2,78,531.2276,0.112003654
2,79,478.44006,0.112003654
2,80,242.62703,0.112003654
2,81,341.75732,0.112003654
2,82,307.61877,0.112003654
2,83,158.33932,0.112003654
2,84,457.4767,0.112003654
2,85,322.91687,0.112003654
2,86,-20.666916,0.112003654
2,87,331.9237,0.112003654
2,88,-20.666918,0.112003654
2,89,462.35446,0.112003654
2,90,-20.666916,0.112003654
2,91,88.71366,0.112003654
2,92,339.25568,0.112003654
2,93,-20.666918,0.112003654
2,94,-20.666916,0.112003654
2,95,583.4425,0.112003654
2,96,59.648285,0.112003654
2,97,473.74612,0.112003654
2,98,448.03143,0.112003654
2,99,164.5272,0.112003654
3,0,-17.134838,-5.5169797
3,1,-17.13484,-5.5169797
3,2,-17.134838,-5.5169797
3,3,-17.13484,-5.5169797
3,4,-17.13484,-5.5169797
3,5,-17.13484,-5.5169797
3,6,319.0032,-5.5169797
3,7,-17.134838,-5.5169797
3,8,-17.134838,-5.5169797
3,9,-17.13484,-5.5169797
3,10,-17.13484,-5.5169797
3,11,-17.134838,-5.5169797
3,12,-17.134838,-5.5169797
3,13,-17.134838,-5.5169797
3,14,-17.13484,-5.5169797
3,15,-17.13484,-5.5169797
3,16,70.11765,-5.5169797
3,17,-17.134838,-5.5169797
3,18,-17.134838,-5.5169797
3,19,-17.134838,-5.5169797
3,20,-17.13484,-5.5169797
3,21,-17.13484,-5.5169797
3,22,-17.134838,-5.5169797
3,23,-17.13484,-5.5169797
3,24,-17.134838,-5.5169797
3,25,-17.134838,-5.5169797
3,26,-17.13484,-5.5169797
3,27,-17.13484,-5.5169797
3,28,-17.134838,-5.5169797
3,29,-17.134838,-5.5169797
3,30,-17.134838,-5.5169797
3,31,-17.134838,-5.5169797
3,32,-17.134838,-5.5169797
3,33,-17.13484,-5.5169797
3,34,-17.13484,-5.5169797
3,35,-17.134838,-5.5169797
3,36,-17.134838,-5.5169797
3,37,-17.13484,-5.5169797
3,38,-17.134838,-5.5169797
3,39,-17.134838,-5.5169797
3,40,-17.13484,-5.5169797
3,41,-17.134838,-5.5169797
3,42,-17.134838,-5.5169797
3,43,-17.13484,-5.5169797
3,44,-17.13484,-5.5169797
3,45,-17.134838,-5.5169797
3,46,-17.134838,-5.5169797
3,47,-17.13484,-5.5169797
3,48,-17.134838,-5.5169797
3,49,-17.13484,-5.5169797
3,50,-17.134838,-5.5169797
3,51,-17.134838,-5.5169797
3,52,-17.13484,-5.5169797
3,53,-17.134838,-5.5169797
3,54,-17.134838,-5.5169797
3,55,99.41853,-5.5169797
3,56,-17.134838,-5.5169797
3,57,-17.134838,-5.5169797
3,58,-17.13484,-5.5169797
3,59,-17.134838,-5.5169797
3,60,-17.134838,-5.5169797
3,61,-17.134838,-5.5169797
3,62,-17.134838,-5.5169797
3,63,-17.13484,-5.5169797
3,64,-17.134838,-5.5169797
3,65,-17.134838,-5.5169797
3,66,-17.134838,-5.5169797
3,67,-17.134838,-5.5169797
3,68,-17.134838,-5.5169797
3,69,-17.13484,-5.5169797
3,70,-17.134838,-5.5169797
3,71,-17.13484,-5.5169797
3,72,-17.134838,-5.5169797
3,73,-17.134838,-5.5169797
3,74,-17.134838,-5.5169797
3,75,-17.134838,-5.5169797
3,76,-17.13484,-5.5169797
3,77,-17.134838,-5.5169797
3,78,-17.134838,-5.5169797
3,79,-17.134838,-5.5169797
3,80,-17.134838,-5.5169797
3,81,-17.13484,-5.5169797
3,82,-17.13484,-5.5169797
3,83,-17.13484,-5.5169797
3,84,-17.134838,-5.5169797
3,85,-17.134838,-5.5169797
3,86,130.19849,-5.5169797
3,87,81.18537,-5.5169797
3,88,-17.13484,-5.5169797
3,89,-17.13484,-5.5169797
3,90,-17.13484,-5.5169797
3,91,-17.134838,-5.5169797
3,92,-17.134838,-5.5169797
3,93,-17.13484,-5.5169797
3,94,-17.134838,-5.5169797
3,95,-17.134838,-5.5169797
3,96,-17.134838,-5.5169797
3,97,-17.134838,-5.5169797
3,98,-17.134838,-5.5169797
3,99,-17.134838,-5.5169797
4,0,3.738881,96.14681
4,1,-30.126606,96.14681
4,2,-11.299228,96.14681
4,3,391.03043,96.14681
4,4,24.67271,96.14681
4,5,368.2096,96.14681
4,6,130.93321,96.14681
4,7,204.62,96.14681
4,8,165.72974,96.14681
4,9,39.66669,96.14681
4,10,-30.131027,96.14681
4,11,-30.130985,96.14681
4,12,74.52464,96.14681
4,13,392.47586,96.14681
4,14,171.39662,96.14681
4,15,662.0334,96.14681
4,16,470.39374,96.14681
4,17,465.26874,96.14681
4,18,170.30588,96.14681
4,19,-30.128601,96.14681
4,20,-0.6303135,96.14681
4,21,523.70544,96.14681
4,22,815.8267,96.14681
4,23,-30.131031,96.14681
4,24,107.76388,96.14681
4,25,388.81073,96.14681
4,26,189.39119,96.14681
4,27,399.45258,96.14681
4,28,215.66545,96.14681
4,29,360.74954,96.14681
4,30,579.1022,96.14681
4,31,713.5739,96.14681
4,32,190.66348,96.14681
4,33,228.73122,96.14681
4,34,712.57324,96.14681
4,35,-30.131031,96.14681
4,36,-30.131031,96.14681
4,37,-30.083097,96.14681
4,38,-30.131031,96.14681
4,39,-30.131031,96.14681
4,40,-30.131033,96.14681
4,41,-30.131031,96.14681
4,42,-30.131031,96.14681
4,43,132.97905,96.14681
4,44,796.348,96.14681
4,45,-30.131031,96.14681
4,46,511.61737,96.14681
4,47,438.6615,96.14681
4,48,187.36157,96.14681
4,49,-30.131031,96.14681
4,50,-30.111683,96.14681
4,51,-11.950288,96.14681
4,52,224.0552,96.14681
4,53,-30.130985,96.14681
4,54,-30.131033,96.14681
4,55,570.0807,96.14681
4,56,486.91797,96.14681
4,57,563.8604,96.14681
4,58,-30.131033,96.14681
4,59,434.0888,96.14681
4,60,-30.131031,96.14681
4,61,-30.131031,96.14681
4,62,20.142439,96.14681
4,63,50.133537,96.14681
4,64,-30.131031,96.14681
4,65,411.55484,96.14681
4,66,495.7258,96.14681
4,67,378.66626,96.14681
4,68,197.55005,96.14681
4,69,468.76132,96.14681
4,70,669.09845,96.14681
4,71,658.4284,96.14681
4,72,186.4313,96.14681
4,73,909.5658,96.14681
4,74,418.27698,96.14681
4,75,299.8749,96.14681
4,76,897.9208,96.14681
4,77,560.0952,96.14681
4,78,175.21162,96.14681
4,79,626.3957,96.14681
4,80,1024.5983,96.14681
4,81,917.5728,96.14681
4,82,264.4868,96.14681
4,83,468.95227,96.14681
4,84,-30.131033,96.14681
4,85,257.7873,96.14681
4,86,163.77324,96.14681
4,87,-30.131033,96.14681
4,88,595.9626,96.14681
4,89,445.41446,96.14681
4,90,36.73689,96.14681
4,91,-30.131031,96.14681
4,92,604.96826,96.14681
4,93,663.2225,96.14681
4,94,679.08704,96.14681
4,95,415.96262,96.14681
4,96,128.84438,96.14681
4,97,839.02704,96.14681
4,98,-30.131031,96.14681
4,99,226.87274,96.14681
5,0,2206.86,342.07968
5,1,1990.5692,342.07968
5,2,1664.0262,342.07968
5,3,2455.0332,342.07968
5,4,2259.9868,342.07968
5,5,1885.9673,342.07968
5,6,1946.5441,342.07968
5,7,2330.699,342.07968
5,8,2060.79,342.07968
5,9,2076.9438,342.07968
5,10,1719.3264,342.07968
5,11,2101.7122,342.07968
5,12,2051.8918,342.07968
5,13,1981.8976,342.07968
5,14,2184.2756,342.07968
5,15,1964.0415,342.07968
5,16,2235.4304,342.07968
5,17,1696.6981,342.07968
5,18,2073.0754,342.07968
5,19,1953.782,342.07968
5,20,2078.7937,342.07968
5,21,2047.5349,342.07968
5,22,2029.3131,342.07968
5,23,1972.4674,342.07968
5,24,1977.3591,342.07968
5,25,2338.1243,342.07968
5,26,1297.2169,342.07968
5,27,1444.9408,342.07968
5,28,1922.0099,342.07968
5,29,2010.856,342.07968
5,30,1931.647,342.07968
5,31,1710.5605,342.07968
5,32,1580.6738,342.07968
5,33,1842.9146,342.07968
5,34,1488.7472,342.07968
5,35,1188.809,342.07968
5,36,1482.278,342.07968
5,37,1899.2699,342.07968
5,38,1073.5934,342.07968
5,39,1494.4268,342.07968
5,40,1958.2506,342.07968
5,41,1693.763,342.07968
5,42,1853.8838,342.07968
5,43,1552.5404,342.07968
5,44,1959.8541,342.07968
5,45,1433.2853,342.07968
5,46,1331.8508,342.07968
5,47,1244.0548,342.07968
5,48,1731.7471,342.07968
5,49,1750.7571,342.07968
5,50,1355.7794,342.07968
5,51,1639.897,342.07968
5,52,1513.8606,342.07968
5,53,1313.4841,342.07968
5,54,1359.548,342.07968
5,55,1280.409,342.07968
5,56,1090.065,342.07968
5,57,1325.7511,342.07968
5,58,1316.8113,342.07968
5,59,1321.9823,342.07968
5,60,1656.1031,342.07968
5,61,1952.7964,342.07968
5,62,1431.6268,342.07968
5,63,2025.9744,342.07968
5,64,1745.9872,342.07968
5,65,2005.5461,342.07968
5,66,2119.639,342.07968
5,67,1423.3468,342.07968
5,68,1889.6555,342.07968
5,69,2068.0564,342.07968
5,70,1784.8475,342.07968
5,71,1926.8467,342.07968
5,72,1680.655,342.07968
5,73,1706.7825,342.07968
5,74,2248.5964,342.07968
5,75,1913.8395,342.07968
5,76,1859.8374,342.07968
5,77,2132.9263,342.07968
5,78,1770.3384,342.07968
5,79,2060.3428,342.07968
5,80,1785.0145,342.07968
5,81,1770.0939,342.07968
5,82,1809.0095,342.07968
5,83,1566.7195,342.07968
5,84,1835.9879,342.07968
5,85,1992.3456,342.07968
5,86,2284.988,342.07968
5,87,1464.978,342.07968
5,88,1824.8016,342.07968
5,89,1724.9175,342.07968
5,90,2068.3582,342.07968
5,91,1647.4596,342.07968
5,92,2946.444,342.07968
5,93,2364.0557,342.07968
5,94,2017.6702,342.07968
5,95,2808.1682,342.07968
5,96,2007.2451,342.07968
5,97,2303.7505,342.07968
5,98,2236.1467,342.07968
5,99,2439.0437,342.07968
6,0,2719.883,348.17545
6,1,2667.7273,348.17545
6,2,2512.8203,348.17545
6,3,2805.9836,348.17545
6,4,2298.9868,348.17545
6,5,2347.4807,348.17545
6,6,2392.9412,348.17545
6,7,2416.4392,348.17545
6,8,2244.983,348.17545
6,9,2050.113,348.17545
6,10,2282.169,348.17545
6,11,1967.683,348.17545
6,12,2190.9788,348.17545
6,13,2776.7305,348.17545
6,14,2158.2368,348.17545
6,15,2547.692,348.17545
6,16,1962.3185,348.17545
6,17,1768.521,348.17545
6,18,2059.5337,348.17545
6,19,1835.0698,348.17545
6,20,1691.6271,348.17545
6,21,1546.6969,348.17545
6,22,1553.6869,348.17545
6,23,2059.4963,348.17545
6,24,2047.3282,348.17545
6,25,1729.2024,348.17545
6,26,1440.6584,348.17545
6,27,2078.6555,348.17545
6,28,1542.1089,348.17545
6,29,1689.6409,348.17545
6,30,1603.1676,348.17545
6,31,1835.5554,348.17545
6,32,1753.48,348.17545
6,33,2109.647,348.17545
6,34,1500.307,348.17545
6,35,1643.4999,348.17545
6,36,1217.9849,348.17545
6,37,2011.4406,348.17545
6,38,1902.0684,348.17545
6,39,1669.4686,348.17545
6,40,1342.1395,348.17545
6,41,1843.4137,348.17545
6,42,2330.8875,348.17545
6,43,2979.903,348.17545
6,44,2973.8882,348.17545
6,45,1522.0566,348.17545
6,46,2097.906,348.17545
6,47,1664.0734,348.17545
6,48,1765.1892,348.17545
6,49,1637.9906,348.17545
6,50,1907.5167,348.17545
6,51,2203.9941,348.17545
6,52,2548.7073,348.17545
6,53,2309.5571,348.17545
6,54,2336.2988,348.17545
6,55,1743.3516,348.17545
6,56,1533.6362,348.17545
6,57,1734.0713,348.17545
6,58,1648.7584,348.17545
6,59,2023.9156,348.17545
6,60,1940.0205,348.17545
6,61,1747.2086,348.17545
6,62,1971.7251,348.17545
6,63,1651.6722,348.17545
6,64,1516.5457,348.17545
6,65,2146.45,348.17545
6,66,1598.1938,348.17545
6,67,1541.0886,348.17545
6,68,1514.0402,348.17545
6,69,1609.6481,348.17545
6,70,1842.8237,348.17545
6,71,2253.5322,348.17545
6,72,2011.1115,348.17545
6,73,2138.811,348.17545
6,74,1857.284,348.17545
6,75,2256.4128,348.17545
6,76,2079.2595,348.17545
6,77,2074.4194,348.17545
6,78,1731.29,348.17545
6,79,2009.4427,348.17545
6,80,1989.2047,348.17545
6,81,1884.9479,348.17545
6,82,2271.6912,348.17545
6,83,2002.9232,348.17545
6,84,2395.7056,348.17545
6,85,1938.2439,348.17545
6,86,2171.1335,348.17545
6,87,1812.8909,348.17545
6,88,1806.3378,348.17545
6,89,2439.1838,348.17545
6,90,1934.627,348.17545
6,91,2211.8384,348.17545
6,92,2310.3113,348.17545
6,93,1963.5793,348.17545
6,94,2387.1882,348.17545
6,95,2059.3447,348.17545
6,96,2132.6104,348.17545
6,97,2547.097,348.17545
6,98,2420.6545,348.17545
6,99,2615.7837,348.17545
7,0,1541.1638,324.67175
7,1,1320.4829,324.67175
7,2,1350.0067,324.67175
7,3,1945.8419,324.67175
7,4,1257.6519,324.67175
7,5,1741.3436,324.67175
7,6,1599.9386,324.67175
7,7,1137.563,324.67175
7,8,1182.7496,324.67175
7,9,1668.2355,324.67175
7,10,1117.4249,324.67175
7,11,1494.2595,324.67175
7,12,1544.0374,324.67175
7,13,1568.5477,324.67175
7,14,1251.1853,324.67175
7,15,1246.1582,324.67175
7,16,1307.3627,324.67175
7,17,1338.7877,324.67175
7,18,1568.243,324.67175
7,19,1326.3196,324.67175
7,20,1778.8666,324.67175
7,21,1519.7771,324.67175
7,22,1586.3378,324.67175
7,23,1826.0068,324.67175
7,24,1669.6198,324.67175
7,25,1672.7863,324.67175
7,26,2153.2942,324.67175
7,27,1474.5477,324.67175
7,28,1487.194,324.67175
7,29,1955.4001,324.67175
7,30,1884.4586,324.67175
7,31,2006.4779,324.67175
7,32,1913.1462,324.67175
7,33,1641.5349,324.67175
7,34,1877.239,324.67175
7,35,2256.107,324.67175
7,36,1870.7175,324.67175
7,37,2041.4451,324.67175
7,38,1933.8269,324.67175
7,39,1810.9781,324.67175
7,40,1643.9404,324.67175
7,41,1720.4578,324.67175
7,42,1300.1118,324.67175
7,43,1718.9689,324.67175
7,44,1981.3922,324.67175
7,45,2039.641,324.67175
7,46,2141.464,324.67175
7,47,1991.122,324.67175
7,48,2248.8423,324.67175
7,49,2338.9482,324.67175
7,50,1819.6874,324.67175
7,51,2292.1936,324.67175
7,52,2622.268,324.67175
7,53,2009.4801,324.67175
7,54,2092.7139,324.67175
7,55,2009.5369,324.67175
7,56,2163.2202,324.67175
7,57,1957.9043,324.67175
7,58,1923.7069,324.67175
7,59,1931.8186,324.67175
7,60,2041.7991,324.67175
7,61,1931.0588,324.67175
7,62,2047.3612,324.67175
7,63,2181.3972,324.67175
7,64,2318.586,324.67175
7,65,1751.1409,324.67175
7,66,2140.1401,324.67175
7,67,2130.7786,324.67175
7,68,2244.402,324.67175
7,69,1778.1545,324.67175
7,70,2373.8186,324.67175
7,71,2438.9216,324.67175
7,72,2055.0876,324.67175
7,73,1669.7903,324.67175
7,74,1729.9716,324.67175
7,75,1331.2307,324.67175
7,76,2029.7368,324.67175
7,77,2026.9265,324.67175
7,78,1958.1744,324.67175
7,79,2029.2609,324.67175
7,80,1810.5585,324.67175
7,81,1859.273,324.67175
7,82,1676.8453,324.67175
7,83,1701.5802,324.67175
7,84,2028.2661,324.67175
7,85,1465.5739,324.67175
7,86,1304.8763,324.67175
7,87,2085.0332,324.67175
7,88,1946.2671,324.67175
7,89,1736.4788,324.67175
7,90,1654.5586,324.67175
7,91,1823.0294,324.67175
7,92,1879.3723,324.67175
7,93,2292.4653,324.67175
7,94,1404.8682,324.67175
7,95,2021.8086,324.67175
7,96,2068.6252,324.67175
7,97,1793.3353,324.67175
7,98,1700.4303,324.67175
7,99,1551.5381,324.67175
8,0,2529.8203,328.6521
8,1,2393.9314,328.6521
8,2,1771.7468,328.6521
8,3,1986.0323,328.6521
8,4,1953.3301,328.6521
8,5,1795.0205,328.6521
8,6,1958.389,328.6521
8,7,2019.1395,328.6521
8,8,2111.295,328.6521
8,9,1804.9337,328.6521
8,10,1539.0698,328.6521
8,11,1819.3744,328.6521
8,12,1608.315,328.6521
8,13,1938.3882,328.6521
8,14,1597.8386,328.6521
8,15,1844.662,328.6521
8,16,2282.08,328.6521
8,17,1952.7129,328.6521
8,18,1818.0555,328.6521
8,19,2721.8306,328.6521
8,20,1948.532,328.6521
8,21,1251.6917,328.6521
8,22,1693.8416,328.6521
8,23,2034.161,328.6521
8,24,1781.3107,328.6521
8,25,1466.2579,328.6521
8,26,1711.0972,328.6521
8,27,1892.0317,328.6521
8,28,1511.4673,328.6521
8,29,1702.463,328.6521
8,30,1699.26,328.6521
8,31,1686.4398,328.6521
8,32,1932.2715,328.6521
8,33,1595.847,328.6521
8,34,1763.0773,328.6521
8,35,1713.3483,328.6521
8,36,1349.7744,328.6521
8,37,1757.5037,328.6521
8,38,1349.3767,328.6521
8,39,1693.7472,328.6521
8,40,1679.1396,328.6521
8,41,1961.8943,328.6521
8,42,1565.3073,328.6521
8,43,1812.9287,328.6521
8,44,1614.6337,328.6521
8,45,1884.2864,328.6521
8,46,1664.1184,328.6521
8,47,1897.636,328.6521
8,48,1525.2645,328.6521
8,49,1938.4712,328.6521
8,50,2041.861,328.6521
8,51,1413.1588,328.6521
8,52,1444.8872545454544,328.6521
8,53,1476.6157090909091,328.6521
8,54,1508.3441636363636,328.6521
8,55,1540.0726181818181,328.6521
8,56,1571.8010727272726,328.6521
8,57,1603.5295272727274,328.6521
8,58,1635.2579818181819,328.6521
8,59,1666.9864363636364,328.6521
8,60,1698.714890909091,328.6521
8,61,1730.4433454545456,328.6521
8,62,1762.1718,328.6521
8,63,1616.4891,328.6521
8,64,2031.6163,328.6521
8,65,1494.7892,328.6521
8,66,2156.716,328.6521
8,67,1976.9562,328.6521
8,68,1476.3884,328.6521
8,69,1367.6444,328.6521
8,70,2334.4272,328.6521
8,71,2030.1798,328.6521
8,72,1849.6362,328.6521
8,73,2097.008,328.6521
8,74,2286.3628,328.6521
8,75,1355.3439,328.6521
8,76,2110.5383,328.6521
8,77,2267.969,328.6521
8,78,2342.8682,328.6521
8,79,1156.0892,328.6521
8,80,1960.97,328.6521
8,81,2131.156,328.6521
8,82,1666.3679,328.6521
8,83,2094.3591,328.6521
8,84,2192.567,328.6521
8,85,1892.6609,328.6521
8,86,2153.437,328.6521
8,87,1711.6727,328.6521
8,88,2237.5383,328.6521
8,89,1612.9014,328.6521
8,90,2211.9873,328.6521
8,91,1973.0309,328.6521
8,92,1686.4207,328.6521
8,93,1627.1578,328.6521
8,94,2040.8489,328.6521
8,95,1354.5077,328.6521
8,96,1921.2717,328.6521
8,97,1660.0215,328.6521
8,98,1922.8354,328.6521
8,99,2499.9194,328.6521
9,0,2883.3943,377.74414
9,1,2976.475,377.74414
9,2,3145.8542,377.74414
9,3,2905.3887,377.74414
9,4,3290.4946,377.74414
9,5,2566.9146,377.74414
9,6,2849.6018,377.74414
9,7,2464.6382,377.74414
9,8,2801.9875,377.74414
9,9,2670.168,377.74414
9,10,2570.363,377.74414
9,11,2060.9749,377.74414
9,12,2219.1685,377.74414
9,13,2489.712,377.74414
9,14,2985.332,377.74414
9,15,2856.041,377.74414
9,16,2685.7878,377.74414
9,17,1882.4916,377.74414
9,18,2211.843,377.74414
9,19,1881.5463,377.74414
9,20,1922.993,377.74414
9,21,1909.7511,377.74414
9,22,2106.3503,377.74414
9,23,2193.2356,377.74414
9,24,1997.4138,377.74414
9,25,1911.5084,377.74414
9,26,2305.9023,377.74414
9,27,2073.9534,377.74414
9,28,1932.2495,377.74414
9,29,2450.1428,377.74414
9,30,2549.0635,377.74414
9,31,1978.4921,377.74414
9,32,2165.0256,377.74414
9,33,1854.4563,377.74414
9,34,2604.9038,377.74414
9,35,2118.113,377.74414
9,36,2430.5464,377.74414
9,37,2088.3145,377.74414
9,38,2208.8975,377.74414
9,39,2049.5933,377.74414
9,40,1997.963,377.74414
9,41,1593.3059,377.74414
9,42,1957.2539,377.74414
9,43,2066.9253,377.74414
9,44,2273.1072,377.74414
9,45,1755.3611,377.74414
9,46,2140.6743,377.74414
9,47,2011.8904,377.74414
9,48,1843.2456,377.74414
9,49,2109.1016,377.74414
9,50,2433.8416,377.74414
9,51,1942.3298,377.74414
9,52,1809.041,377.74414
9,53,1505.268,377.74414
9,54,2446.1133,377.74414
9,55,2234.7727,377.74414
9,56,1856.7244,377.74414
9,57,1779.9854,377.74414
9,58,1316.4773,377.74414
9,59,1706.5607,377.74414
9,60,1985.5308,377.74414
9,61,1848.7484,377.74414
9,62,1290.133,377.74414
9,63,1680.943,377.74414
9,64,1567.1273,377.74414
9,65,1952.1733,377.74414
9,66,2436.7312,377.74414
9,67,1985.566,377.74414
9,68,2396.8242,377.74414
9,69,2398.7021,377.74414
9,70,1885.7417,377.74414
9,71,1930.6444,377.74414
9,72,2302.9692,377.74414
9,73,2119.8535,377.74414
9,74,1684.2161,377.74414
9,75,1773.4644,377.74414
9,76,2202.2874,377.74414
9,77,1840.0952,377.74414
9,78,2711.1707,377.74414
9,79,2368.5188,377.74414
9,80,2209.6138,377.74414
9,81,2522.2644,377.74414
9,82,2459.5964,377.74414
9,83,2904.4333,377.74414
9,84,3000.4368,377.74414
9,85,2751.822,377.74414
9,86,2848.4375,377.74414
9,87,2761.0818,377.74414
9,88,2779.8877,377.74414
9,89,2436.9465,377.74414
9,90,2522.3262,377.74414
9,91,2216.2473,377.74414
9,92,2730.9744,377.74414
9,93,3045.8145,377.74414
9,94,2756.6582,377.74414
9,95,2837.9685,377.74414
9,96,2810.294,377.74414
9,97,2727.7988,377.74414
9,98,2786.4907,377.74414
9,99,2830.3972,377.74414
10,0,3022.3645,318.0405
10,1,3155.2017,318.0405
10,2,2766.1157,318.0405
10,3,3480.5906,318.0405
10,4,2796.4866,318.0405
10,5,3527.0742,318.0405
10,6,3305.9377,318.0405
10,7,2924.4202,318.0405
10,8,3160.0386,318.0405
10,9,2779.1619,318.0405
10,10,2875.5142,318.0405
10,11,3083.718,318.0405
10,12,3277.276,318.0405
10,13,3229.8254,318.0405
10,14,2716.0078,318.0405
10,15,2736.2292,318.0405
10,16,2065.46,318.0405
10,17,2880.5144,318.0405
10,18,3387.634,318.0405
10,19,3145.0608,318.0405
10,20,2954.1135,318.0405
10,21,2222.5967,318.0405
10,22,2321.4575,318.0405
10,23,1999.7032,318.0405
10,24,2450.4707,318.0405
10,25,2386.3523,318.0405
10,26,2400.1628,318.0405
10,27,2532.5046,318.0405
10,28,2364.332,318.0405
10,29,2386.2075,318.0405
10,30,2208.6895,318.0405
10,31,2111.2156,318.0405
10,32,2231.9697,318.0405
10,33,2112.3765,318.0405
10,34,2224.862,318.0405
10,35,2369.4307,318.0405
10,36,2154.7756,318.0405
10,37,1735.1035,318.0405
10,38,2504.4817,318.0405
10,39,2316.4905,318.0405
10,40,2452.1606,318.0405
10,41,1824.1757,318.0405
10,42,1964.5714545454546,318.0405
10,43,2104.967209090909,318.0405
10,44,2245.3629636363635,318.0405
10,45,2385.758718181818,318.0405
10,46,2526.1544727272726,318.0405
10,47,2666.550227272727,318.0405
10,48,2806.9459818181817,318.0405
10,49,2947.3417363636363,318.0405
10,50,3087.737490909091,318.0405
10,51,3228.1332454545454,318.0405
10,52,3368.529,318.0405
10,53,1810.2122,318.0405
10,54,1860.368,318.0405
10,55,1788.7831,318.0405
10,56,2150.9346,318.0405
10,57,2509.6985,318.0405
10,58,2897.367,318.0405
10,59,2014.7805,318.0405
10,60,1681.9591,318.0405
10,61,1705.0552,318.0405
10,62,1801.3901,318.0405
10,63,2144.3752,318.0405
10,64,1836.5503,318.0405
10,65,2018.974,318.0405
10,66,1981.1196,318.0405
10,67,1936.6211,318.0405
10,68,2154.1426,318.0405
10,69,1810.5884,318.0405
10,70,2004.4998,318.0405
10,71,1719.8782,318.0405
10,72,1791.7865,318.0405
10,73,2429.2405,318.0405
10,74,2560.7202,318.0405
10,75,2672.0708,318.0405
10,76,2343.0066,318.0405
10,77,2673.3328,318.0405
10,78,2176.0867,318.0405
10,79,2383.0042,318.0405
10,80,2617.1394,318.0405
10,81,2284.824,318.0405
10,82,2246.4387,318.0405
10,83,2247.0117,318.0405
10,84,1926.2592,318.0405
10,85,3078.8184,318.0405
10,86,3061.3877,318.0405
10,87,3373.5186,318.0405
10,88,2861.8623,318.0405
10,89,2943.034,318.0405
10,90,3298.252,318.0405
10,91,3208.858,318.0405
10,92,3148.403,318.0405
10,93,3247.7104,318.0405
10,94,3184.8909,318.0405
10,95,3064.5366,318.0405
10,96,2878.023,318.0405
10,97,3106.8237,318.0405
10,98,3223.3264,318.0405
10,99,3018.1182,318.0405
11,0,2502.5483,309.2933
11,1,2354.4377,309.2933
11,2,2565.5073,309.2933
11,3,2798.7842,309.2933
11,4,2764.7302,309.2933
11,5,1898.4122,309.2933
11,6,3048.4658,309.2933
11,7,2995.75,309.2933
11,8,2678.6677,309.2933
11,9,2749.9387,309.2933
11,10,2567.8174,309.2933
11,11,1587.6907,309.2933
11,12,2360.1824,309.2933
11,13,2148.0886,309.2933
11,14,2522.5396,309.2933
11,15,2511.2214,309.2933
11,16,2447.4934,309.2933
11,17,2283.3145,309.2933
11,18,2304.9797,309.2933
11,19,2145.9307,309.2933
11,20,3082.4316,309.2933
11,21,2658.3735,309.2933
11,22,2796.2563,309.2933
11,23,2117.6965,309.2933
11,24,1861.1388,309.2933
11,25,1596.1152,309.2933
11,26,1544.5712,309.2933
11,27,2087.1929,309.2933
11,28,2277.999,309.2933
11,29,2303.5212,309.2933
11,30,1854.2281,309.2933
11,31,1748.3972,309.2933
11,32,2148.4321,309.2933
11,33,1944.4926,309.2933
11,34,2214.4443,309.2933
11,35,2376.3154,309.2933
11,36,2366.0107,309.2933
11,37,2115.0354,309.2933
11,38,1859.7544,309.2933
11,39,1990.0703,309.2933
11,40,1882.4666,309.2933
11,41,2026.1456,309.2933
11,42,1786.4274,309.2933
11,43,2334.169,309.2933
11,44,1815.3982,309.2933
11,45,2363.4795,309.2933
11,46,2282.0078,309.2933
11,47,2284.1567,309.2933
11,48,1737.5549,309.2933
11,49,1871.2428,309.2933
11,50,1825.4562,309.2933
11,51,1944.4054,309.2933
11,52,2001.4819,309.2933
11,53,2138.6707,309.2933
11,54,1931.8512,309.2933
11,55,1943.1367,309.2933
11,56,1870.6398,309.2933
11,57,2112.7212,309.2933
11,58,2296.321,309.2933
11,59,2125.9514,309.2933
11,60,2317.788,309.2933
11,61,2088.2043,309.2933
11,62,1869.7631,309.2933
11,63,2244.0718,309.2933
11,64,1809.1699,309.2933
11,65,1870.7925,309.2933
11,66,1653.5631,309.2933
11,67,2003.1921,309.2933
11,68,2175.5112,309.2933
11,69,2032.2273,309.2933
11,70,1626.7886,309.2933
11,71,2230.979,309.2933
11,72,2045.9952,309.2933
11,73,2098.1785,309.2933
11,74,2064.5762,309.2933
11,75,2296.2966,309.2933
11,76,2491.5195,309.2933
11,77,2746.8335,309.2933
11,78,2429.5208,309.2933
11,79,2035.3804,309.2933
11,80,2289.122,309.2933
11,81,1694.6078,309.2933
11,82,2176.4517,309.2933
11,83,2203.1914,309.2933
11,84,2408.4849,309.2933
11,85,2116.42,309.2933
11,86,2543.241,309.2933
11,87,2822.7725,309.2933
11,88,2200.4531,309.2933
11,89,2606.4143,309.2933
11,90,2924.642,309.2933
11,91,2997.3818,309.2933
11,92,2916.0852,309.2933
11,93,2712.2488,309.2933
11,94,3165.4668,309.2933
11,95,2657.6533,309.2933
11,96,2742.936,309.2933
11,97,2511.3083,309.2933
11,98,2661.4739,309.2933
11,99,2334.9128,309.2933
12,0,2462.8691,241.43839
12,1,2650.6345,241.43839
12,2,2564.5796,241.43839
12,3,1955.2654,241.43839
12,4,1873.1425,241.43839
12,5,1970.2694,241.43839
12,6,1645.8473,241.43839
12,7,1978.0146,241.43839
12,8,1698.7393,241.43839
12,9,1169.1686,241.43839
12,10,1478.4928,241.43839
12,11,1443.5251,241.43839
12,12,1976.0116,241.43839
12,13,1239.1228,241.43839
12,14,1461.7556,241.43839
12,15,1299.5552,241.43839
12,16,1399.4316,241.43839
12,17,1113.21,241.43839
12,18,1057.6412,241.43839
12,19,859.504,241.43839
12,20,1309.7366,241.43839
12,21,1323.715,241.43839
12,22,1752.9647,241.43839
12,23,2009.0222,241.43839
12,24,1762.8225,241.43839
12,25,1427.3898,241.43839
12,26,1617.0887,241.43839
12,27,1260.9819,241.43839
12,28,841.3275,241.43839
12,29,1366.3131,241.43839
12,30,1217.0511,241.43839
12,31,1558.3611,241.43839
12,32,1427.6573,241.43839
12,33,1378.6492,241.43839
12,34,1090.4231,241.43839
12,35,1510.6896,241.43839
12,36,1307.2128,241.43839
12,37,1818.4895,241.43839
12,38,1538.8912,241.43839
12,39,1418.9875,241.43839
12,40,1029.8507,241.43839
12,41,1113.6309,241.43839
12,42,1229.77,241.43839
12,43,1687.2203,241.43839
12,44,1307.556,241.43839
12,45,1149.3094,241.43839
12,46,1750.6772,241.43839
12,47,1505.552,241.43839
12,48,1285.5223,241.43839
12,49,832.1535,241.43839
12,50,1317.4879,241.43839
12,51,1473.8773,241.43839
12,52,1090.9818,241.43839
12,53,1503.7081,241.43839
12,54,1282.0455,241.43839
12,55,1354.5931,241.43839
12,56,1577.3379,241.43839
12,57,1344.7493,241.43839
12,58,1404.6514,241.43839
12,59,1703.2567,241.43839
12,60,1178.9824,241.43839
12,61,1671.0142,241.43839
12,62,1351.9274,241.43839
12,63,1222.2855,241.43839
12,64,1062.705,241.43839
12,65,1466.7042,241.43839
12,66,1153.2794,241.43839
12,67,1219.0405,241.43839
12,68,1260.0522,241.43839
12,69,1564.5593,241.43839
12,70,1478.9026,241.43839
12,71,1440.365,241.43839
12,72,1436.967,241.43839
12,73,1638.372,241.43839
12,74,1445.7498,241.43839
12,75,1831.684,241.43839
12,76,1598.7455,241.43839
12,77,1967.7203,241.43839
12,78,1512.406,241.43839
12,79,1991.5762,241.43839
12,80,2166.87,241.43839
12,81,1545.5188,241.43839
12,82,1865.1877,241.43839
12,83,2165.8035,241.43839
12,84,1644.5225,241.43839
12,85,1987.8579,241.43839
12,86,2202.1301,241.43839
12,87,1968.6682,241.43839
12,88,2404.3591,241.43839
12,89,1997.5613,241.43839
12,90,2625.494,241.43839
12,91,2507.1653,241.43839
12,92,1893.1827,241.43839
12,93,1977.2401,241.43839
12,94,1732.9014,241.43839
12,95,1810.7046,241.43839
12,96,1782.7041,241.43839
12,97,1875.9843,241.43839
12,98,1622.1385,241.43839
12,99,2480.464,241.43839
13,0,2827.6018,357.14633
13,1,1976.7592,357.14633
13,2,3068.939,357.14633
13,3,2410.4607,357.14633
13,4,2309.485,357.14633
13,5,2390.4304,357.14633
13,6,2377.9421,357.14633
13,7,2754.785,357.14633
13,8,2334.2854,357.14633
13,9,2512.7627,357.14633
13,10,2592.5562,357.14633
13,11,2381.7815,357.14633
13,12,2407.2017,357.14633
13,13,2528.5862,357.14633
13,14,2312.375,357.14633
13,15,2139.6506,357.14633
13,16,2102.4802,357.14633
13,17,1744.7981,357.14633
13,18,2138.521,357.14633
13,19,2014.8259,357.14633
13,20,2279.9138,357.14633
13,21,2177.373,357.14633
13,22,2323.7607,357.14633
13,23,2211.3887,357.14633
13,24,2066.2424,357.14633
13,25,1780.6316,357.14633
13,26,1696.7439,357.14633
13,27,2027.0247,357.14633
13,28,2033.5332,357.14633
13,29,1639.7645,357.14633
13,30,1602.1849,357.14633
13,31,2574.6882,357.14633
13,32,2136.4238,357.14633
13,33,1981.0111,357.14633
13,34,2029.6517,357.14633
13,35,2037.8193,357.14633
13,36,2459.2273,357.14633
13,37,1839.7607,357.14633
13,38,1903.5696,357.14633
13,39,1953.7645,357.14633
13,40,2463.1982,357.14633
13,41,1984.8423,357.14633
13,42,2262.8242,357.14633
13,43,1970.9023,357.14633
13,44,1927.3818,357.14633
13,45,1969.7849,357.14633
13,46,1912.9789,357.14633
13,47,2102.0012,357.14633
13,48,1784.6481,357.14633
13,49,2019.7257,357.14633
13,50,1709.984,357.14633
13,51,1661.0342,357.14633
13,52,600.7159,357.14633
13,53,1624.2306,357.14633
13,54,1272.101,357.14633
13,55,1431.6536,357.14633
13,56,989.5515,357.14633
13,57,1208.6062,357.14633
13,58,1528.4121,357.14633
13,59,1345.5636,357.14633
13,60,1410.958,357.14633
13,61,1785.6835,357.14633
13,62,1302.9099,357.14633
13,63,1420.1818,357.14633
13,64,1292.7145,357.14633
13,65,1413.7056,357.14633
13,66,1228.5273,357.14633
13,67,1534.2758,357.14633
13,68,1924.3164,357.14633
13,69,1327.4725,357.14633
13,70,1370.3044,357.14633
13,71,1342.116,357.14633
13,72,1234.4061,357.14633
13,73,1250.1371,357.14633
13,74,1419.5493,357.14633
13,75,1329.3534,357.14633
13,76,1656.3422,357.14633
13,77,1697.9474,357.14633
13,78,1632.7112,357.14633
13,79,1520.1447,357.14633
13,80,1822.5194,357.14633
13,81,1225.0187,357.14633
13,82,2275.0925,357.14633
13,83,1850.653,357.14633
13,84,1630.9161,357.14633
13,85,1632.3734,357.14633
13,86,1986.0288,357.14633
13,87,2446.4353,357.14633
13,88,2429.7292,357.14633
13,89,2408.3684,357.14633
13,90,2160.6472,357.14633
13,91,1921.8833,357.14633
13,92,1952.0994,357.14633
13,93,2092.0344,357.14633
13,94,1920.876,357.14633
13,95,1852.3444,357.14633
13,96,3019.1672,357.14633
13,97,2531.8354,357.14633
13,98,2565.8538,357.14633
13,99,2769.7578,357.14633
14,0,2137.0115,265.12537
14,1,2630.6675,265.12537
14,2,2656.7139,265.12537
14,3,3367.0986,265.12537
14,4,2666.1558,265.12537
14,5,2570.983,265.12537
14,6,3163.0442,265.12537
14,7,2717.0076,265.12537
14,8,2976.7112,265.12537
14,9,2574.1626,265.12537
14,10,2505.1133,265.12537
14,11,2232.1738,265.12537
14,12,2160.9934,265.12537
14,13,2760.2683,265.12537
14,14,2141.478,265.12537
14,15,1919.7155,265.12537
14,16,1576.2668,265.12537
14,17,2138.1555,265.12537
14,18,1942.669,265.12537
14,19,2026.5398,265.12537
14,20,1945.0918,265.12537
14,21,1735.3644,265.12537
14,22,1677.9297,265.12537
14,23,1794.4174,265.12537
14,24,1465.0277,265.12537
14,25,1828.8281,265.12537
14,26,1291.1573,265.12537
14,27,1932.8771,265.12537
14,28,1788.3518,265.12537
14,29,1152.309,265.12537
14,30,1248.4463,265.12537
14,31,1194.4102,265.12537
14,32,1597.3628,265.12537
14,33,1635.729,265.12537
14,34,1706.9425,265.12537
14,35,1413.6483,265.12537
14,36,1862.5807,265.12537
14,37,1595.1024,265.12537
14,38,2063.748,265.12537
14,39,1147.4742,265.12537
14,40,1810.5571,265.12537
14,41,1945.5358,265.12537
14,42,1872.0612,265.12537
14,43,1413.6926,265.12537
14,44,1458.6537,265.12537
14,45,2186.7244,265.12537
14,46,1629.8,265.12537
14,47,1034.8728,265.12537
14,48,1819.405,265.12537
14,49,1571.8403,265.12537
14,50,1412.444,265.12537
14,51,1577.648,265.12537
14,52,1616.416,265.12537
14,53,1588.1254,265.12537
14,54,1479.548,265.12537
14,55,1578.1002,265.12537
14,56,1241.0897,265.12537
14,57,1449.4916,265.12537
14,58,1730.3242,265.12537
14,59,1250.458,265.12537
14,60,1485.6672,265.12537
14,61,1829.725,265.12537
14,62,1168.8046,265.12537
14,63,1621.0446,265.12537
14,64,1338.7675,265.12537
14,65,1801.12,265.12537
14,66,1093.0947,265.12537
14,67,1517.8717,265.12537
14,68,1534.7336,265.12537
14,69,1457.9735,265.12537
14,70,1564.2616,265.12537
14,71,1133.6034,265.12537
14,72,1190.3943,265.12537
14,73,1495.4744,265.12537
14,74,1626.8616,265.12537
14,75,1364.5867,265.12537
14,76,1208.4438,265.12537
14,77,1383.2327,265.12537
14,78,1377.206,265.12537
14,79,1674.0237,265.12537
14,80,1548.9686,265.12537
14,81,1069.1992,265.12537
14,82,1589.3776,265.12537
14,83,1803.3292,265.12537
14,84,1581.8152,265.12537
14,85,1491.7383,265.12537
14,86,1683.7217,265.12537
14,87,1972.3337,265.12537
14,88,2216.219,265.12537
14,89,1920.7413,265.12537
14,90,1945.9503,265.12537
14,91,2294.081,265.12537
14,92,2127.2551,265.12537
14,93,3124.3496,265.12537
14,94,2439.9336,265.12537
14,95,2114.1262,265.12537
14,96,2251.7908,265.12537
14,97,2541.6282,265.12537
14,98,2331.8342,265.12537
14,99,2372.3213,265.12537
15,0,2330.4333,261.65485
15,1,2598.9395,261.65485
15,2,2680.2625,261.65485
15,3,2237.8528,261.65485
15,4,2340.5557,261.65485
15,5,2225.6033,261.65485
15,6,2633.3752,261.65485
15,7,2825.9868,261.65485
15,8,3320.6436,261.65485
15,9,2405.2456,261.65485
15,10,2296.9412,261.65485
15,11,2519.8782,261.65485
15,12,2974.9946,261.65485
15,13,2437.3254,261.65485
15,14,2602.4583,261.65485
15,15,2317.2793,261.65485
15,16,1889.1512,261.65485
15,17,2282.8086,261.65485
15,18,2129.3005,261.65485
15,19,1629.3726,261.65485
15,20,1636.392,261.65485
15,21,1830.5022,261.65485
15,22,1707.5065,261.65485
15,23,1907.3146,261.65485
15,24,1976.1066,261.65485
15,25,1508.9672,261.65485
15,26,1621.6805,261.65485
15,27,1758.5321,261.65485
15,28,1764.3314,261.65485
15,29,1885.7269,261.65485
15,30,1129.9551,261.65485
15,31,1064.6056,261.65485
15,32,1458.6603,261.65485
15,33,1318.1727,261.65485
15,34,1218.8398,261.65485
15,35,1375.469,261.65485
15,36,1318.1117,261.65485
15,37,1209.9105,261.65485
15,38,1246.0964,261.65485
15,39,1718.6401,261.65485
15,40,1570.6208,261.65485
15,41,1768.8483,261.65485
15,42,1708.9006,261.65485
15,43,1395.5894,261.65485
15,44,1416.9374,261.65485
15,45,1638.2347,261.65485
15,46,1839.2052,261.65485
15,47,1669.3005,261.65485
15,48,1535.8074,261.65485
15,49,1237.3647,261.65485
15,50,1110.4907,261.65485
15,51,1140.6559,261.65485
15,52,1111.6799,261.65485
15,53,1666.971,261.65485
15,54,917.0839,261.65485
15,55,864.255,261.65485
15,56,1227.4518,261.65485
15,57,1088.5747,261.65485
15,58,1208.6183,261.65485
15,59,844.6884,261.65485
15,60,1600.425,261.65485
15,61,1440.7266,261.65485
15,62,1480.8965,261.65485
15,63,1307.9949,261.65485
15,64,1268.4991,261.65485
15,65,1378.8285,261.65485
15,66,1466.1598,261.65485
15,67,1709.5366,261.65485
15,68,1472.3772,261.65485
15,69,1804.9945,261.65485
15,70,1636.3511,261.65485
15,71,1624.392,261.65485
15,72,1616.8347,261.65485
15,73,1073.1863,261.65485
15,74,1232.6232,261.65485
15,75,1059.6727,261.65485
15,76,1638.2388,261.65485
15,77,1775.5175,261.65485
15,78,1952.0977,261.65485
15,79,1632.8645,261.65485
15,80,2413.6602,261.65485
15,81,1913.6544,261.65485
15,82,1791.6129,261.65485
15,83,1929.3718,261.65485
15,84,1612.0759,261.65485
15,85,1871.2673,261.65485
15,86,2208.4558,261.65485
15,87,2227.0625,261.65485
15,88,2380.6284,261.65485
15,89,2212.121,261.65485
15,90,2085.0623,261.65485
15,91,2169.5928,261.65485
15,92,2345.5295,261.65485
15,93,2674.2373,261.65485
15,94,2301.8835,261.65485
15,95,2168.7068,261.65485
15,96,2098.8,261.65485
15,97,2030.6998,261.65485
15,98,2511.7803,261.65485
15,99,2549.772,261.65485
16,0,1861.5642,259.28662
16,1,1827.2705,259.28662
16,2,1718.0311,259.28662
16,3,1644.5903,259.28662
16,4,1909.2444,259.28662
16,5,1547.2914,259.28662
16,6,1347.6161,259.28662
16,7,1510.576,259.28662
16,8,1539.2878,259.28662
16,9,976.0471,259.28662
16,10,1270.0836,259.28662
16,11,903.6708,259.28662
16,12,1259.2855,259.28662
16,13,944.367,259.28662
16,14,1469.4034,259.28662
16,15,1377.6614,259.28662
16,16,1083.5663,259.28662
16,17,1167.9102,259.28662
16,18,981.5491,259.28662
16,19,1169.9814,259.28662
16,20,1099.8671,259.28662
16,21,983.6835,259.28662
16,22,1455.5673,259.28662
16,23,922.5508,259.28662
16,24,1640.4589,259.28662
16,25,1516.7294,259.28662
16,26,1344.0074,259.28662
16,27,1486.084,259.28662
16,28,1232.8104,259.28662
16,29,1203.6774,259.28662
16,30,1025.5001,259.28662
16,31,1236.8297,259.28662
16,32,805.6029,259.28662
16,33,1158.5642,259.28662
16,34,1191.2607,259.28662
16,35,1314.2426,259.28662
16,36,1186.6072,259.28662
16,37,1247.8168,259.28662
16,38,818.9585,259.28662
16,39,798.40393,259.28662
16,40,1038.8413,259.28662
16,41,1112.8004,259.28662
16,42,1128.5496,259.28662
16,43,799.2204,259.28662
16,44,1089.3632,259.28662
16,45,866.4628,259.28662
16,46,1133.4513,259.28662
16,47,722.676,259.28662
16,48,1213.0671,259.28662
16,49,1018.7698,259.28662
16,50,1068.2196,259.28662
16,51,779.1518,259.28662
16,52,1071.72,259.28662
16,53,754.8368,259.28662
16,54,1021.2594,259.28662
16,55,1082.7787,259.28662
16,56,1023.49133,259.28662
16,57,1385.9296,259.28662
16,58,1112.7618,259.28662
16,59,1431.6753,259.28662
16,60,1226.0599,259.28662
16,61,1217.9,259.28662
16,62,1126.1166,259.28662
16,63,1412.7633,259.28662
16,64,1657.588,259.28662
16,65,1371.5203,259.28662
16,66,1496.662,259.28662
16,67,1123.6694,259.28662
16,68,1195.8722,259.28662
16,69,1300.5609,259.28662
16,70,1232.3768,259.28662
16,71,1652.852,259.28662
16,72,1729.6385,259.28662
16,73,1425.5002,259.28662
16,74,1217.1797,259.28662
16,75,1365.0237,259.28662
16,76,1837.5237,259.28662
16,77,1902.8232,259.28662
16,78,1633.8838,259.28662
16,79,1810.8965,259.28662
16,80,1703.2185,259.28662
16,81,1914.8396,259.28662
16,82,1368.1017,259.28662
16,83,1767.6953,259.28662
16,84,1513.767,259.28662
16,85,1594.2112,259.28662
16,86,1511.4419,259.28662
16,87,1855.6093,259.28662
16,88,1506.4264,259.28662
16,89,1551.5393,259.28662
16,90,1737.0508,259.28662
16,91,1376.5222,259.28662
16,92,1636.9624,259.28662
16,93,1537.0052,259.28662
16,94,1713.4213,259.28662
16,95,1462.8905,259.28662
16,96,1840.5386,259.28662
16,97,1425.7992,259.28662
16,98,1649.2324,259.28662
16,99,1850.1548,259.28662
17,0,1770.6562,233.15138
17,1,1780.5139,233.15138
17,2,1672.6573,233.15138
17,3,1519.8496,233.15138
17,4,1817.6742,233.15138
17,5,1622.8834,233.15138
17,6,1828.8214,233.15138
17,7,2204.6123,233.15138
17,8,2396.515,233.15138
17,9,2080.3132,233.15138
17,10,1835.4169,233.15138
17,11,2510.2852,233.15138
17,12,2147.544,233.15138
17,13,2136.6926,233.15138
17,14,1940.7388,233.15138
17,15,1630.1289,233.15138
17,16,1464.4945,233.15138
17,17,1697.2184,233.15138
17,18,2035.7561,233.15138
17,19,1308.2872,233.15138
17,20,1065.7896,233.15138
17,21,1597.9242,233.15138
17,22,1365.1696,233.15138
17,23,962.0026,233.15138
17,24,1493.5994,233.15138
17,25,1434.8572,233.15138
17,26,779.0894,233.15138
17,27,1251.949,233.15138
17,28,1043.1656,233.15138
17,29,170.3769,233.15138
17,30,487.22708,233.15138
17,31,658.2385,233.15138
17,32,887.27783,233.15138
17,33,113.097916,233.15138
17,34,374.51385,233.15138
17,35,688.1874,233.15138
17,36,170.01857,233.15138
17,37,476.15982,233.15138
17,38,480.20108,233.15138
17,39,718.17487,233.15138
17,40,876.3351,233.15138
17,41,523.1674,233.15138
17,42,835.82477,233.15138
17,43,692.70514,233.15138
17,44,835.32635,233.15138
17,45,862.3792,233.15138
17,46,804.9162,233.15138
17,47,978.0421,233.15138
17,48,1074.9528,233.15138
17,49,1019.85376,233.15138
17,50,1003.9014818181818,233.15138
17,51,987.9492036363636,233.15138
17,52,971.9969254545455,233.15138
17,53,956.0446472727273,233.15138
17,54,940.0923690909091,233.15138
17,55,924.1400909090909,233.15138
17,56,908.1878127272727,233.15138
17,57,892.2355345454546,233.15138
17,58,876.2832563636364,233.15138
17,59,860.3309781818182,233.15138
17,60,844.3787,233.15138
17,61,1367.8796,233.15138
17,62,773.31445,233.15138
17,63,1368.5072,233.15138
17,64,1036.6687,233.15138
17,65,1136.741,233.15138
17,66,935.00146,233.15138
17,67,1370.6833,233.15138
17,68,1488.5518,233.15138
17,69,1376.0156,233.15138
17,70,1219.4963,233.15138
17,71,1015.83746,233.15138
17,72,1310.029,233.15138
17,73,1371.001,233.15138
17,74,1194.2214,233.15138
17,75,1726.5575,233.15138
17,76,1543.6508,233.15138
17,77,931.6679,233.15138
17,78,1497.4412,233.15138
17,79,1569.4473,233.15138
17,80,1677.7445,233.15138
17,81,1683.3462,233.15138
17,82,1750.4197,233.15138
17,83,1864.5332,233.15138
17,84,1985.4174,233.15138
17,85,2390.4224,233.15138
17,86,1520.0187,233.15138
17,87,2111.4448,233.15138
17,88,1700.9861,233.15138
17,89,2046.6984,233.15138
17,90,1706.0697,233.15138
17,91,2419.2644,233.15138
17,92,1908.522,233.15138
17,93,2028.8705,233.15138
17,94,1875.9658,233.15138
17,95,1894.4094,233.15138
17,96,1950.2633,233.15138
17,97,2250.3337,233.15138
17,98,2113.4326,233.15138
17,99,1905.571,233.15138
18,0,1742.6176,223.58548
18,1,1928.6155,223.58548
18,2,2031.4093,223.58548
18,3,1960.8901,223.58548
18,4,1906.2839,223.58548
18,5,1671.7622,223.58548
18,6,2451.7603,223.58548
18,7,1534.31,223.58548
18,8,1781.4149,223.58548
18,9,1630.1672,223.58548
18,10,1976.2822,223.58548
18,11,1928.105,223.58548
18,12,1662.3864,223.58548
18,13,2021.7004,223.58548
18,14,1893.2067,223.58548
18,15,1949.4124,223.58548
18,16,1827.0089,223.58548
18,17,2222.3843,223.58548
18,18,1495.262,223.58548
18,19,2363.4468,223.58548
18,20,1979.7772,223.58548
18,21,2106.7656,223.58548
18,22,1615.1328,223.58548
18,23,1845.2701,223.58548
18,24,1300.3857,223.58548
18,25,1713.0962,223.58548
18,26,1729.7329,223.58548
18,27,971.5928,223.58548
18,28,1097.2422,223.58548
18,29,616.32275,223.58548
18,30,1367.9419,223.58548
18,31,739.0476,223.58548
18,32,795.64124,223.58548
18,33,1259.0826,223.58548
18,34,1332.0734,223.58548
18,35,1110.7145,223.58548
18,36,752.38086,223.58548
18,37,617.95917,223.58548
18,38,571.0521,223.58548
18,39,970.3582,223.58548
18,40,823.8941,223.58548
18,41,1115.0055,223.58548
18,42,733.86475,223.58548
18,43,1012.8108,223.58548
18,44,449.00815,223.58548
18,45,885.024,223.58548
18,46,1087.0299,223.58548
18,47,1109.228290909091,223.58548
18,48,1131.4266818181818,223.58548
18,49,1153.6250727272727,223.58548
18,50,1175.8234636363636,223.58548
18,51,1198.0218545454545,223.58548
18,52,1220.2202454545454,223.58548
18,53,1242.4186363636363,223.58548
18,54,1264.6170272727272,223.58548
18,55,1286.8154181818181,223.58548
18,56,1309.013809090909,223.58548
18,57,1331.2122,223.58548
18,58,1444.1078,223.58548
18,59,889.9735,223.58548
18,60,627.475,223.58548
18,61,775.1088,223.58548
18,62,1012.13385,223.58548
18,63,870.58093,223.58548
18,64,583.4509,223.58548
18,65,722.65466,223.58548
18,66,695.0003,223.58548
18,67,787.9763,223.58548
18,68,1227.8279,223.58548
18,69,1238.8296,223.58548
18,70,1050.5436,223.58548
18,71,759.2663,223.58548
18,72,1012.02704,223.58548
18,73,1261.5801,223.58548
18,74,1520.7642,223.58548
18,75,1631.4313,223.58548
18,76,1751.7986,223.58548
18,77,1697.0886,223.58548
18,78,1648.5085,223.58548
18,79,1793.2192,223.58548
18,80,1621.7742,223.58548
18,81,2494.388,223.58548
18,82,1805.553,223.58548
18,83,1756.3523,223.58548
18,84,2218.3228,223.58548
18,85,2221.8677,223.58548
18,86,2359.4043,223.58548
18,87,2120.1826,223.58548
18,88,2117.448,223.58548
18,89,2212.5762,223.58548
18,90,1989.1344,223.58548
18,91,1932.2822,223.58548
18,92,1952.3307,223.58548
18,93,1695.7302,223.58548
18,94,2693.2114,223.58548
18,95,1986.3937,223.58548
18,96,2083.697,223.58548
18,97,2043.329,223.58548
18,98,1886.4598,223.58548
18,99,1883.2952,223.58548
19,0,2120.1565,261.07703
19,1,2369.7078,261.07703
19,2,2532.0376,261.07703
19,3,2520.6216,261.07703
19,4,2746.6577,261.07703
19,5,2784.9934,261.07703
19,6,2760.6848,261.07703
19,7,2759.108,261.07703
19,8,2655.8389,261.07703
19,9,2253.034,261.07703
19,10,1964.7848,261.07703
19,11,3189.0044,261.07703
19,12,2372.6665,261.07703
19,13,2709.0417,261.07703
19,14,2448.0144,261.07703
19,15,2123.3809,261.07703
19,16,2288.4746,261.07703
19,17,2631.5989,261.07703
19,18,2141.2083,261.07703
19,19,2220.5454,261.07703
19,20,2153.2698,261.07703
19,21,2348.629,261.07703
19,22,1887.5879,261.07703
19,23,1682.9585,261.07703
19,24,1999.7805,261.07703
19,25,1180.8374,261.07703
19,26,1229.87,261.07703
19,27,1648.852,261.07703
19,28,1795.593,261.07703
19,29,1340.6896,261.07703
19,30,1228.2905,261.07703
19,31,855.4751,261.07703
19,32,1002.26874,261.07703
19,33,1367.2847,261.07703
19,34,978.0828,261.07703
19,35,1283.1381,261.07703
19,36,1245.3248,261.07703
19,37,963.4009,261.07703
19,38,1293.0795,261.07703
19,39,990.0005,261.07703
19,40,1012.4628,261.07703
19,41,1336.4423,261.07703
19,42,796.3655,261.07703
19,43,1315.1515,261.07703
19,44,1228.0214745454546,261.07703
19,45,1140.891449090909,261.07703
19,46,1053.7614236363636,261.07703
19,47,966.6313981818182,261.07703
19,48,879.5013727272727,261.07703
19,49,792.3713472727272,261.07703
19,50,705.2413218181819,261.07703
19,51,618.1112963636364,261.07703
19,52,530.9812709090909,261.07703
19,53,443.8512454545455,261.07703
19,54,356.72122,261.07703
19,55,569.45135,261.07703
19,56,845.3442,261.07703
19,57,1417.5754,261.07703
19,58,911.2393,261.07703
19,59,979.98737,261.07703
19,60,962.9874,261.07703
19,61,1089.3152,261.07703
19,62,1386.7244,261.07703
19,63,1664.3807,261.07703
19,64,935.23315,261.07703
19,65,1555.299,261.07703
19,66,1022.435,261.07703
19,67,1064.7299,261.07703
19,68,1357.9543,261.07703
19,69,858.55237,261.07703
19,70,1048.572,261.07703
19,71,1287.7476,261.07703
19,72,1348.9135,261.07703
19,73,1864.5635,261.07703
19,74,1991.2767,261.07703
19,75,2137.4185,261.07703
19,76,2247.3252,261.07703
19,77,2271.7246,261.07703
19,78,2101.063,261.07703
19,79,2265.6296,261.07703
19,80,2182.5725,261.07703
19,81,2512.6213,261.07703
19,82,2756.492,261.07703
19,83,2423.1887,261.07703
19,84,2510.6846,261.07703
19,85,2339.0,261.07703
19,86,2589.929,261.07703
19,87,2201.4707,261.07703
19,88,2594.373,261.07703
19,89,2620.712,261.07703
19,90,2955.5286,261.07703
19,91,2343.7761,261.07703
19,92,2726.216,261.07703
19,93,2326.424,261.07703
19,94,2583.8325,261.07703
19,95,2039.5815,261.07703
19,96,2018.5415,261.07703
19,97,2146.4282,261.07703
19,98,2391.2317,261.07703
19,99,2170.7297,261.07703
20,0,2289.623,293.3536
20,1,2557.9067,293.3536
20,2,1718.4352,293.3536
20,3,1992.4268,293.3536
20,4,2399.4526,293.3536
20,5,1996.5652,293.3536
20,6,2222.157,293.3536
20,7,1886.7976,293.3536
20,8,2257.9045,293.3536
20,9,1410.7875,293.3536
20,10,2125.953,293.3536
20,11,2331.1633,293.3536
20,12,2290.5205,293.3536
20,13,2324.921,293.3536
20,14,1848.5104,293.3536
20,15,2655.5225,293.3536
20,16,1674.8546,293.3536
20,17,1919.9321,293.3536
20,18,2406.1602,293.3536
20,19,1474.7422,293.3536
20,20,1568.1859,293.3536
20,21,2140.8223,293.3536
20,22,1586.7346,293.3536
20,23,1419.3008,293.3536
20,24,1739.1282,293.3536
20,25,1586.0977,293.3536
20,26,1725.5487,293.3536
20,27,1822.0292,293.3536
20,28,1145.6919,293.3536
20,29,1088.7249,293.3536
20,30,1555.5293,293.3536
20,31,969.59045,293.3536
20,32,811.7337,293.3536
20,33,1228.999,293.3536
20,34,610.1035,293.3536
20,35,621.61884,293.3536
20,36,835.9583,293.3536
20,37,334.07477,293.3536
20,38,792.8418,293.3536
20,39,533.8181,293.3536
20,40,458.27676,293.3536
20,41,679.2014,293.3536
20,42,597.2623,293.3536
20,43,679.5138,293.3536
20,44,185.81894,293.3536
20,45,328.6178,293.3536
20,46,756.1385,293.3536
20,47,762.9424,293.3536
20,48,1025.9066,293.3536
20,49,532.01434,293.3536
20,50,620.03845,293.3536
20,51,431.8329,293.3536
20,52,718.57117,293.3536
20,53,653.20654,293.3536
20,54,252.15005,293.3536
20,55,675.387,293.3536
20,56,508.5793,293.3536
20,57,788.6278,293.3536
20,58,405.78867,293.3536
20,59,1212.6195,293.3536
20,60,1102.4895,293.3536
20,61,854.98444,293.3536
20,62,1055.3704,293.3536
20,63,878.33307,293.3536
20,64,915.8803,293.3536
20,65,1094.1078,293.3536
20,66,420.7098,293.3536
20,67,768.4669,293.3536
20,68,774.9668,293.3536
20,69,388.4408,293.3536
20,70,401.31345,293.3536
20,71,535.2232,293.3536
20,72,1368.7231,293.3536
20,73,817.453,293.3536
20,74,618.0833,293.3536
20,75,887.34424,293.3536
20,76,718.26385,293.3536
20,77,1078.4476,293.3536
20,78,1001.9967,293.3536
20,79,1321.0096,293.3536
20,80,1573.2063,293.3536
20,81,1656.3569,293.3536
20,82,1649.4606,293.3536
20,83,1818.7,293.3536
20,84,1965.3068,293.3536
20,85,1662.0665,293.3536
20,86,1494.8301,293.3536
20,87,2316.2915,293.3536
20,88,1491.5553,293.3536
20,89,1857.6309,293.3536
20,90,2046.1632,293.3536
20,91,2376.6018,293.3536
20,92,2110.0623,293.3536
20,93,2432.2107,293.3536
20,94,1858.4423,293.3536
20,95,2366.56,293.3536
20,96,2187.503,293.3536
20,97,2445.0193,293.3536
20,98,2375.9673,293.3536
20,99,2362.186,293.3536
21,0,1535.3451,263.76492
21,1,1523.8582,263.76492
21,2,2197.253,263.76492
21,3,1781.6117,263.76492
21,4,2129.5635,263.76492
21,5,2196.7122,263.76492
21,6,1941.7814,263.76492
21,7,1577.2803,263.76492
21,8,1736.8177,263.76492
21,9,1572.433,263.76492
21,10,1740.5571,263.76492
21,11,1958.8536,263.76492
21,12,2011.8804,263.76492
21,13,1923.0383,263.76492
21,14,1384.6084,263.76492
21,15,1353.8354,263.76492
21,16,1543.5573,263.76492
21,17,1499.3763,263.76492
21,18,1899.5988,263.76492
21,19,1771.082,263.76492
21,20,1147.6464,263.76492
21,21,2071.6636,263.76492
21,22,2075.9905,263.76492
21,23,1561.1172,263.76492
21,24,1349.1798,263.76492
21,25,1063.7549,263.76492
21,26,1205.0712,263.76492
21,27,1079.11,263.76492
21,28,438.6324,263.76492
21,29,657.1337,263.76492
21,30,518.5475,263.76492
21,31,515.2478,263.76492
21,32,-40.311398,263.76492
21,33,826.1337,263.76492
21,34,583.1827,263.76492
21,35,489.99658,263.76492
21,36,370.92062,263.76492
21,37,647.4922,263.76492
21,38,552.987,263.76492
21,39,177.71632,263.76492
21,40,767.8821,263.76492
21,41,1005.5055,263.76492
21,42,926.9033,263.76492
21,43,562.9159,263.76492
21,44,417.93027,263.76492
21,45,437.88425,263.76492
21,46,401.74396,263.76492
21,47,1059.4734,263.76492
21,48,935.38806,263.76492
21,49,518.2846,263.76492
21,50,1019.59937,263.76492
21,51,1119.7758,263.76492
21,52,798.75037,263.76492
21,53,912.2644,263.76492
21,54,1068.1317,263.76492
21,55,1266.8257,263.76492
21,56,762.1425,263.76492
21,57,826.05566,263.76492
21,58,1104.7637,263.76492
21,59,858.295,263.76492
21,60,1106.0298,263.76492
21,61,720.8813,263.76492
21,62,1089.5785,263.76492
21,63,998.6416,263.76492
21,64,455.34863,263.76492
21,65,888.4776,263.76492
21,66,205.65158,263.76492
21,67,896.6415,263.76492
21,68,962.51654,263.76492
21,69,950.08563,263.76492
21,70,1408.3942,263.76492
21,71,1083.4272,263.76492
21,72,1039.3817,263.76492
21,73,1541.5315,263.76492
21,74,1186.3696,263.76492
21,75,1422.6094,263.76492
21,76,1529.087,263.76492
21,77,1298.6503,263.76492
21,78,1477.0892,263.76492
21,79,1470.4219,263.76492
21,80,1461.9625,263.76492
21,81,1757.2322,263.76492
21,82,1386.9489,263.76492
21,83,1740.251,263.76492
21,84,1531.6017,263.76492
21,85,2023.2406,263.76492
21,86,1822.9052,263.76492
21,87,1340.6938,263.76492
21,88,1431.6829,263.76492
21,89,1606.3362,263.76492
21,90,1593.4719,263.76492
21,91,1770.5973,263.76492
21,92,1573.538,263.76492
21,93,1725.5193,263.76492
21,94,2184.4912,263.76492
21,95,2026.1332,263.76492
21,96,2051.432,263.76492
21,97,2100.0178,263.76492
21,98,1801.1084,263.76492
21,99,1641.3438,263.76492
22,0,1258.63,323.31116
22,1,1264.6526,323.31116
22,2,1667.8572,323.31116
22,3,955.98175,323.31116
22,4,1216.8539,323.31116
22,5,985.6644,323.31116
22,6,900.52094,323.31116
22,7,895.00305,323.31116
22,8,1016.3292,323.31116
22,9,1337.2935,323.31116
22,10,1400.164,323.31116
22,11,1836.5208,323.31116
22,12,1700.001,323.31116
22,13,1755.0759,323.31116
22,14,1273.4779,323.31116
22,15,1379.8375,323.31116
22,16,1763.4493,323.31116
22,17,1423.3477,323.31116
22,18,928.89044,323.31116
22,19,1483.0791,323.31116
22,20,1397.927,323.31116
22,21,1564.6775,323.31116
22,22,1061.578,323.31116
22,23,1252.7026,323.31116
22,24,1180.7756,323.31116
22,25,574.03564,323.31116
22,26,1051.2073,323.31116
22,27,833.9373,323.31116
22,28,801.8946,323.31116
22,29,563.69507,323.31116
22,30,600.43604,323.31116
22,31,684.55426,323.31116
22,32,1407.5691,323.31116
22,33,762.44867,323.31116
22,34,812.1046,323.31116
22,35,578.51086,323.31116
22,36,1016.72217,323.31116
22,37,404.70563,323.31116
22,38,939.6541,323.31116
22,39,1151.3917,323.31116
22,40,977.8528,323.31116
22,41,1207.2812,323.31116
22,42,897.4434,323.31116
22,43,935.7034,323.31116
22,44,1295.8185,323.31116
22,45,1104.6431,323.31116
22,46,1194.0195,323.31116
22,47,1178.7805,323.31116
22,48,938.05743,323.31116
22,49,1535.294,323.31116
22,50,1224.8394,323.31116
22,51,931.36346,323.31116
22,52,1703.0342,323.31116
22,53,720.7436,323.31116
22,54,1293.2297,323.31116
22,55,1597.064,323.31116
22,56,1083.0989,323.31116
22,57,1443.3975,323.31116
22,58,1534.0632,323.31116
22,59,1558.3622,323.31116
22,60,1618.2784,323.31116
22,61,1128.5382,323.31116
22,62,1241.5796,323.31116
22,63,1365.5499,323.31116
22,64,1846.4568,323.31116
22,65,1609.1998,323.31116
22,66,1359.3921,323.31116
22,67,1282.5675,323.31116
22,68,1167.1458,323.31116
22,69,892.6356,323.31116
22,70,1617.3297,323.31116
22,71,1500.9337,323.31116
22,72,1234.0792,323.31116
22,73,1305.9419,323.31116
22,74,1031.2188,323.31116
22,75,1239.5858,323.31116
22,76,1217.4092,323.31116
22,77,960.0534,323.31116
22,78,1218.3732,323.31116
22,79,1401.3348,323.31116
22,80,1375.4158,323.31116
22,81,1059.3546,323.31116
22,82,1084.1095,323.31116
22,83,1299.1628,323.31116
22,84,1451.066,323.31116
22,85,1085.5426,323.31116
22,86,1640.7249,323.31116
22,87,1993.6991,323.31116
22,88,1173.7234,323.31116
22,89,1362.4583,323.31116
22,90,1211.8016,323.31116
22,91,1489.2306,323.31116
22,92,836.3406,323.31116
22,93,1469.6023,323.31116
22,94,1861.6495,323.31116
22,95,1454.7966,323.31116
22,96,1298.3461,323.31116
22,97,1781.4052,323.31116
22,98,1602.1079,323.31116
22,99,1455.908,323.31116
23,0,1430.8752,294.1335
23,1,1104.941,294.1335
23,2,1479.3574,294.1335
23,3,1572.6036,294.1335
23,4,1288.2335,294.1335
23,5,1254.225,294.1335
23,6,1098.8477,294.1335
23,7,1389.8077,294.1335
23,8,1683.7878,294.1335
23,9,1339.1305,294.1335
23,10,1184.4799,294.1335
23,11,1362.908,294.1335
23,12,1425.3688,294.1335
23,13,1017.0756,294.1335
23,14,807.7476,294.1335
23,15,799.44086,294.1335
23,16,1077.4285,294.1335
23,17,802.01794,294.1335
23,18,791.9468,294.1335
23,19,848.7239,294.1335
23,20,506.6918,294.1335
23,21,858.8655,294.1335
23,22,815.94293,294.1335
23,23,925.204,294.1335
23,24,859.9847,294.1335
23,25,659.12726,294.1335
23,26,675.6413,294.1335
23,27,933.33716,294.1335
23,28,939.6949,294.1335
23,29,1053.7401,294.1335
23,30,628.7521,294.1335
23,31,471.0408,294.1335
23,32,778.99036,294.1335
23,33,962.41437,294.1335
23,34,549.2379,294.1335
23,35,967.7403,294.1335
23,36,758.27026,294.1335
23,37,888.5851,294.1335
23,38,283.52625,294.1335
23,39,455.0301,294.1335
23,40,311.4744,294.1335
23,41,316.0455,294.1335
23,42,205.92476,294.1335
23,43,722.45776,294.1335
23,44,275.02127,294.1335
23,45,366.77344,294.1335
23,46,653.8722,294.1335
23,47,405.4861,294.1335
23,48,488.96747,294.1335
23,49,465.34128,294.1335
23,50,288.96042,294.1335
23,51,334.5265,294.1335
23,52,433.408,294.1335
23,53,591.8696,294.1335
23,54,529.5835,294.1335
23,55,673.707,294.1335
23,56,739.3312,294.1335
23,57,755.9639,294.1335
23,58,589.8876,294.1335
23,59,829.80817,294.1335
23,60,953.9396,294.1335
23,61,199.653,294.1335
23,62,358.7311,294.1335
23,63,448.44843,294.1335
23,64,830.30817,294.1335
23,65,736.2037,294.1335
23,66,728.40454,294.1335
23,67,1040.4404,294.1335
23,68,628.08435,294.1335
23,69,1125.479,294.1335
23,70,757.865,294.1335
23,71,376.2196,294.1335
23,72,780.01227,294.1335
23,73,884.03644,294.1335
23,74,1162.8751,294.1335
23,75,1070.5896,294.1335
23,76,845.6257,294.1335
23,77,1014.9586,294.1335
23,78,976.8872,294.1335
23,79,369.3205,294.1335
23,80,1206.9427,294.1335
23,81,1193.006,294.1335
23,82,715.3894,294.1335
23,83,1101.1139,294.1335
23,84,772.18286,294.1335
23,85,1001.40094,294.1335
23,86,1077.769,294.1335
23,87,1102.266,294.1335
23,88,1645.9823,294.1335
23,89,1298.8368,294.1335
23,90,1234.6536,294.1335
23,91,1320.1245,294.1335
23,92,875.2936,294.1335
23,93,1370.1089,294.1335
23,94,1067.0383,294.1335
23,95,1181.3723,294.1335
23,96,1110.8721,294.1335
23,97,1238.8466,294.1335
23,98,1143.0565,294.1335
23,99,1619.7194,294.1335
24,0,274.6746,-0.99557316
24,1,-21.841805,-0.99557316
24,2,438.1984,-0.99557316
24,3,-21.841805,-0.99557316
24,4,-0.29221773,-0.99557316
24,5,640.06805,-0.99557316
24,6,-21.841805,-0.99557316
24,7,-21.841806,-0.99557316
24,8,-21.841805,-0.99557316
24,9,-4.5186515,-0.99557316
24,10,-19.475271,-0.99557316
24,11,244.5329,-0.99557316
24,12,-21.841805,-0.99557316
24,13,176.11029,-0.99557316
24,14,157.92128,-0.99557316
24,15,-21.841805,-0.99557316
24,16,811.3749,-0.99557316
24,17,-21.841805,-0.99557316
24,18,516.22345,-0.99557316
24,19,-21.841806,-0.99557316
24,20,-21.841806,-0.99557316
24,21,716.9978,-0.99557316
24,22,392.5083,-0.99557316
24,23,662.3733,-0.99557316
24,24,-0.16963807,-0.99557316
24,25,597.2932,-0.99557316
24,26,456.34543,-0.99557316
24,27,-0.20218968,-0.99557316
24,28,-21.841806,-0.99557316
24,29,171.39009,-0.99557316
24,30,458.53897,-0.99557316
24,31,402.02158,-0.99557316
24,32,118.71669,-0.99557316
24,33,297.08435,-0.99557316
24,34,-0.25415513,-0.99557316
24,35,288.76782,-0.99557316
24,36,435.49124,-0.99557316
24,37,-0.14952686,-0.99557316
24,38,-0.16510445,-0.99557316
24,39,166.92877,-0.99557316
24,40,285.10886,-0.99557316
24,41,699.1215,-0.99557316
24,42,179.50911,-0.99557316
24,43,410.64508,-0.99557316
24,44,333.0033,-0.99557316
24,45,664.1806,-0.99557316
24,46,240.70297,-0.99557316
24,47,73.24638,-0.99557316
24,48,538.0506,-0.99557316
24,49,462.2312,-0.99557316
24,50,484.42572,-0.99557316
24,51,448.5109,-0.99557316
24,52,522.3719,-0.99557316
24,53,254.16393,-0.99557316
24,54,280.88733,-0.99557316
24,55,-16.10914,-0.99557316
24,56,503.215,-0.99557316
24,57,400.6617,-0.99557316
24,58,673.0588,-0.99557316
24,59,-0.1509633,-0.99557316
24,60,-21.841805,-0.99557316
24,61,574.01416,-0.99557316
24,62,269.29755,-0.99557316
24,63,-0.20984967,-0.99557316
24,64,-21.841806,-0.99557316
24,65,-21.841806,-0.99557316
24,66,-21.841805,-0.99557316
24,67,222.7002,-0.99557316
24,68,-21.841806,-0.99557316
24,69,-21.841805,-0.99557316
24,70,-21.841805,-0.99557316
24,71,-21.841805,-0.99557316
24,72,-21.841805,-0.99557316
24,73,-21.841805,-0.99557316
24,74,-21.841806,-0.99557316
24,75,-21.841805,-0.99557316
24,76,-21.841806,-0.99557316
24,77,-21.841806,-0.99557316
24,78,-21.841805,-0.99557316
24,79,-21.841805,-0.99557316
24,80,-21.841805,-0.99557316
24,81,-21.841805,-0.99557316
24,82,-21.841805,-0.99557316
24,83,-21.841806,-0.99557316
24,84,-6.682984,-0.99557316
24,85,-21.841806,-0.99557316
24,86,-21.841806,-0.99557316
24,87,-21.841805,-0.99557316
24,88,174.80847,-0.99557316
24,89,-21.841805,-0.99557316
24,90,-21.841805,-0.99557316
24,91,-21.841805,-0.99557316
24,92,178.22652,-0.99557316
24,93,-0.153388,-0.99557316
24,94,-21.841806,-0.99557316
24,95,-3.6807046,-0.99557316
24,96,174.25255,-0.99557316
24,97,283.41058,-0.99557316
24,98,194.13432,-0.99557316
24,99,327.47733,-0.99557316
25,0,233.33263,-1.8262167
25,1,330.32422,-1.8262167
25,2,199.54158,-1.8262167
25,3,528.8911,-1.8262167
25,4,-21.261059,-1.8262167
25,5,102.98348,-1.8262167
25,6,-21.261059,-1.8262167
25,7,298.77747,-1.8262167
25,8,369.0993,-1.8262167
25,9,576.1805,-1.8262167
25,10,196.02634,-1.8262167
25,11,194.7545,-1.8262167
25,12,-0.15875761,-1.8262167
25,13,-0.1629819,-1.8262167
25,14,-21.261059,-1.8262167
25,15,-21.261057,-1.8262167
25,16,317.65305,-1.8262167
25,17,147.1302,-1.8262167
25,18,384.33316,-1.8262167
25,19,-0.14803202,-1.8262167
25,20,5.3460584,-1.8262167
25,21,192.63518,-1.8262167
25,22,-21.261059,-1.8262167
25,23,83.31806,-1.8262167
25,24,175.25647,-1.8262167
25,25,129.77654,-1.8262167
25,26,287.8139,-1.8262167
25,27,325.3252,-1.8262167
25,28,-21.261059,-1.8262167
25,29,464.2111,-1.8262167
25,30,162.66267,-1.8262167
25,31,366.79343,-1.8262167
25,32,564.33563,-1.8262167
25,33,166.0748,-1.8262167
25,34,268.18347,-1.8262167
25,35,-21.261057,-1.8262167
25,36,-21.261057,-1.8262167
25,37,230.24393,-1.8262167
25,38,-21.261057,-1.8262167
25,39,405.3244,-1.8262167
25,40,142.03423,-1.8262167
25,41,81.85421,-1.8262167
25,42,69.87276,-1.8262167
25,43,254.91574,-1.8262167
25,44,304.56754,-1.8262167
25,45,485.8637,-1.8262167
25,46,192.01524,-1.8262167
25,47,295.27368,-1.8262167
25,48,-21.261057,-1.8262167
25,49,607.5139,-1.8262167
25,50,-21.261055,-1.8262167
25,51,87.60141,-1.8262167
25,52,530.85913,-1.8262167
25,53,287.94345,-1.8262167
25,54,-21.261059,-1.8262167
25,55,670.23157,-1.8262167
25,56,-21.261057,-1.8262167
25,57,128.51768,-1.8262167
25,58,134.89581,-1.8262167
25,59,491.32614,-1.8262167
25,60,-21.261059,-1.8262167
25,61,169.89326,-1.8262167
25,62,216.75136,-1.8262167
25,63,75.10564,-1.8262167
25,64,-0.07761774,-1.8262167
25,65,-0.16644,-1.8262167
25,66,-0.1340998,-1.8262167
25,67,836.3201,-1.8262167
25,68,327.55597,-1.8262167
25,69,-21.261057,-1.8262167
25,70,394.0522,-1.8262167
25,71,110.22987,-1.8262167
25,72,-0.15172532,-1.8262167
25,73,583.7079,-1.8262167
25,74,-21.261057,-1.8262167
25,75,-21.261057,-1.8262167
25,76,-21.261059,-1.8262167
25,77,-21.261059,-1.8262167
25,78,142.784,-1.8262167
25,79,206.02538,-1.8262167
25,80,-1.2046921,-1.8262167
25,81,-21.261057,-1.8262167
25,82,-21.261057,-1.8262167
25,83,-21.261057,-1.8262167
25,84,516.54486,-1.8262167
25,85,230.87682,-1.8262167
25,86,-21.261057,-1.8262167
25,87,-0.14221552,-1.8262167
25,88,313.71414,-1.8262167
25,89,-0.14654203,-1.8262167
25,90,-21.261059,-1.8262167
25,91,-21.261057,-1.8262167
25,92,116.39791,-1.8262167
25,93,438.78183,-1.8262167
25,94,-21.261057,-1.8262167
25,95,234.12503,-1.8262167
25,96,7.3434258,-1.8262167
25,97,614.05035,-1.8262167
25,98,169.34872,-1.8262167
25,99,-21.261057,-1.8262167
26,0,-18.582922,-5.9832253
26,1,-18.582922,-5.9832253
26,2,41.188587,-5.9832253
26,3,-18.582924,-5.9832253
26,4,-18.582922,-5.9832253
26,5,96.48392,-5.9832253
26,6,-18.582924,-5.9832253
26,7,125.75644,-5.9832253
26,8,-18.582922,-5.9832253
26,9,-18.582922,-5.9832253
26,10,387.05313,-5.9832253
26,11,63.464268,-5.9832253
26,12,97.55012,-5.9832253
26,13,-18.582924,-5.9832253
26,14,466.9276,-5.9832253
26,15,-18.582924,-5.9832253
26,16,-18.582924,-5.9832253
26,17,-18.582924,-5.9832253
26,18,-18.582922,-5.9832253
26,19,-18.582922,-5.9832253
26,20,-18.582922,-5.9832253
26,21,-18.582924,-5.9832253
26,22,-18.582922,-5.9832253
26,23,-18.582924,-5.9832253
26,24,-18.582922,-5.9832253
26,25,-18.582924,-5.9832253
26,26,-18.582924,-5.9832253
26,27,-18.582924,-5.9832253
26,28,-18.582924,-5.9832253
26,29,-18.582922,-5.9832253
26,30,-18.582924,-5.9832253
26,31,-18.582922,-5.9832253
26,32,-18.582924,-5.9832253
26,33,-18.582922,-5.9832253
26,34,-18.582924,-5.9832253
26,35,-18.582924,-5.9832253
26,36,-18.582922,-5.9832253
26,37,-18.582922,-5.9832253
26,38,128.12302,-5.9832253
26,39,-18.582924,-5.9832253
26,40,-18.582924,-5.9832253
26,41,-18.582924,-5.9832253
26,42,-18.582924,-5.9832253
26,43,100.64099,-5.9832253
26,44,-18.582924,-5.9832253
26,45,195.29298,-5.9832253
26,46,-18.582924,-5.9832253
26,47,-18.582922,-5.9832253
26,48,-18.582924,-5.9832253
26,49,384.91635,-5.9832253
26,50,-18.582924,-5.9832253
26,51,-18.582922,-5.9832253
26,52,-18.582924,-5.9832253
26,53,-18.582924,-5.9832253
26,54,-18.582924,-5.9832253
26,55,-18.582922,-5.9832253
26,56,-18.582924,-5.9832253
26,57,-18.582924,-5.9832253
26,58,25.783562,-5.9832253
26,59,131.98788,-5.9832253
26,60,32.62847,-5.9832253
26,61,-18.582922,-5.9832253
26,62,-18.582922,-5.9832253
26,63,-18.582922,-5.9832253
26,64,-18.582922,-5.9832253
26,65,-18.582924,-5.9832253
26,66,-18.582922,-5.9832253
26,67,-18.582924,-5.9832253
26,68,-18.582924,-5.9832253
26,69,-18.582922,-5.9832253
26,70,-18.582924,-5.9832253
26,71,-18.582924,-5.9832253
26,72,-18.582922,-5.9832253
26,73,-18.582924,-5.9832253
26,74,-18.582924,-5.9832253
26,75,112.84477,-5.9832253
26,76,90.360054,-5.9832253
26,77,-18.582922,-5.9832253
26,78,166.6185,-5.9832253
26,79,-18.582924,-5.9832253
26,80,408.94876,-5.9832253
26,81,-18.582924,-5.9832253
26,82,-18.582922,-5.9832253
26,83,90.696396,-5.9832253
26,84,-18.582924,-5.9832253
26,85,-18.582924,-5.9832253
26,86,-18.582922,-5.9832253
26,87,43.07639,-5.9832253
26,88,-18.582922,-5.9832253
26,89,-18.582922,-5.9832253
26,90,-18.582922,-5.9832253
26,91,-18.582922,-5.9832253
26,92,233.3444,-5.9832253
26,93,-18.582922,-5.9832253
26,94,-18.582922,-5.9832253
26,95,-18.582924,-5.9832253
26,96,-18.582922,-5.9832253
26,97,364.10178,-5.9832253
26,98,246.43402,-5.9832253
26,99,-18.582922,-5.9832253
27,0,1474.9757,316.60632
27,1,1506.531,316.60632
27,2,1923.1406,316.60632
27,3,1713.4977,316.60632
27,4,1870.1577,316.60632
27,5,1810.4008,316.60632
27,6,1641.2635,316.60632
27,7,2398.1016,316.60632
27,8,1459.8224,316.60632
27,9,1787.7031,316.60632
27,10,1821.3331,316.60632
27,11,1535.1292,316.60632
27,12,1364.9841,316.60632
27,13,1709.1113,316.60632
27,14,1631.2723,316.60632
27,15,1554.5673,316.60632
27,16,1802.8569,316.60632
27,17,1522.2753,316.60632
27,18,1307.9645,316.60632
27,19,963.66986,316.60632
27,20,1044.196,316.60632
27,21,907.43665,316.60632
27,22,994.5043,316.60632
27,23,1227.4954,316.60632
27,24,793.9403,316.60632
27,25,656.5618,316.60632
27,26,1226.9264,316.60632
27,27,764.7976,316.60632
27,28,567.25446,316.60632
27,29,1166.6458,316.60632
27,30,1165.6232,316.60632
27,31,967.479,316.60632
27,32,400.81805,316.60632
27,33,278.35498,316.60632
27,34,295.8342,316.60632
27,35,394.98624,316.60632
27,36,554.6598,316.60632
27,37,447.78983,316.60632
27,38,795.42065,316.60632
27,39,748.30536,316.60632
27,40,185.36436,316.60632
27,41,389.45895,316.60632
27,42,420.1181181818182,316.60632
27,43,450.7772863636364,316.60632
27,44,481.4364545454546,316.60632
27,45,512.0956227272727,316.60632
27,46,542.7547909090908,316.60632
27,47,573.4139590909091,316.60632
27,48,604.0731272727272,316.60632
27,49,634.7322954545455,316.60632
27,50,665.3914636363636,316.60632
27,51,696.0506318181817,316.60632
27,52,726.7098,316.60632
27,53,706.7332,316.60632
27,54,882.2632,316.60632
27,55,1533.3846,316.60632
27,56,1212.2032,316.60632
27,57,1527.2264,316.60632
27,58,1169.4639,316.60632
27,59,626.4051,316.60632
27,60,671.42584,316.60632
27,61,769.9075,316.60632
27,62,974.3918,316.60632
27,63,361.78558,316.60632
27,64,638.0243,316.60632
27,65,336.3622,316.60632
27,66,617.99615,316.60632
27,67,473.955,316.60632
27,68,373.95123,316.60632
27,69,761.6632,316.60632
27,70,409.55072,316.60632
27,71,1178.3232,316.60632
27,72,914.3484,316.60632
27,73,428.1783,316.60632
27,74,353.3826,316.60632
27,75,892.2462,316.60632
27,76,642.14075,316.60632
27,77,761.9406,316.60632
27,78,789.7497,316.60632
27,79,1401.6785,316.60632
27,80,1267.3052,316.60632
27,81,1445.0496,316.60632
27,82,959.2836,316.60632
27,83,1315.032,316.60632
27,84,950.6901,316.60632
27,85,1490.5276,316.60632
27,86,1273.491,316.60632
27,87,1505.2383,316.60632
27,88,1412.7617,316.60632
27,89,1765.2731,316.60632
27,90,1599.051,316.60632
27,91,1066.6761,316.60632
27,92,1588.913,316.60632
27,93,1315.65,316.60632
27,94,1409.1497,316.60632
27,95,1463.5436,316.60632
27,96,1231.9023,316.60632
27,97,1445.994,316.60632
27,98,1430.5513,316.60632
27,99,1381.189,316.60632
28,0,2106.7239,270.54166
28,1,2041.6235,270.54166
28,2,2255.488,270.54166
28,3,2148.8235,270.54166
28,4,2367.8093,270.54166
28,5,2118.318,270.54166
28,6,1827.44,270.54166
28,7,1972.7999,270.54166
28,8,2078.9287,270.54166
28,9,1549.617,270.54166
28,10,1662.3906,270.54166
28,11,1263.202,270.54166
28,12,1008.18567,270.54166
28,13,952.0748,270.54166
28,14,928.3438,270.54166
28,15,1015.08594,270.54166
28,16,925.72296,270.54166
28,17,1055.4218,270.54166
28,18,1090.1135,270.54166
28,19,842.2416,270.54166
28,20,505.00595,270.54166
28,21,811.41583,270.54166
28,22,1198.1681,270.54166
28,23,1139.828,270.54166
28,24,1065.0385,270.54166
28,25,1022.91846,270.54166
28,26,1190.4021,270.54166
28,27,866.1612,270.54166
28,28,1010.4688,270.54166
28,29,1326.1058,270.54166
28,30,912.6177,270.54166
28,31,1104.7286,270.54166
28,32,920.4447,270.54166
28,33,1168.4525,270.54166
28,34,640.191,270.54166
28,35,1174.4706,270.54166
28,36,1030.7096,270.54166
28,37,1169.0256,270.54166
28,38,674.43555,270.54166
28,39,1144.4438,270.54166
28,40,1214.0206,270.54166
28,41,1162.1448,270.54166
28,42,1120.2046,270.54166
28,43,1332.276,270.54166
28,44,1267.2441,270.54166
28,45,752.1307,270.54166
28,46,1129.7064,270.54166
28,47,1218.5425,270.54166
28,48,1434.732,270.54166
28,49,1082.5442,270.54166
28,50,2103.2666,270.54166
28,51,2125.8132,270.54166
28,52,2491.775,270.54166
28,53,2697.4329,270.54166
28,54,1407.0872,270.54166
28,55,1096.5901,270.54166
28,56,1217.7697,270.54166
28,57,956.8476,270.54166
28,58,1291.7856,270.54166
28,59,827.7804,270.54166
28,60,1329.4702,270.54166
28,61,1786.8076,270.54166
28,62,1498.435,270.54166
28,63,1254.9409,270.54166
28,64,1327.424,270.54166
28,65,1112.0674,270.54166
28,66,967.35406,270.54166
28,67,1545.8737,270.54166
28,68,899.7265,270.54166
28,69,898.8437,270.54166
28,70,1196.643,270.54166
28,71,1109.3582,270.54166
28,72,1313.2051,270.54166
28,73,1509.0365,270.54166
28,74,1888.8451,270.54166
28,75,1877.54,270.54166
28,76,1872.3748,270.54166
28,77,1663.7784,270.54166
28,78,1758.2324,270.54166
28,79,1640.8507,270.54166
28,80,2281.8455,270.54166
28,81,1804.4922,270.54166
28,82,2095.7285,270.54166
28,83,1536.3315,270.54166
28,84,1823.4803,270.54166
28,85,1386.6389,270.54166
28,86,1953.8036,270.54166
28,87,1954.7197,270.54166
28,88,2150.781,270.54166
28,89,1691.8157,270.54166
28,90,2458.074,270.54166
28,91,2242.2844,270.54166
28,92,2457.3752,270.54166
28,93,1852.9884,270.54166
28,94,1234.5746,270.54166
28,95,2152.542,270.54166
28,96,2291.3816,270.54166
28,97,2268.2253,270.54166
28,98,1928.624,270.54166
28,99,2041.1344,270.54166
29,0,2170.9026,345.47928
29,1,2491.818,345.47928
29,2,2403.596,345.47928
29,3,1612.451,345.47928
29,4,1325.5238,345.47928
29,5,1975.0355,345.47928
29,6,2183.8643,345.47928
29,7,1815.8596,345.47928
29,8,1731.8745,345.47928
29,9,1461.8127,345.47928
29,10,1605.9326,345.47928
29,11,1700.2776,345.47928
29,12,1509.9075,345.47928
29,13,1266.1449,345.47928
29,14,1716.1787,345.47928
29,15,1674.1666,345.47928
29,16,1433.8834,345.47928
29,17,2123.307,345.47928
29,18,1772.535,345.47928
29,19,1296.7275,345.47928
29,20,1429.144,345.47928
29,21,1351.109,345.47928
29,22,1502.5581,345.47928
29,23,1034.0961,345.47928
29,24,1082.2689,345.47928
29,25,1051.867,345.47928
29,26,1001.8021,345.47928
29,27,791.547,345.47928
29,28,1007.80457,345.47928
29,29,1043.8243,345.47928
29,30,1176.5582,345.47928
29,31,919.58636,345.47928
29,32,817.6616,345.47928
29,33,995.44025,345.47928
29,34,1143.5438,345.47928
29,35,1166.0125,345.47928
29,36,909.3673,345.47928
29,37,803.9744,345.47928
29,38,1062.593,345.47928
29,39,712.98755,345.47928
29,40,888.31036,345.47928
29,41,835.9047,345.47928
29,42,523.8748,345.47928
29,43,724.25165,345.47928
29,44,1327.3075,345.47928
29,45,1093.5365,345.47928
29,46,1060.1119,345.47928
29,47,1000.1566,345.47928
29,48,1122.9124,345.47928
29,49,1133.5692,345.47928
29,50,844.46204,345.47928
29,51,1012.9168,345.47928
29,52,1031.4329,345.47928
29,53,1099.5184,345.47928
29,54,1343.3153,345.47928
29,55,597.0558,345.47928
29,56,925.8798,345.47928
29,57,775.53467,345.47928
29,58,295.61197,345.47928
29,59,688.61035,345.47928
29,60,427.92285,345.47928
29,61,725.1489,345.47928
29,62,820.75977,345.47928
29,63,351.91312,345.47928
29,64,529.1881,345.47928
29,65,1085.1226,345.47928
29,66,704.6681,345.47928
29,67,839.7186,345.47928
29,68,647.3401,345.47928
29,69,766.56213,345.47928
29,70,422.3898,345.47928
29,71,790.23224,345.47928
29,72,1003.81256,345.47928
29,73,270.84204,345.47928
29,74,1048.876,345.47928
29,75,782.39044,345.47928
29,76,929.1839,345.47928
29,77,1171.0223,345.47928
29,78,1080.9122,345.47928
29,79,930.3942,345.47928
29,80,886.40393,345.47928
29,81,1466.4618,345.47928
29,82,1244.6904,345.47928
29,83,1189.6453,345.47928
29,84,1267.9103,345.47928
29,85,1297.207,345.47928
29,86,1601.7229,345.47928
29,87,1245.7994,345.47928
29,88,1442.184,345.47928
29,89,1699.9706,345.47928
29,90,1722.8585,345.47928
29,91,2075.9421,345.47928
29,92,932.001,345.47928
29,93,1422.538,345.47928
29,94,1587.2618,345.47928
29,95,1609.5679,345.47928
29,96,1904.1901,345.47928
29,97,1561.2859,345.47928
29,98,1522.3982,345.47928
29,99,2028.7076,345.47928
30,0,2009.9945,496.6193
30,1,1520.2653,496.6193
30,2,1743.4095,496.6193
30,3,1613.1608,496.6193
30,4,1254.2684,496.6193
30,5,1095.0436,496.6193
30,6,1567.112,496.6193
30,7,1664.9316,496.6193
30,8,2058.708,496.6193
30,9,2334.9058,496.6193
30,10,1576.0665,496.6193
30,11,2621.875,496.6193
30,12,2136.8281,496.6193
30,13,2562.276,496.6193
30,14,1567.7097,496.6193
30,15,2225.4512,496.6193
30,16,2142.1082,496.6193
30,17,2207.8057,496.6193
30,18,2283.9434,496.6193
30,19,2422.6665,496.6193
30,20,2433.3247,496.6193
30,21,2443.55,496.6193
30,22,2697.5857,496.6193
30,23,3008.831,496.6193
30,24,2809.751,496.6193
30,25,2654.0715,496.6193
30,26,2173.0325,496.6193
30,27,2154.8655,496.6193
30,28,2401.545,496.6193
30,29,1344.8251,496.6193
30,30,2364.1797,496.6193
30,31,2320.109,496.6193
30,32,2363.3342,496.6193
30,33,2244.3896,496.6193
30,34,1690.0363,496.6193
30,35,2001.2968,496.6193
30,36,1925.1406,496.6193
30,37,1368.0815,496.6193
30,38,2026.91,496.6193
30,39,1552.3801,496.6193
30,40,1578.7345,496.6193
30,41,2425.9072,496.6193
30,42,2274.8262,496.6193
30,43,2044.4182,496.6193
30,44,1605.8091,496.6193
30,45,2591.6855,496.6193
30,46,2568.6653,496.6193
30,47,2907.681,496.6193
30,48,2682.1836,496.6193
30,49,2374.7153,496.6193
30,50,1958.1868,496.6193
30,51,1904.6495,496.6193
30,52,1685.4181,496.6193
30,53,2157.6694,496.6193
30,54,2204.0825,496.6193
30,55,1884.4135,496.6193
30,56,1905.8335,496.6193
30,57,2113.2393,496.6193
30,58,2208.4404,496.6193
30,59,2120.213,496.6193
30,60,2267.4463,496.6193
30,61,2087.9688,496.6193
30,62,2237.5154,496.6193
30,63,2310.751,496.6193
30,64,2533.7388,496.6193
30,65,2545.2063,496.6193
30,66,2079.686,496.6193
30,67,2578.0989,496.6193
30,68,2524.709,496.6193
30,69,2604.9028,496.6193
30,70,2669.6956,496.6193
30,71,2593.8245,496.6193
30,72,3052.1455,496.6193
30,73,2435.9758,496.6193
30,74,2920.977,496.6193
30,75,2490.0776,496.6193
30,76,2412.0247,496.6193
30,77,3029.0518,496.6193
30,78,2399.8435,496.6193
30,79,2245.591,496.6193
30,80,1980.3387,496.6193
30,81,2499.4685,496.6193
30,82,1787.05,496.6193
30,83,2441.075,496.6193
30,84,2307.0005,496.6193
30,85,2370.6172,496.6193
30,86,2136.994,496.6193
30,87,2465.1294,496.6193
30,88,2294.834,496.6193
30,89,1749.4653,496.6193
30,90,2496.1248,496.6193
30,91,2432.744,496.6193
30,92,1984.3651,496.6193
30,93,2547.2273,496.6193
30,94,1827.7399,496.6193
30,95,2200.7842,496.6193
30,96,2495.3677,496.6193
30,97,2004.3162,496.6193
30,98,1855.5826,496.6193
30,99,2409.7285,496.6193
31,0,2499.181,437.94452
31,1,2736.4497,437.94452
31,2,2984.9177,437.94452
31,3,3445.6262,437.94452
31,4,2815.3787,437.94452
31,5,2791.0398,437.94452
31,6,2754.3735,437.94452
31,7,3112.027,437.94452
31,8,2414.7817,437.94452
31,9,2960.9297,437.94452
31,10,3083.6975,437.94452
31,11,2123.823,437.94452
31,12,2614.899,437.94452
31,13,2619.9314,437.94452
31,14,2540.2234,437.94452
31,15,2426.8145,437.94452
31,16,2455.7107,437.94452
31,17,2200.821,437.94452
31,18,2467.3376,437.94452
31,19,2311.695,437.94452
31,20,2838.352,437.94452
31,21,2645.2827,437.94452
31,22,2255.7979,437.94452
31,23,2534.7537,437.94452
31,24,2457.4456,437.94452
31,25,2895.0454,437.94452
31,26,2688.1804,437.94452
31,27,2648.0159,437.94452
31,28,2189.406,437.94452
31,29,2159.8057,437.94452
31,30,2234.9243,437.94452
31,31,2374.0527,437.94452
31,32,2336.3733,437.94452
31,33,2416.787,437.94452
31,34,2179.3318,437.94452
31,35,2728.734,437.94452
31,36,2487.8513,437.94452
31,37,2478.8936,437.94452
31,38,2173.4668,437.94452
31,39,2463.8633,437.94452
31,40,2663.6372,437.94452
31,41,2307.3977,437.94452
31,42,2365.5554,437.94452
31,43,2536.7407,437.94452
31,44,2514.0876,437.94452
31,45,2491.4345,437.94452
31,46,2468.7814,437.94452
31,47,2446.1283,437.94452
31,48,2423.4752,437.94452
31,49,2400.8221,437.94452
31,50,2378.169,437.94452
31,51,2355.5159,437.94452
31,52,2332.8628,437.94452
31,53,2310.2097,437.94452
31,54,2287.5566,437.94452
31,55,2838.8577,437.94452
31,56,2415.0498,437.94452
31,57,2266.8755,437.94452
31,58,2277.234,437.94452
31,59,2528.9531,437.94452
31,60,2454.6267,437.94452
31,61,2241.4814,437.94452
31,62,2141.909,437.94452
31,63,2201.5112,437.94452
31,64,2599.5173,437.94452
31,65,2342.7478,437.94452
31,66,1801.9109,437.94452
31,67,2569.585,437.94452
31,68,2392.091,437.94452
31,69,2730.6143,437.94452
31,70,2463.4482,437.94452
31,71,2370.106,437.94452
31,72,2542.0417,437.94452
31,73,2725.8726,437.94452
31,74,2008.3676,437.94452
31,75,2751.4521,437.94452
31,76,2940.6423,437.94452
31,77,2346.8013,437.94452
31,78,2774.3972,437.94452
31,79,2680.3513,437.94452
31,80,2765.6216,437.94452
31,81,2845.6543,437.94452
31,82,3679.5317,437.94452
31,83,3056.5427,437.94452
31,84,2368.376,437.94452
31,85,2773.9634,437.94452
31,86,3023.5205,437.94452
31,87,2583.7603,437.94452
31,88,2763.3237,437.94452
31,89,2477.7388,437.94452
31,90,2227.0747,437.94452
31,91,2544.3577,437.94452
31,92,1832.5199,437.94452
31,93,1919.0171,437.94452
31,94,2318.5405,437.94452
31,95,2391.2349,437.94452
31,96,2437.0864,437.94452
31,97,3108.004,437.94452
31,98,2251.6938,437.94452
31,99,2382.5881,437.94452
32,0,2554.2346,455.82144
32,1,2174.5774,455.82144
32,2,2247.0044,455.82144
32,3,2371.3972,455.82144
32,4,2103.5244,455.82144
32,5,2172.037,455.82144
32,6,2386.0535,455.82144
32,7,2152.1414,455.82144
32,8,2574.3196,455.82144
32,9,2723.4893,455.82144
32,10,2800.2373,455.82144
32,11,2447.205,455.82144
32,12,2813.4539,455.82144
32,13,2611.3826,455.82144
32,14,2676.7507,455.82144
32,15,2672.7969,455.82144
32,16,2483.255,455.82144
32,17,2413.6428,455.82144
32,18,2043.751,455.82144
32,19,1926.9537,455.82144
32,20,2068.5796,455.82144
32,21,1774.148,455.82144
32,22,2209.6362,455.82144
32,23,2580.8298,455.82144
32,24,3027.6638,455.82144
32,25,2852.7004,455.82144
32,26,2675.5579,455.82144
32,27,2476.341,455.82144
32,28,2312.3672,455.82144
32,29,2690.7239,455.82144
32,30,1758.6786,455.82144
32,31,2228.0994,455.82144
32,32,2053.5315,455.82144
32,33,2109.8572,455.82144
32,34,2631.5012,455.82144
32,35,2423.2402,455.82144
32,36,2172.4863,455.82144
32,37,2436.0596,455.82144
32,38,2031.1743,455.82144
32,39,2669.1882,455.82144
32,40,2622.835,455.82144
32,41,2543.7146,455.82144
32,42,2586.622,455.82144
32,43,2581.2555272727272,455.82144
32,44,2575.889054545454,455.82144
32,45,2570.5225818181816,455.82144
32,46,2565.156109090909,455.82144
32,47,2559.7896363636364,455.82144
32,48,2554.4231636363634,455.82144
32,49,2549.056690909091,455.82144
32,50,2543.690218181818,455.82144
32,51,2538.3237454545456,455.82144
32,52,2532.9572727272725,455.82144
32,53,2527.5908,455.82144
32,54,2421.1318,455.82144
32,55,2412.3245,455.82144
32,56,2310.5317,455.82144
32,57,2863.4937,455.82144
32,58,2248.0093,455.82144
32,59,2387.3235,455.82144
32,60,1952.0248,455.82144
32,61,2243.2466,455.82144
32,62,2760.9924,455.82144
32,63,2633.0762,455.82144
32,64,3144.9937,455.82144
32,65,2540.1218,455.82144
32,66,2284.0981,455.82144
32,67,2315.2192,455.82144
32,68,2304.249,455.82144
32,69,2818.888,455.82144
32,70,2764.5464,455.82144
32,71,2648.7144,455.82144
32,72,2441.7405,455.82144
32,73,2596.6995,455.82144
32,74,2533.7305,455.82144
32,75,2872.4114,455.82144
32,76,3140.42,455.82144
32,77,2415.2124,455.82144
32,78,2357.4614,455.82144
32,79,2021.4187,455.82144
32,80,2217.1313,455.82144
32,81,2270.7832,455.82144
32,82,2623.5532,455.82144
32,83,2541.9863,455.82144
32,84,2768.9148,455.82144
32,85,3114.0488,455.82144
32,86,2858.8245,455.82144
32,87,2834.729,455.82144
32,88,2600.0232,455.82144
32,89,2957.3867,455.82144
32,90,2873.4956,455.82144
32,91,3040.6072,455.82144
32,92,2378.4766,455.82144
32,93,3084.357,455.82144
32,94,3243.435,455.82144
32,95,3121.964,455.82144
32,96,3010.2473,455.82144
32,97,2449.4802,455.82144
32,98,2326.129,455.82144
32,99,2687.5867,455.82144
33,0,2336.9294,345.24356
33,1,2074.3198,345.24356
33,2,1752.543,345.24356
33,3,1404.151,345.24356
33,4,1754.1383,345.24356
33,5,2081.1895,345.24356
33,6,1142.0417,345.24356
33,7,1913.4666,345.24356
33,8,1672.1552,345.24356
33,9,1794.5808,345.24356
33,10,1779.3359,345.24356
33,11,2202.7573,345.24356
33,12,2088.2559,345.24356
33,13,1723.9854,345.24356
33,14,1211.736,345.24356
33,15,1774.5526,345.24356
33,16,2235.482,345.24356
33,17,1733.6787,345.24356
33,18,1923.9044,345.24356
33,19,1576.817,345.24356
33,20,1323.8109,345.24356
33,21,2142.81,345.24356
33,22,2039.368,345.24356
33,23,1717.3125,345.24356
33,24,1718.8677,345.24356
33,25,2101.1572,345.24356
33,26,1729.0413,345.24356
33,27,2217.7642,345.24356
33,28,1983.9585,345.24356
33,29,2091.2478,345.24356
33,30,1844.2008,345.24356
33,31,1711.4082,345.24356
33,32,1619.1194,345.24356
33,33,1626.484,345.24356
33,34,1748.7668,345.24356
33,35,1624.3129,345.24356
33,36,1887.5334,345.24356
33,37,1128.0436,345.24356
33,38,1622.6566,345.24356
33,39,1856.6207,345.24356
33,40,1583.9828,345.24356
33,41,2021.6584,345.24356
33,42,2089.438,345.24356
33,43,2358.7402,345.24356
33,44,2224.5671,345.24356
33,45,1933.9319,345.24356
33,46,1919.7743363636364,345.24356
33,47,1905.6167727272727,345.24356
33,48,1891.459209090909,345.24356
33,49,1877.3016454545455,345.24356
33,50,1863.1440818181818,345.24356
33,51,1848.9865181818182,345.24356
33,52,1834.8289545454545,345.24356
33,53,1820.6713909090909,345.24356
33,54,1806.5138272727272,345.24356
33,55,1792.3562636363636,345.24356
33,56,1778.1987,345.24356
33,57,1892.9003,345.24356
33,58,1830.6946,345.24356
33,59,2452.355,345.24356
33,60,1759.307,345.24356
33,61,2080.0876,345.24356
33,62,1692.4447,345.24356
33,63,1858.0171,345.24356
33,64,1541.5687,345.24356
33,65,1820.8846,345.24356
33,66,1548.9147,345.24356
33,67,1640.0919,345.24356
33,68,1884.8826,345.24356
33,69,1628.0729,345.24356
33,70,2134.5972,345.24356
33,71,1578.1344,345.24356
33,72,1903.0347,345.24356
33,73,1607.387,345.24356
33,74,1904.2274,345.24356
33,75,2012.7195,345.24356
33,76,2175.1824,345.24356
33,77,2016.7891,345.24356
33,78,2017.8665,345.24356
33,79,2276.2583,345.24356
33,80,1964.2915,345.24356
33,81,1671.9867,345.24356
33,82,1707.0012,345.24356
33,83,1540.1882,345.24356
33,84,2274.5474,345.24356
33,85,1867.3224,345.24356
33,86,2038.7893,345.24356
33,87,1505.194,345.24356
33,88,1637.3297,345.24356
33,89,1418.2375,345.24356
33,90,1803.8419,345.24356
33,91,2366.0576,345.24356
33,92,2374.4382,345.24356
33,93,2155.32,345.24356
33,94,2499.168,345.24356
33,95,2279.9055,345.24356
33,96,2540.3362,345.24356
33,97,2366.4116,345.24356
33,98,2330.5627,345.24356
33,99,2446.6606,345.24356
34,0,1941.3923,371.08353
34,1,1891.7815,371.08353
34,2,2233.564,371.08353
34,3,1565.4751,371.08353
34,4,1646.3746,371.08353
34,5,1951.7231,371.08353
34,6,1656.178,371.08353
34,7,1676.7267,371.08353
34,8,1789.599,371.08353
34,9,1595.1724,371.08353
34,10,2413.2375,371.08353
34,11,1717.0143,371.08353
34,12,2125.393,371.08353
34,13,2279.8784,371.08353
34,14,2019.42,371.08353
34,15,2221.7766,371.08353
34,16,2366.4893,371.08353
34,17,2083.9304,371.08353
34,18,1525.4402,371.08353
34,19,1896.5457,371.08353
34,20,1969.4514,371.08353
34,21,1801.9802,371.08353
34,22,1980.9962,371.08353
34,23,2385.5361,371.08353
34,24,2619.2097,371.08353
34,25,2210.42,371.08353
34,26,2169.8845,371.08353
34,27,2424.7588,371.08353
34,28,2327.1448,371.08353
34,29,2182.3904,371.08353
34,30,2492.9,371.08353
34,31,2429.6875,371.08353
34,32,2385.3882,371.08353
34,33,2497.717,371.08353
34,34,2387.4338,371.08353
34,35,2427.9392,371.08353
34,36,2597.2366,371.08353
34,37,2499.8628,371.08353
34,38,2383.5667,371.08353
34,39,2445.9094,371.08353
34,40,1999.6005,371.08353
34,41,2453.9763,371.08353
34,42,2175.0566,371.08353
34,43,2185.7825,371.08353
34,44,2153.4116,371.08353
34,45,2149.7195,371.08353
34,46,2422.9146,371.08353
34,47,2199.505,371.08353
34,48,2041.3331,371.08353
34,49,2462.9373,371.08353
34,50,2444.7756,371.08353
34,51,1879.7772,371.08353
34,52,2291.338,371.08353
34,53,2289.5994,371.08353
34,54,2287.8608000000004,371.08353
34,55,2286.1222000000002,371.08353
34,56,2284.3836,371.08353
34,57,2282.645,371.08353
34,58,2280.9064000000003,371.08353
34,59,2279.1678,371.08353
34,60,2277.4292,371.08353
34,61,2275.6906,371.08353
34,62,2273.952,371.08353
34,63,2272.2134,371.08353
34,64,2155.9746,371.08353
34,65,2391.6357,371.08353
34,66,2355.4583,371.08353
34,67,2129.237,371.08353
34,68,1871.5729,371.08353
34,69,2146.62,371.08353
34,70,1680.2052,371.08353
34,71,1700.5509,371.08353
34,72,1917.7485,371.08353
34,73,1719.6984,371.08353
34,74,1532.8812,371.08353
34,75,1249.9669,371.08353
34,76,1653.3558,371.08353
34,77,1769.3688,371.08353
34,78,1887.4177,371.08353
34,79,2157.497,371.08353
34,80,1981.8887,371.08353
34,81,1906.2064,371.08353
34,82,1959.5181,371.08353
34,83,2269.7922,371.08353
34,84,2236.7854,371.08353
34,85,2212.517,371.08353
34,86,2373.0032,371.08353
34,87,2077.074,371.08353
34,88,1974.0272,371.08353
34,89,1788.2955,371.08353
34,90,1963.4724,371.08353
34,91,2445.5254,371.08353
34,92,1524.4924,371.08353
34,93,1844.7831,371.08353
34,94,2013.1117,371.08353
34,95,1411.1324,371.08353
34,96,1614.3557,371.08353
34,97,1681.6349,371.08353
34,98,2006.8636,371.08353
34,99,1958.433,371.08353
35,0,2703.1892,471.7914
35,1,2942.9238,471.7914
35,2,3308.7888,471.7914
35,3,3064.3547,471.7914
35,4,3416.7166,471.7914
35,5,3493.7136,471.7914
35,6,3361.3186,471.7914
35,7,3420.053,471.7914
35,8,3399.9167,471.7914
35,9,3446.0598,471.7914
35,10,3545.122,471.7914
35,11,3487.564,471.7914
35,12,3576.1,471.7914
35,13,3259.7263,471.7914
35,14,3627.3416,471.7914
35,15,3506.3574,471.7914
35,16,3820.2075,471.7914
35,17,3322.5024,471.7914
35,18,3665.8032,471.7914
35,19,3460.6401,471.7914
35,20,3058.9812,471.7914
35,21,3813.979,471.7914
35,22,3010.9211,471.7914
35,23,2943.867,471.7914
35,24,3516.7305,471.7914
35,25,3680.9104,471.7914
35,26,3400.3853,471.7914
35,27,3688.187,471.7914
35,28,3178.0615,471.7914
35,29,2811.1218,471.7914
35,30,3251.9158,471.7914
35,31,3168.9602,471.7914
35,32,2857.787,471.7914
35,33,2738.883,471.7914
35,34,2846.1157,471.7914
35,35,3175.9536,471.7914
35,36,2772.786,471.7914
35,37,3264.3992,471.7914
35,38,2855.1543,471.7914
35,39,3021.5947,471.7914
35,40,2555.8584,471.7914
35,41,3258.7566,471.7914
35,42,3254.8037,471.7914
35,43,3749.663,471.7914
35,44,3340.125,471.7914
35,45,3631.6917,471.7914
35,46,3362.0586,471.7914
35,47,3662.2576,471.7914
35,48,3327.05,471.7914
35,49,3076.383,471.7914
35,50,3255.4019,471.7914
35,51,2671.6243,471.7914
35,52,3440.3547,471.7914
35,53,3439.6855,471.7914
35,54,3611.1946,471.7914
35,55,3547.8867,471.7914
35,56,3418.356,471.7914
35,57,3456.276,471.7914
35,58,3505.9568,471.7914
35,59,3237.1775,471.7914
35,60,3372.209,471.7914
35,61,3388.49,471.7914
35,62,3188.8865,471.7914
35,63,2995.3699,471.7914
35,64,3007.0083,471.7914
35,65,3026.4978,471.7914
35,66,2898.7432,471.7914
35,67,2688.878,471.7914
35,68,2986.5168,471.7914
35,69,2458.954,471.7914
35,70,2927.5378,471.7914
35,71,2824.8494,471.7914
35,72,2879.1013,471.7914
35,73,2218.1296,471.7914
35,74,2793.1836,471.7914
35,75,3106.609,471.7914
35,76,2959.4192,471.7914
35,77,2599.568,471.7914
35,78,2903.0054,471.7914
35,79,3101.0007,471.7914
35,80,2396.7964,471.7914
35,81,2696.0557,471.7914
35,82,3123.1316,471.7914
35,83,3276.444,471.7914
35,84,2917.942,471.7914
35,85,3170.9512,471.7914
35,86,3129.064,471.7914
35,87,3058.1763,471.7914
35,88,3069.125,471.7914
35,89,3573.6426,471.7914
35,90,3565.4136,471.7914
35,91,2669.2942,471.7914
35,92,2985.0728,471.7914
35,93,3198.2722,471.7914
35,94,3111.8196,471.7914
35,95,2504.4792,471.7914
35,96,2683.6206,471.7914
35,97,3482.8647,471.7914
35,98,2841.4517,471.7914
35,99,2939.012,471.7914
36,0,3182.321,470.04193
36,1,3346.8699,470.04193
36,2,2819.071,470.04193
36,3,2820.6196,470.04193
36,4,2406.3765,470.04193
36,5,2413.4812,470.04193
36,6,2528.4607,470.04193
36,7,2586.799,470.04193
36,8,3089.5833,470.04193
36,9,2841.047,470.04193
36,10,2709.328,470.04193
36,11,2569.958,470.04193
36,12,2865.7312,470.04193
36,13,3014.703,470.04193
36,14,2971.684,470.04193
36,15,2641.4797,470.04193
36,16,3192.0088,470.04193
36,17,3117.2515,470.04193
36,18,3056.9424,470.04193
36,19,2815.8806,470.04193
36,20,2980.3916,470.04193
36,21,3148.2646,470.04193
36,22,2788.8792,470.04193
36,23,2924.5764,470.04193
36,24,2455.439,470.04193
36,25,2732.832,470.04193
36,26,2859.76,470.04193
36,27,3111.9731,470.04193
36,28,2724.6396,470.04193
36,29,2953.7292,470.04193
36,30,2881.8713,470.04193
36,31,2733.763,470.04193
36,32,2713.1384,470.04193
36,33,2966.2798,470.04193
36,34,2370.3606,470.04193
36,35,2171.7405,470.04193
36,36,1808.3239,470.04193
36,37,1878.3071,470.04193
36,38,1996.6208,470.04193
36,39,1715.8119,470.04193
36,40,1102.6399,470.04193
36,41,1336.3378545454543,470.04193
36,42,1570.035809090909,470.04193
36,43,1803.7337636363636,470.04193
36,44,2037.431718181818,470.04193
36,45,2271.129672727273,470.04193
36,46,2504.827627272727,470.04193
36,47,2738.5255818181813,470.04193
36,48,2972.2235363636364,470.04193
36,49,3205.9214909090906,470.04193
36,50,3439.6194454545457,470.04193
36,51,3673.3174,470.04193
36,52,3819.673,470.04193
36,53,3691.771,470.04193
36,54,3917.951,470.04193
36,55,3894.9321,470.04193
36,56,3299.3125,470.04193
36,57,2989.6018,470.04193
36,58,3294.4717,470.04193
36,59,3413.028,470.04193
36,60,2950.2124,470.04193
36,61,3317.0522,470.04193
36,62,3635.8503,470.04193
36,63,3188.7258,470.04193
36,64,3490.448,470.04193
36,65,3500.0525,470.04193
36,66,3109.6243,470.04193
36,67,3152.1372,470.04193
36,68,3465.7173,470.04193
36,69,3518.8381,470.04193
36,70,3769.0527,470.04193
36,71,3174.485,470.04193
36,72,3239.6665,470.04193
36,73,3990.241,470.04193
36,74,3481.9253,470.04193
36,75,3244.6768,470.04193
36,76,3098.9734,470.04193
36,77,3129.0632,470.04193
36,78,3131.5176,470.04193
36,79,2802.7273,470.04193
36,80,2958.6943,470.04193
36,81,3317.2659,470.04193
36,82,3016.6272,470.04193
36,83,3195.4966,470.04193
36,84,3072.334,470.04193
36,85,2754.5244,470.04193
36,86,2894.3599,470.04193
36,87,2640.5432,470.04193
36,88,3316.108,470.04193
36,89,3271.5798,470.04193
36,90,2835.226,470.04193
36,91,2899.1084,470.04193
36,92,2553.5024,470.04193
36,93,2758.7078,470.04193
36,94,2641.1887,470.04193
36,95,2687.6562,470.04193
36,96,2879.3613,470.04193
36,97,3217.472,470.04193
36,98,4102.492,470.04193
36,99,2966.1057,470.04193
