EmbryoID,Position,Membrane signal,Cytoplasmic signal
0,0,54.590992,-6.3675065
0,1,35.409004,-6.3675065
0,2,-19.776442,-6.3675065
0,3,-19.776442,-6.3675065
0,4,-19.776442,-6.3675065
0,5,-19.776442,-6.3675065
0,6,-19.776442,-6.3675065
0,7,-19.776442,-6.3675065
0,8,-19.776442,-6.3675065
0,9,-19.776442,-6.3675065
0,10,20.61575,-6.3675065
0,11,398.5229,-6.3675065
0,12,-19.776442,-6.3675065
0,13,-19.776442,-6.3675065
0,14,-19.776442,-6.3675065
0,15,-19.776442,-6.3675065
0,16,-19.776442,-6.3675065
0,17,-19.776442,-6.3675065
0,18,-19.776442,-6.3675065
0,19,-19.776442,-6.3675065
0,20,-19.776442,-6.3675065
0,21,-19.776442,-6.3675065
0,22,-19.776442,-6.3675065
0,23,-19.776442,-6.3675065
0,24,-19.776442,-6.3675065
0,25,-19.776442,-6.3675065
0,26,-19.776442,-6.3675065
0,27,-19.776442,-6.3675065
0,28,-19.776442,-6.3675065
0,29,-19.776442,-6.3675065
0,30,319.53705,-6.3675065
0,31,-19.776442,-6.3675065
0,32,-19.776442,-6.3675065
0,33,-19.776442,-6.3675065
0,34,-19.776442,-6.3675065
0,35,-19.776442,-6.3675065
0,36,-19.776442,-6.3675065
0,37,-19.776442,-6.3675065
0,38,-19.776442,-6.3675065
0,39,-19.776442,-6.3675065
0,40,-19.776442,-6.3675065
0,41,-19.776442,-6.3675065
0,42,-19.776442,-6.3675065
0,43,-19.776442,-6.3675065
0,44,-19.776442,-6.3675065
0,45,-19.776442,-6.3675065
0,46,136.19409,-6.3675065
0,47,-19.776442,-6.3675065
0,48,-19.776442,-6.3675065
0,49,-19.776442,-6.3675065
0,50,107.417946,-6.3675065
0,51,-19.776442,-6.3675065
0,52,-19.776442,-6.3675065
0,53,97.04178,-6.3675065
0,54,46.887028,-6.3675065
0,55,-19.776442,-6.3675065
0,56,-19.776442,-6.3675065
0,57,-19.776442,-6.3675065
0,58,54.337723,-6.3675065
0,59,-19.776442,-6.3675065
0,60,-19.776442,-6.3675065
0,61,-19.776442,-6.3675065
0,62,-19.776442,-6.3675065
0,63,-19.776442,-6.3675065
0,64,-19.776442,-6.3675065
0,65,-19.776442,-6.3675065
0,66,-19.776442,-6.3675065
0,67,-19.776442,-6.3675065
0,68,-19.776442,-6.3675065
0,69,50.091297,-6.3675065
0,70,-19.776442,-6.3675065
0,71,-19.776442,-6.3675065
0,72,-19.776442,-6.3675065
0,73,-19.776442,-6.3675065
0,74,-19.776442,-6.3675065
0,75,-19.776442,-6.3675065
0,76,-19.776442,-6.3675065
0,77,-19.776442,-6.3675065
0,78,-19.776442,-6.3675065
0,79,-19.776442,-6.3675065
0,80,-19.776442,-6.3675065
0,81,-19.776442,-6.3675065
0,82,243.05351,-6.3675065
0,83,-19.776442,-6.3675065
0,84,-19.776442,-6.3675065
0,85,203.06987,-6.3675065
0,86,-19.776442,-6.3675065
0,87,-19.776442,-6.3675065
0,88,-19.776442,-6.3675065
0,89,-19.776442,-6.3675065
0,90,-19.776442,-6.3675065
0,91,-19.776442,-6.3675065
0,92,-19.776442,-6.3675065
0,93,-19.776442,-6.3675065
0,94,-19.776442,-6.3675065
0,95,65.257614,-6.3675065
0,96,-19.776442,-6.3675065
0,97,-19.776442,-6.3675065
0,98,-6.3750744,-6.3675065
0,99,-19.776442,-6.3675065
1,0,241.1409,16.122334
1,1,382.81473,16.122334
1,2,174.28764,16.122334
1,3,808.4338,16.122334
1,4,839.70105,16.122334
1,5,812.5331,16.122334
1,6,110.1248,16.122334
1,7,-27.976257,16.122334
1,8,-8.522741,16.122334
1,9,748.5202,16.122334
1,10,701.4975,16.122334
1,11,382.17917,16.122334
1,12,499.60367,16.122334
1,13,1288.8381,16.122334
1,14,362.70422,16.122334
1,15,210.30943,16.122334
1,16,329.15845,16.122334
1,17,358.47647,16.122334
1,18,832.0586,16.122334
1,19,467.3569,16.122334
1,20,999.4304,16.122334
1,21,542.9,16.122334
1,22,235.50278,16.122334
1,23,-27.888258,16.122334
1,24,346.6271,16.122334
1,25,360.38763,16.122334
1,26,456.66956,16.122334
1,27,-27.976257,16.122334
1,28,-27.976257,16.122334
1,29,-27.976257,16.122334
1,30,90.831154,16.122334
1,31,837.1503,16.122334
1,32,-27.976257,16.122334
1,33,-27.976257,16.122334
1,34,319.41275,16.122334
1,35,-27.976257,16.122334
1,36,-27.976261,16.122334
1,37,-27.976257,16.122334
1,38,-27.976257,16.122334
1,39,-27.976257,16.122334
1,40,-27.976257,16.122334
1,41,120.35752,16.122334
1,42,-27.976257,16.122334
1,43,-27.976257,16.122334
1,44,-3.518734,16.122334
1,45,-27.976261,16.122334
1,46,365.27112,16.122334
1,47,-27.976257,16.122334
1,48,343.6317,16.122334
1,49,145.89432,16.122334
1,50,389.20187,16.122334
1,51,747.65375,16.122334
1,52,375.76743,16.122334
1,53,-27.976257,16.122334
1,54,-27.976257,16.122334
1,55,-27.976257,16.122334
1,56,215.63316,16.122334
1,57,-27.976257,16.122334
1,58,470.8323,16.122334
1,59,-27.976257,16.122334
1,60,-27.976261,16.122334
1,61,-8.755664,16.122334
1,62,-27.976261,16.122334
1,63,-27.976261,16.122334
1,64,-27.976257,16.122334
1,65,-27.976257,16.122334
1,66,-27.976257,16.122334
1,67,-27.976257,16.122334
1,68,-27.976257,16.122334
1,69,-27.976257,16.122334
1,70,383.29608,16.122334
1,71,243.13535,16.122334
1,72,-27.976149,16.122334
1,73,-27.976257,16.122334
1,74,253.45361,16.122334
1,75,554.1733,16.122334
1,76,833.80707,16.122334
1,77,739.693,16.122334
1,78,90.676636,16.122334
1,79,-4.2184253,16.122334
1,80,452.75458,16.122334
1,81,341.74887,16.122334
1,82,1178.1399,16.122334
1,83,589.95447,16.122334
1,84,265.91757,16.122334
1,85,-27.976261,16.122334
1,86,488.1341,16.122334
1,87,-10.328777,16.122334
1,88,-27.976257,16.122334
1,89,-27.976261,16.122334
1,90,609.3515,16.122334
1,91,459.08923,16.122334
1,92,209.14037,16.122334
1,93,580.78516,16.122334
1,94,795.7019,16.122334
1,95,975.4899,16.122334
1,96,312.75897,16.122334
1,97,1284.1884,16.122334
1,98,438.505,16.122334
1,99,284.60587,16.122334
2,0,112.84586,0.11200451
2,1,180.6337,0.11200451
2,2,95.85312,0.11200451
2,3,-20.666922,0.11200451
2,4,358.51428,0.11200451
2,5,-20.666922,0.11200451
2,6,-20.666922,0.11200451
2,7,-20.666922,0.11200451
2,8,-0.22285798,0.11200451
2,9,132.19429,0.11200451
2,10,44.63364,0.11200451
2,11,68.48642,0.11200451
2,12,217.91553,0.11200451
2,13,124.66065,0.11200451
2,14,700.6982,0.11200451
2,15,116.99692,0.11200451
2,16,229.50496,0.11200451
2,17,-20.666922,0.11200451
2,18,-6.90363,0.11200451
2,19,-20.666922,0.11200451
2,20,337.47812,0.11200451
2,21,252.63815,0.11200451
2,22,67.08028,0.11200451
2,23,-0.1541448,0.11200451
2,24,298.1385,0.11200451
2,25,269.19772,0.11200451
2,26,-9.55855,0.11200451
2,27,310.96368,0.11200451
2,28,121.83182,0.11200451
2,29,88.11014,0.11200451
2,30,-20.666922,0.11200451
2,31,142.75002,0.11200451
2,32,268.87253,0.11200451
2,33,-11.349959,0.11200451
2,34,154.64995,0.11200451
2,35,267.5804,0.11200451
2,36,-20.666922,0.11200451
2,37,237.61282,0.11200451
2,38,-20.666922,0.11200451
2,39,-20.666922,0.11200451
2,40,202.91362,0.11200451
2,41,-20.666922,0.11200451
2,42,-20.666922,0.11200451
2,43,-0.3742145,0.11200451
2,44,80.17229,0.11200451
2,45,-20.666922,0.11200451
2,46,-0.16188496,0.11200451
2,47,-20.666922,0.11200451
2,48,-20.666922,0.11200451
2,49,-0.2560943,0.11200451
2,50,372.6711,0.11200451
2,51,201.05208,0.11200451
2,52,190.34134,0.11200451
2,53,80.148155,0.11200451
2,54,-20.666922,0.11200451
2,55,240.09998,0.11200451
2,56,-20.666922,0.11200451
2,57,-20.666922,0.11200451
2,58,-2.1692374,0.11200451
2,59,174.81435,0.11200451
2,60,-20.666922,0.11200451
2,61,-20.666922,0.11200451
2,62,-20.666922,0.11200451
2,63,-20.666922,0.11200451
2,64,-20.666922,0.11200451
2,65,212.17578,0.11200451
2,66,-20.666922,0.11200451
2,67,-20.666922,0.11200451
2,68,-20.666922,0.11200451
2,69,203.08728,0.11200451
2,70,-20.666922,0.11200451
2,71,164.29755,0.11200451
2,72,-20.666922,0.11200451
2,73,-20.666922,0.11200451
2,74,262.8634,0.11200451
2,75,75.56432,0.11200451
2,76,-20.666922,0.11200451
2,77,100.27136,0.11200451
2,78,531.22766,0.11200451
2,79,478.44016,0.11200451
2,80,242.62704,0.11200451
2,81,341.7574,0.11200451
2,82,307.6188,0.11200451
2,83,158.33937,0.11200451
2,84,457.47675,0.11200451
2,85,322.917,0.11200451
2,86,-20.666922,0.11200451
2,87,331.9238,0.11200451
2,88,-20.666922,0.11200451
2,89,462.35455,0.11200451
2,90,-20.666922,0.11200451
2,91,88.71368,0.11200451
2,92,339.25577,0.11200451
2,93,-20.666922,0.11200451
2,94,-20.666922,0.11200451
2,95,583.44257,0.11200451
2,96,59.64827,0.11200451
2,97,473.7463,0.11200451
2,98,448.03146,0.11200451
2,99,164.52725,0.11200451
3,0,-17.134844,-5.5169797
3,1,-17.134844,-5.5169797
3,2,-17.134844,-5.5169797
3,3,-17.134844,-5.5169797
3,4,-17.134844,-5.5169797
3,5,-17.134844,-5.5169797
3,6,319.00327,-5.5169797
3,7,-17.134844,-5.5169797
3,8,-17.134844,-5.5169797
3,9,-17.134844,-5.5169797
3,10,-17.134844,-5.5169797
3,11,-17.134844,-5.5169797
3,12,-17.134844,-5.5169797
3,13,-17.134844,-5.5169797
3,14,-17.134844,-5.5169797
3,15,-17.134844,-5.5169797
3,16,70.11768,-5.5169797
3,17,-17.134844,-5.5169797
3,18,-17.134844,-5.5169797
3,19,-17.134844,-5.5169797
3,20,-17.134844,-5.5169797
3,21,-17.134844,-5.5169797
3,22,-17.134844,-5.5169797
3,23,-17.134844,-5.5169797
3,24,-17.134844,-5.5169797
3,25,-17.134844,-5.5169797
3,26,-17.134844,-5.5169797
3,27,-17.134844,-5.5169797
3,28,-17.134844,-5.5169797
3,29,-17.134844,-5.5169797
3,30,-17.134844,-5.5169797
3,31,-17.134844,-5.5169797
3,32,-17.134844,-5.5169797
3,33,-17.134844,-5.5169797
3,34,-17.134844,-5.5169797
3,35,-17.134844,-5.5169797
3,36,-17.134844,-5.5169797
3,37,-17.134844,-5.5169797
3,38,-17.134844,-5.5169797
3,39,-17.134844,-5.5169797
3,40,-17.134844,-5.5169797
3,41,-17.134844,-5.5169797
3,42,-17.134844,-5.5169797
3,43,-17.134844,-5.5169797
3,44,-17.134844,-5.5169797
3,45,-17.134844,-5.5169797
3,46,-17.134844,-5.5169797
3,47,-17.134844,-5.5169797
3,48,-17.134844,-5.5169797
3,49,-17.134844,-5.5169797
3,50,-17.134844,-5.5169797
3,51,-17.134844,-5.5169797
3,52,-17.134844,-5.5169797
3,53,-17.134844,-5.5169797
3,54,-17.134844,-5.5169797
3,55,99.418564,-5.5169797
3,56,-17.134844,-5.5169797
3,57,-17.134844,-5.5169797
3,58,-17.134844,-5.5169797
3,59,-17.134844,-5.5169797
3,60,-17.134844,-5.5169797
3,61,-17.134844,-5.5169797
3,62,-17.134844,-5.5169797
3,63,-17.134844,-5.5169797
3,64,-17.134844,-5.5169797
3,65,-17.134844,-5.5169797
3,66,-17.134844,-5.5169797
3,67,-17.134844,-5.5169797
3,68,-17.134844,-5.5169797
3,69,-17.134844,-5.5169797
3,70,-17.134844,-5.5169797
3,71,-17.134844,-5.5169797
3,72,-17.134844,-5.5169797
3,73,-17.134844,-5.5169797
3,74,-17.134844,-5.5169797
3,75,-17.134844,-5.5169797
3,76,-17.134844,-5.5169797
3,77,-17.134844,-5.5169797
3,78,-17.134844,-5.5169797
3,79,-17.134844,-5.5169797
3,80,-17.134844,-5.5169797
3,81,-17.134844,-5.5169797
3,82,-17.134844,-5.5169797
3,83,-17.134844,-5.5169797
3,84,-17.134844,-5.5169797
3,85,-17.134844,-5.5169797
3,86,130.19852,-5.5169797
3,87,81.185394,-5.5169797
3,88,-17.134844,-5.5169797
3,89,-17.134844,-5.5169797
3,90,-17.134844,-5.5169797
3,91,-17.134844,-5.5169797
3,92,-17.134844,-5.5169797
3,93,-17.134844,-5.5169797
3,94,-17.134844,-5.5169797
3,95,-17.134844,-5.5169797
3,96,-17.134844,-5.5169797
3,97,-17.134844,-5.5169797
3,98,-17.134844,-5.5169797
3,99,-17.134844,-5.5169797
4,0,3.7388964,96.14681
4,1,-30.126612,96.14681
4,2,-11.299234,96.14681
4,3,391.03052,96.14681
4,4,24.672735,96.14681
4,5,368.20966,96.14681
4,6,130.93324,96.14681
4,7,204.62,96.14681
4,8,165.72975,96.14681
4,9,39.66669,96.14681
4,10,-30.131035,96.14681
4,11,-30.130993,96.14681
4,12,74.52466,96.14681
4,13,392.47592,96.14681
4,14,171.39665,96.14681
4,15,662.0335,96.14681
4,16,470.39383,96.14681
4,17,465.2688,96.14681
4,18,170.3059,96.14681
4,19,-30.12861,96.14681
4,20,-0.63030875,96.14681
4,21,523.70557,96.14681
4,22,815.8269,96.14681
4,23,-30.131035,96.14681
4,24,107.763916,96.14681
4,25,388.81082,96.14681
4,26,189.39124,96.14681
4,27,399.45273,96.14681
4,28,215.66553,96.14681
4,29,360.7496,96.14681
4,30,579.10236,96.14681
4,31,713.574,96.14681
4,32,190.66353,96.14681
4,33,228.73132,96.14681
4,34,712.5734,96.14681
4,35,-30.131037,96.14681
4,36,-30.131037,96.14681
4,37,-30.083107,96.14681
4,38,-30.131037,96.14681
4,39,-30.13104,96.14681
4,40,-30.13104,96.14681
4,41,-30.131037,96.14681
4,42,-30.131037,96.14681
4,43,132.97911,96.14681
4,44,796.3481,96.14681
4,45,-30.131037,96.14681
4,46,511.6175,96.14681
4,47,438.6616,96.14681
4,48,187.3616,96.14681
4,49,-30.131037,96.14681
4,50,-30.11169,96.14681
4,51,-11.950307,96.14681
4,52,224.05527,96.14681
4,53,-30.130993,96.14681
4,54,-30.13104,96.14681
4,55,570.0808,96.14681
4,56,486.9181,96.14681
4,57,563.86053,96.14681
4,58,-30.13104,96.14681
4,59,434.0889,96.14681
4,60,-30.131037,96.14681
4,61,-30.131037,96.14681
4,62,20.142466,96.14681
4,63,50.133526,96.14681
4,64,-30.131037,96.14681
4,65,411.5549,96.14681
4,66,495.72586,96.14681
4,67,378.66632,96.14681
4,68,197.55006,96.14681
4,69,468.76147,96.14681
4,70,669.0985,96.14681
4,71,658.4286,96.14681
4,72,186.43138,96.14681
4,73,909.566,96.14681
4,74,418.27707,96.14681
4,75,299.87497,96.14681
4,76,897.92096,96.14681
4,77,560.0954,96.14681
4,78,175.21169,96.14681
4,79,626.3958,96.14681
4,80,1024.5985,96.14681
4,81,917.573,96.14681
4,82,264.48685,96.14681
4,83,468.95236,96.14681
4,84,-30.13104,96.14681
4,85,257.7873,96.14681
4,86,163.7733,96.14681
4,87,-30.13104,96.14681
4,88,595.9627,96.14681
4,89,445.41458,96.14681
4,90,36.736908,96.14681
4,91,-30.131037,96.14681
4,92,604.9684,96.14681
4,93,663.2226,96.14681
4,94,679.0872,96.14681
4,95,415.96268,96.14681
4,96,128.8444,96.14681
4,97,839.0272,96.14681
4,98,-30.131037,96.14681
4,99,226.8728,96.14681
5,0,2206.8606,342.07968
5,1,1990.5697,342.07968
5,2,1664.0266,342.07968
5,3,2455.034,342.07968
5,4,2259.9875,342.07968
5,5,1885.9678,342.07968
5,6,1946.5444,342.07968
5,7,2330.6995,342.07968
5,8,2060.7905,342.07968
5,9,2076.9443,342.07968
5,10,1719.3268,342.07968
5,11,2101.7126,342.07968
5,12,2051.8923,342.07968
5,13,1981.8981,342.07968
5,14,2184.2761,342.07968
5,15,1964.0419,342.07968
5,16,2235.431,342.07968
5,17,1696.6986,342.07968
5,18,2073.076,342.07968
5,19,1953.7825,342.07968
5,20,2078.7942,342.07968
5,21,2047.5354,342.07968
5,22,2029.3136,342.07968
5,23,1972.4679,342.07968
5,24,1977.3596,342.07968
5,25,2338.125,342.07968
5,26,1297.2172,342.07968
5,27,1444.941,342.07968
5,28,1922.0104,342.07968
5,29,2010.8563,342.07968
5,30,1931.6475,342.07968
5,31,1710.5609,342.07968
5,32,1580.6742,342.07968
5,33,1842.915,342.07968
5,34,1488.7476,342.07968
5,35,1188.8093,342.07968
5,36,1482.2782,342.07968
5,37,1899.2703,342.07968
5,38,1073.5936,342.07968
5,39,1494.4271,342.07968
5,40,1958.2511,342.07968
5,41,1693.7633,342.07968
5,42,1853.8842,342.07968
5,43,1552.5406,342.07968
5,44,1959.8546,342.07968
5,45,1433.2856,342.07968
5,46,1331.8511,342.07968
5,47,1244.0552,342.07968
5,48,1731.7474,342.07968
5,49,1750.7574,342.07968
5,50,1355.7797,342.07968
5,51,1639.8975,342.07968
5,52,1513.861,342.07968
5,53,1313.4844,342.07968
5,54,1359.5482,342.07968
5,55,1280.4093,342.07968
5,56,1090.0652,342.07968
5,57,1325.7515,342.07968
5,58,1316.8115,342.07968
5,59,1321.9825,342.07968
5,60,1656.1035,342.07968
5,61,1952.7969,342.07968
5,62,1431.6272,342.07968
5,63,2025.9747,342.07968
5,64,1745.9877,342.07968
5,65,2005.5466,342.07968
5,66,2119.6394,342.07968
5,67,1423.3472,342.07968
5,68,1889.6559,342.07968
5,69,2068.057,342.07968
5,70,1784.8479,342.07968
5,71,1926.8472,342.07968
5,72,1680.6555,342.07968
5,73,1706.7828,342.07968
5,74,2248.5967,342.07968
5,75,1913.8398,342.07968
5,76,1859.8379,342.07968
5,77,2132.9268,342.07968
5,78,1770.3387,342.07968
5,79,2060.3435,342.07968
5,80,1785.0149,342.07968
5,81,1770.0942,342.07968
5,82,1809.0099,342.07968
5,83,1566.7198,342.07968
5,84,1835.9883,342.07968
5,85,1992.346,342.07968
5,86,2284.9885,342.07968
5,87,1464.9783,342.07968
5,88,1824.802,342.07968
5,89,1724.9178,342.07968
5,90,2068.3586,342.07968
5,91,1647.4601,342.07968
5,92,2946.4446,342.07968
5,93,2364.0562,342.07968
5,94,2017.6707,342.07968
5,95,2808.169,342.07968
5,96,2007.2455,342.07968
5,97,2303.751,342.07968
5,98,2236.1475,342.07968
5,99,2439.0444,342.07968
6,0,2719.8835,348.17545
6,1,2667.7278,348.17545
6,2,2512.8208,348.17545
6,3,2805.9844,348.17545
6,4,2298.9873,348.17545
6,5,2347.4812,348.17545
6,6,2392.9417,348.17545
6,7,2416.4397,348.17545
6,8,2244.9834,348.17545
6,9,2050.1135,348.17545
6,10,2282.1694,348.17545
6,11,1967.6835,348.17545
6,12,2190.979,348.17545
6,13,2776.7312,348.17545
6,14,2158.2373,348.17545
6,15,2547.6921,348.17545
6,16,1962.319,348.17545
6,17,1768.5212,348.17545
6,18,2059.5337,348.17545
6,19,1835.0701,348.17545
6,20,1691.6274,348.17545
6,21,1546.6973,348.17545
6,22,1553.6871,348.17545
6,23,2059.4968,348.17545
6,24,2047.3286,348.17545
6,25,1729.2025,348.17545
6,26,1440.6588,348.17545
6,27,2078.6558,348.17545
6,28,1542.109,348.17545
6,29,1689.641,348.17545
6,30,1603.168,348.17545
6,31,1835.5559,348.17545
6,32,1753.4802,348.17545
6,33,2109.6475,348.17545
6,34,1500.3074,348.17545
6,35,1643.5001,348.17545
6,36,1217.9852,348.17545
6,37,2011.441,348.17545
6,38,1902.0686,348.17545
6,39,1669.469,348.17545
6,40,1342.1398,348.17545
6,41,1843.4142,348.17545
6,42,2330.888,348.17545
6,43,2979.9036,348.17545
6,44,2973.8894,348.17545
6,45,1522.0568,348.17545
6,46,2097.9062,348.17545
6,47,1664.0739,348.17545
6,48,1765.1896,348.17545
6,49,1637.991,348.17545
6,50,1907.5171,348.17545
6,51,2203.9944,348.17545
6,52,2548.7078,348.17545
6,53,2309.5576,348.17545
6,54,2336.2993,348.17545
6,55,1743.3517,348.17545
6,56,1533.6365,348.17545
6,57,1734.0718,348.17545
6,58,1648.7588,348.17545
6,59,2023.9161,348.17545
6,60,1940.021,348.17545
6,61,1747.2087,348.17545
6,62,1971.7253,348.17545
6,63,1651.6726,348.17545
6,64,1516.546,348.17545
6,65,2146.4504,348.17545
6,66,1598.1943,348.17545
6,67,1541.089,348.17545
6,68,1514.0405,348.17545
6,69,1609.6483,348.17545
6,70,1842.824,348.17545
6,71,2253.5327,348.17545
6,72,2011.1119,348.17545
6,73,2138.8115,348.17545
6,74,1857.2844,348.17545
6,75,2256.413,348.17545
6,76,2079.26,348.17545
6,77,2074.42,348.17545
6,78,1731.2904,348.17545
6,79,2009.443,348.17545
6,80,1989.2052,348.17545
6,81,1884.9482,348.17545
6,82,2271.6917,348.17545
6,83,2002.9236,348.17545
6,84,2395.706,348.17545
6,85,1938.2444,348.17545
6,86,2171.134,348.17545
6,87,1812.8911,348.17545
6,88,1806.3381,348.17545
6,89,2439.1843,348.17545
6,90,1934.6272,348.17545
6,91,2211.8389,348.17545
6,92,2310.312,348.17545
6,93,1963.5796,348.17545
6,94,2387.1885,348.17545
6,95,2059.345,348.17545
6,96,2132.6108,348.17545
6,97,2547.0974,348.17545
6,98,2420.655,348.17545
6,99,2615.7842,348.17545
7,0,1541.1642,324.67175
7,1,1320.4833,324.67175
7,2,1350.0073,324.67175
7,3,1945.8423,324.67175
7,4,1257.6522,324.67175
7,5,1741.344,324.67175
7,6,1599.939,324.67175
7,7,1137.5632,324.67175
7,8,1182.7499,324.67175
7,9,1668.236,324.67175
7,10,1117.425,324.67175
7,11,1494.2599,324.67175
7,12,1544.0376,324.67175
7,13,1568.5481,324.67175
7,14,1251.1857,324.67175
7,15,1246.1584,324.67175
7,16,1307.3629,324.67175
7,17,1338.7881,324.67175
7,18,1568.2433,324.67175
7,19,1326.3198,324.67175
7,20,1778.867,324.67175
7,21,1519.7775,324.67175
7,22,1586.3381,324.67175
7,23,1826.0073,324.67175
7,24,1669.6201,324.67175
7,25,1672.7866,324.67175
7,26,2153.2947,324.67175
7,27,1474.5481,324.67175
7,28,1487.1943,324.67175
7,29,1955.4006,324.67175
7,30,1884.4589,324.67175
7,31,2006.4784,324.67175
7,32,1913.1466,324.67175
7,33,1641.5353,324.67175
7,34,1877.2394,324.67175
7,35,2256.1074,324.67175
7,36,1870.718,324.67175
7,37,2041.4456,324.67175
7,38,1933.8273,324.67175
7,39,1810.9785,324.67175
7,40,1643.9408,324.67175
7,41,1720.4581,324.67175
7,42,1300.112,324.67175
7,43,1718.9692,324.67175
7,44,1981.3926,324.67175
7,45,2039.6415,324.67175
7,46,2141.4646,324.67175
7,47,1991.1224,324.67175
7,48,2248.8428,324.67175
7,49,2338.9487,324.67175
7,50,1819.6877,324.67175
7,51,2292.194,324.67175
7,52,2622.2688,324.67175
7,53,2009.4805,324.67175
7,54,2092.7144,324.67175
7,55,2009.5374,324.67175
7,56,2163.2207,324.67175
7,57,1957.9048,324.67175
7,58,1923.7074,324.67175
7,59,1931.8191,324.67175
7,60,2041.7996,324.67175
7,61,1931.0592,324.67175
7,62,2047.3617,324.67175
7,63,2181.3977,324.67175
7,64,2318.5864,324.67175
7,65,1751.1414,324.67175
7,66,2140.1406,324.67175
7,67,2130.779,324.67175
7,68,2244.4026,324.67175
7,69,1778.1549,324.67175
7,70,2373.819,324.67175
7,71,2438.922,324.67175
7,72,2055.0881,324.67175
7,73,1669.7908,324.67175
7,74,1729.972,324.67175
7,75,1331.231,324.67175
7,76,2029.7373,324.67175
7,77,2026.927,324.67175
7,78,1958.1748,324.67175
7,79,2029.2612,324.67175
7,80,1810.5588,324.67175
7,81,1859.2733,324.67175
7,82,1676.8458,324.67175
7,83,1701.5808,324.67175
7,84,2028.2666,324.67175
7,85,1465.5742,324.67175
7,86,1304.8767,324.67175
7,87,2085.0337,324.67175
7,88,1946.2675,324.67175
7,89,1736.4792,324.67175
7,90,1654.5587,324.67175
7,91,1823.0298,324.67175
7,92,1879.3728,324.67175
7,93,2292.4658,324.67175
7,94,1404.8685,324.67175
7,95,2021.8091,324.67175
7,96,2068.6257,324.67175
7,97,1793.3357,324.67175
7,98,1700.4305,324.67175
7,99,1551.5385,324.67175
8,0,2529.8208,328.6521
8,1,2393.932,328.6521
8,2,1771.7473,328.6521
8,3,1986.0326,328.6521
8,4,1953.3306,328.6521
8,5,1795.021,328.6521
8,6,1958.3894,328.6521
8,7,2019.1398,328.6521
8,8,2111.2954,328.6521
8,9,1804.9341,328.6521
8,10,1539.0702,328.6521
8,11,1819.3748,328.6521
8,12,1608.3153,328.6521
8,13,1938.3885,328.6521
8,14,1597.839,328.6521
8,15,1844.6625,328.6521
8,16,2282.0806,328.6521
8,17,1952.7133,328.6521
8,18,1818.056,328.6521
8,19,2721.8313,328.6521
8,20,1948.5325,328.6521
8,21,1251.692,328.6521
8,22,1693.842,328.6521
8,23,2034.1615,328.6521
8,24,1781.311,328.6521
8,25,1466.2583,328.6521
8,26,1711.0975,328.6521
8,27,1892.0321,328.6521
8,28,1511.4677,328.6521
8,29,1702.4634,328.6521
8,30,1699.2604,328.6521
8,31,1686.4402,328.6521
8,32,1932.2719,328.6521
8,33,1595.8474,328.6521
8,34,1763.0776,328.6521
8,35,1713.3486,328.6521
8,36,1349.7748,328.6521
8,37,1757.5042,328.6521
8,38,1349.3771,328.6521
8,39,1693.7476,328.6521
8,40,1679.1401,328.6521
8,41,1961.8947,328.6521
8,42,1565.3076,328.6521
8,43,1812.9292,328.6521
8,44,1614.634,328.6521
8,45,1884.2869,328.6521
8,46,1664.1188,328.6521
8,47,1897.6365,328.6521
8,48,1525.2649,328.6521
8,49,1938.4717,328.6521
8,50,2041.8615,328.6521
8,51,1413.1592,328.6521
8,52,1752.1556,328.6521
8,53,1537.206,328.6521
8,54,1701.6836,328.6521
8,55,1830.8788,328.6521
8,56,2199.1296,328.6521
8,57,3799.3508,328.6521
8,58,3045.3481,328.6521
8,59,1867.1843,328.6521
8,60,1996.8202,328.6521
8,61,1937.6722,328.6521
8,62,1762.1721,328.6521
8,63,1616.4895,328.6521
8,64,2031.6168,328.6521
8,65,1494.7896,328.6521
8,66,2156.7166,328.6521
8,67,1976.9567,328.6521
8,68,1476.3887,328.6521
8,69,1367.6447,328.6521
8,70,2334.4277,328.6521
8,71,2030.1803,328.6521
8,72,1849.6366,328.6521
8,73,2097.0085,328.6521
8,74,2286.3633,328.6521
8,75,1355.3442,328.6521
8,76,2110.5388,328.6521
8,77,2267.9695,328.6521
8,78,2342.8687,328.6521
8,79,1156.0894,328.6521
8,80,1960.9703,328.6521
8,81,2131.1565,328.6521
8,82,1666.3683,328.6521
8,83,2094.3596,328.6521
8,84,2192.5674,328.6521
8,85,1892.6613,328.6521
8,86,2153.4375,328.6521
8,87,1711.6731,328.6521
8,88,2237.5388,328.6521
8,89,1612.9019,328.6521
8,90,2211.9878,328.6521
8,91,1973.0312,328.6521
8,92,1686.4211,328.6521
8,93,1627.1582,328.6521
8,94,2040.8494,328.6521
8,95,1354.508,328.6521
8,96,1921.2722,328.6521
8,97,1660.0219,328.6521
8,98,1922.8357,328.6521
8,99,2499.92,328.6521
9,0,2883.3948,377.74414
9,1,2976.4758,377.74414
9,2,3145.855,377.74414
9,3,2905.3894,377.74414
9,4,3290.4954,377.74414
9,5,2566.9148,377.74414
9,6,2849.6023,377.74414
9,7,2464.6384,377.74414
9,8,2801.988,377.74414
9,9,2670.1687,377.74414
9,10,2570.3635,377.74414
9,11,2060.9753,377.74414
9,12,2219.1687,377.74414
9,13,2489.7124,377.74414
9,14,2985.3325,377.74414
9,15,2856.0415,377.74414
9,16,2685.7883,377.74414
9,17,1882.4921,377.74414
9,18,2211.8435,377.74414
9,19,1881.5468,377.74414
9,20,1922.9934,377.74414
9,21,1909.7516,377.74414
9,22,2106.3506,377.74414
9,23,2193.236,377.74414
9,24,1997.4143,377.74414
9,25,1911.5087,377.74414
9,26,2305.9028,377.74414
9,27,2073.9539,377.74414
9,28,1932.2499,377.74414
9,29,2450.1433,377.74414
9,30,2549.064,377.74414
9,31,1978.4924,377.74414
9,32,2165.0261,377.74414
9,33,1854.4567,377.74414
9,34,2604.9045,377.74414
9,35,2118.1133,377.74414
9,36,2430.5469,377.74414
9,37,2088.315,377.74414
9,38,2208.8977,377.74414
9,39,2049.5935,377.74414
9,40,1997.9635,377.74414
9,41,1593.3063,377.74414
9,42,1957.2544,377.74414
9,43,2066.9258,377.74414
9,44,2273.108,377.74414
9,45,1755.3612,377.74414
9,46,2140.6746,377.74414
9,47,2011.8909,377.74414
9,48,1843.2458,377.74414
9,49,2109.102,377.74414
9,50,2433.842,377.74414
9,51,1942.3301,377.74414
9,52,1809.041,377.74414
9,53,1505.2681,377.74414
9,54,2446.1138,377.74414
9,55,2234.773,377.74414
9,56,1856.7246,377.74414
9,57,1779.9857,377.74414
9,58,1316.4775,377.74414
9,59,1706.561,377.74414
9,60,1985.5312,377.74414
9,61,1848.7487,377.74414
9,62,1290.1333,377.74414
9,63,1680.9434,377.74414
9,64,1567.1277,377.74414
9,65,1952.1738,377.74414
9,66,2436.732,377.74414
9,67,1985.5665,377.74414
9,68,2396.8245,377.74414
9,69,2398.7024,377.74414
9,70,1885.742,377.74414
9,71,1930.6447,377.74414
9,72,2302.9697,377.74414
9,73,2119.8538,377.74414
9,74,1684.2164,377.74414
9,75,1773.4645,377.74414
9,76,2202.2878,377.74414
9,77,1840.0956,377.74414
9,78,2711.1714,377.74414
9,79,2368.5193,377.74414
9,80,2209.614,377.74414
9,81,2522.265,377.74414
9,82,2459.597,377.74414
9,83,2904.434,377.74414
9,84,3000.4375,377.74414
9,85,2751.8225,377.74414
9,86,2848.438,377.74414
9,87,2761.0825,377.74414
9,88,2779.8882,377.74414
9,89,2436.947,377.74414
9,90,2522.3264,377.74414
9,91,2216.2478,377.74414
9,92,2730.9746,377.74414
9,93,3045.8152,377.74414
9,94,2756.6587,377.74414
9,95,2837.969,377.74414
9,96,2810.2944,377.74414
9,97,2727.7993,377.74414
9,98,2786.4915,377.74414
9,99,2830.398,377.74414
10,0,3022.3652,318.0405
10,1,3155.2024,318.0405
10,2,2766.1162,318.0405
10,3,3480.591,318.0405
10,4,2796.4873,318.0405
10,5,3527.0754,318.0405
10,6,3305.939,318.0405
10,7,2924.4207,318.0405
10,8,3160.0393,318.0405
10,9,2779.1624,318.0405
10,10,2875.515,318.0405
10,11,3083.7188,318.0405
10,12,3277.2766,318.0405
10,13,3229.8262,318.0405
10,14,2716.0083,318.0405
10,15,2736.2297,318.0405
10,16,2065.4604,318.0405
10,17,2880.5151,318.0405
10,18,3387.6348,318.0405
10,19,3145.0615,318.0405
10,20,2954.1143,318.0405
10,21,2222.5972,318.0405
10,22,2321.4583,318.0405
10,23,1999.7037,318.0405
10,24,2450.4714,318.0405
10,25,2386.3528,318.0405
10,26,2400.1633,318.0405
10,27,2532.5051,318.0405
10,28,2364.3325,318.0405
10,29,2386.208,318.0405
10,30,2208.6902,318.0405
10,31,2111.2158,318.0405
10,32,2231.9702,318.0405
10,33,2112.377,318.0405
10,34,2224.8625,318.0405
10,35,2369.4312,318.0405
10,36,2154.7761,318.0405
10,37,1735.1039,318.0405
10,38,2504.4822,318.0405
10,39,2316.491,318.0405
10,40,2452.1614,318.0405
10,41,1824.1761,318.0405
10,42,2381.484,318.0405
10,43,1756.0962,318.0405
10,44,1924.699,318.0405
10,45,1835.679,318.0405
10,46,1750.7988,318.0405
10,47,4029.9604,318.0405
10,48,6737.5625,318.0405
10,49,2544.1797,318.0405
10,50,2569.912,318.0405
10,51,2951.2495,318.0405
10,52,3368.53,318.0405
10,53,1810.2125,318.0405
10,54,1860.3684,318.0405
10,55,1788.7834,318.0405
10,56,2150.935,318.0405
10,57,2509.699,318.0405
10,58,2897.3674,318.0405
10,59,2014.781,318.0405
10,60,1681.9595,318.0405
10,61,1705.0555,318.0405
10,62,1801.3904,318.0405
10,63,2144.3757,318.0405
10,64,1836.5508,318.0405
10,65,2018.9745,318.0405
10,66,1981.12,318.0405
10,67,1936.6217,318.0405
10,68,2154.143,318.0405
10,69,1810.589,318.0405
10,70,2004.5002,318.0405
10,71,1719.8787,318.0405
10,72,1791.787,318.0405
10,73,2429.2407,318.0405
10,74,2560.7207,318.0405
10,75,2672.0715,318.0405
10,76,2343.007,318.0405
10,77,2673.3335,318.0405
10,78,2176.0872,318.0405
10,79,2383.0046,318.0405
10,80,2617.14,318.0405
10,81,2284.8245,318.0405
10,82,2246.4392,318.0405
10,83,2247.0122,318.0405
10,84,1926.2596,318.0405
10,85,3078.819,318.0405
10,86,3061.3884,318.0405
10,87,3373.5193,318.0405
10,88,2861.863,318.0405
10,89,2943.0347,318.0405
10,90,3298.2527,318.0405
10,91,3208.8586,318.0405
10,92,3148.4038,318.0405
10,93,3247.7112,318.0405
10,94,3184.892,318.0405
10,95,3064.5376,318.0405
10,96,2878.0234,318.0405
10,97,3106.8245,318.0405
10,98,3223.3271,318.0405
10,99,3018.119,318.0405
11,0,2502.5488,309.2933
11,1,2354.4382,309.2933
11,2,2565.5078,309.2933
11,3,2798.785,309.2933
11,4,2764.731,309.2933
11,5,1898.4127,309.2933
11,6,3048.4663,309.2933
11,7,2995.7505,309.2933
11,8,2678.6682,309.2933
11,9,2749.9392,309.2933
11,10,2567.8179,309.2933
11,11,1587.6908,309.2933
11,12,2360.183,309.2933
11,13,2148.0889,309.2933
11,14,2522.54,309.2933
11,15,2511.2222,309.2933
11,16,2447.494,309.2933
11,17,2283.315,309.2933
11,18,2304.9805,309.2933
11,19,2145.931,309.2933
11,20,3082.432,309.2933
11,21,2658.374,309.2933
11,22,2796.257,309.2933
11,23,2117.697,309.2933
11,24,1861.139,309.2933
11,25,1596.1156,309.2933
11,26,1544.5715,309.2933
11,27,2087.1934,309.2933
11,28,2277.9995,309.2933
11,29,2303.5217,309.2933
11,30,1854.2289,309.2933
11,31,1748.3976,309.2933
11,32,2148.4326,309.2933
11,33,1944.493,309.2933
11,34,2214.445,309.2933
11,35,2376.3157,309.2933
11,36,2366.0112,309.2933
11,37,2115.036,309.2933
11,38,1859.7549,309.2933
11,39,1990.0707,309.2933
11,40,1882.467,309.2933
11,41,2026.1461,309.2933
11,42,1786.4277,309.2933
11,43,2334.1697,309.2933
11,44,1815.3987,309.2933
11,45,2363.48,309.2933
11,46,2282.0083,309.2933
11,47,2284.1572,309.2933
11,48,1737.5554,309.2933
11,49,1871.2433,309.2933
11,50,1825.4567,309.2933
11,51,1944.406,309.2933
11,52,2001.4824,309.2933
11,53,2138.6711,309.2933
11,54,1931.8517,309.2933
11,55,1943.1372,309.2933
11,56,1870.6403,309.2933
11,57,2112.7217,309.2933
11,58,2296.3215,309.2933
11,59,2125.952,309.2933
11,60,2317.7886,309.2933
11,61,2088.2048,309.2933
11,62,1869.7635,309.2933
11,63,2244.0723,309.2933
11,64,1809.1703,309.2933
11,65,1870.7928,309.2933
11,66,1653.5636,309.2933
11,67,2003.1926,309.2933
11,68,2175.5117,309.2933
11,69,2032.2275,309.2933
11,70,1626.7888,309.2933
11,71,2230.9795,309.2933
11,72,2045.9957,309.2933
11,73,2098.1787,309.2933
11,74,2064.5767,309.2933
11,75,2296.297,309.2933
11,76,2491.52,309.2933
11,77,2746.8342,309.2933
11,78,2429.5212,309.2933
11,79,2035.3809,309.2933
11,80,2289.1226,309.2933
11,81,1694.6083,309.2933
11,82,2176.4521,309.2933
11,83,2203.192,309.2933
11,84,2408.485,309.2933
11,85,2116.4204,309.2933
11,86,2543.2415,309.2933
11,87,2822.7732,309.2933
11,88,2200.4536,309.2933
11,89,2606.415,309.2933
11,90,2924.6428,309.2933
11,91,2997.3826,309.2933
11,92,2916.0857,309.2933
11,93,2712.2493,309.2933
11,94,3165.4675,309.2933
11,95,2657.654,309.2933
11,96,2742.9368,309.2933
11,97,2511.3088,309.2933
11,98,2661.4744,309.2933
11,99,2334.9133,309.2933
12,0,2462.8694,241.43839
12,1,2650.6348,241.43839
12,2,2564.58,241.43839
12,3,1955.2657,241.43839
12,4,1873.143,241.43839
12,5,1970.2697,241.43839
12,6,1645.8477,241.43839
12,7,1978.0151,241.43839
12,8,1698.7394,241.43839
12,9,1169.1688,241.43839
12,10,1478.493,241.43839
12,11,1443.5255,241.43839
12,12,1976.012,241.43839
12,13,1239.1232,241.43839
12,14,1461.7559,241.43839
12,15,1299.5555,241.43839
12,16,1399.4318,241.43839
12,17,1113.2102,241.43839
12,18,1057.6414,241.43839
12,19,859.5043,241.43839
12,20,1309.7368,241.43839
12,21,1323.7153,241.43839
12,22,1752.9651,241.43839
12,23,2009.0227,241.43839
12,24,1762.8229,241.43839
12,25,1427.3901,241.43839
12,26,1617.0889,241.43839
12,27,1260.9822,241.43839
12,28,841.3277,241.43839
12,29,1366.3134,241.43839
12,30,1217.0514,241.43839
12,31,1558.3615,241.43839
12,32,1427.6576,241.43839
12,33,1378.6493,241.43839
12,34,1090.4233,241.43839
12,35,1510.6897,241.43839
12,36,1307.2131,241.43839
12,37,1818.4897,241.43839
12,38,1538.8915,241.43839
12,39,1418.9877,241.43839
12,40,1029.8508,241.43839
12,41,1113.6311,241.43839
12,42,1229.7703,241.43839
12,43,1687.2205,241.43839
12,44,1307.5564,241.43839
12,45,1149.3097,241.43839
12,46,1750.6776,241.43839
12,47,1505.5522,241.43839
12,48,1285.5227,241.43839
12,49,832.1537,241.43839
12,50,1317.488,241.43839
12,51,1473.8777,241.43839
12,52,1090.982,241.43839
12,53,1503.7085,241.43839
12,54,1282.0458,241.43839
12,55,1354.5934,241.43839
12,56,1577.3381,241.43839
12,57,1344.7495,241.43839
12,58,1404.6517,241.43839
12,59,1703.2571,241.43839
12,60,1178.9827,241.43839
12,61,1671.0145,241.43839
12,62,1351.9276,241.43839
12,63,1222.2859,241.43839
12,64,1062.7051,241.43839
12,65,1466.7045,241.43839
12,66,1153.2797,241.43839
12,67,1219.0408,241.43839
12,68,1260.0526,241.43839
12,69,1564.5597,241.43839
12,70,1478.9028,241.43839
12,71,1440.3652,241.43839
12,72,1436.9674,241.43839
12,73,1638.3723,241.43839
12,74,1445.7499,241.43839
12,75,1831.6842,241.43839
12,76,1598.7456,241.43839
12,77,1967.7208,241.43839
12,78,1512.4062,241.43839
12,79,1991.5764,241.43839
12,80,2166.8706,241.43839
12,81,1545.5192,241.43839
12,82,1865.1881,241.43839
12,83,2165.8037,241.43839
12,84,1644.5228,241.43839
12,85,1987.8582,241.43839
12,86,2202.1304,241.43839
12,87,1968.6685,241.43839
12,88,2404.3596,241.43839
12,89,1997.5618,241.43839
12,90,2625.4946,241.43839
12,91,2507.1655,241.43839
12,92,1893.1831,241.43839
12,93,1977.2406,241.43839
12,94,1732.902,241.43839
12,95,1810.7051,241.43839
12,96,1782.7045,241.43839
12,97,1875.9846,241.43839
12,98,1622.1388,241.43839
12,99,2480.4648,241.43839
13,0,2827.6023,357.14633
13,1,1976.7596,357.14633
13,2,3068.9397,357.14633
13,3,2410.4614,357.14633
13,4,2309.4856,357.14633
13,5,2390.431,357.14633
13,6,2377.9426,357.14633
13,7,2754.7856,357.14633
13,8,2334.2861,357.14633
13,9,2512.7632,357.14633
13,10,2592.557,357.14633
13,11,2381.782,357.14633
13,12,2407.2021,357.14633
13,13,2528.587,357.14633
13,14,2312.3755,357.14633
13,15,2139.6511,357.14633
13,16,2102.4807,357.14633
13,17,1744.7985,357.14633
13,18,2138.5215,357.14633
13,19,2014.8263,357.14633
13,20,2279.9143,357.14633
13,21,2177.3735,357.14633
13,22,2323.761,357.14633
13,23,2211.3892,357.14633
13,24,2066.243,357.14633
13,25,1780.6318,357.14633
13,26,1696.7443,357.14633
13,27,2027.0251,357.14633
13,28,2033.5337,357.14633
13,29,1639.7649,357.14633
13,30,1602.1853,357.14633
13,31,2574.689,357.14633
13,32,2136.4243,357.14633
13,33,1981.0116,357.14633
13,34,2029.6521,357.14633
13,35,2037.8196,357.14633
13,36,2459.2278,357.14633
13,37,1839.7612,357.14633
13,38,1903.5701,357.14633
13,39,1953.765,357.14633
13,40,2463.1985,357.14633
13,41,1984.8428,357.14633
13,42,2262.8247,357.14633
13,43,1970.9028,357.14633
13,44,1927.3822,357.14633
13,45,1969.7854,357.14633
13,46,1912.9795,357.14633
13,47,2102.0017,357.14633
13,48,1784.6487,357.14633
13,49,2019.7262,357.14633
13,50,1709.9844,357.14633
13,51,1661.0345,357.14633
13,52,600.71606,357.14633
13,53,1624.2308,357.14633
13,54,1272.1013,357.14633
13,55,1431.6539,357.14633
13,56,989.55164,357.14633
13,57,1208.6064,357.14633
13,58,1528.4125,357.14633
13,59,1345.5638,357.14633
13,60,1410.9583,357.14633
13,61,1785.6843,357.14633
13,62,1302.9103,357.14633
13,63,1420.1823,357.14633
13,64,1292.7147,357.14633
13,65,1413.7058,357.14633
13,66,1228.5277,357.14633
13,67,1534.2762,357.14633
13,68,1924.3168,357.14633
13,69,1327.4728,357.14633
13,70,1370.3048,357.14633
13,71,1342.1163,357.14633
13,72,1234.4065,357.14633
13,73,1250.1373,357.14633
13,74,1419.5497,357.14633
13,75,1329.3536,357.14633
13,76,1656.3425,357.14633
13,77,1697.9478,357.14633
13,78,1632.7115,357.14633
13,79,1520.145,357.14633
13,80,1822.5199,357.14633
13,81,1225.0189,357.14633
13,82,2275.093,357.14633
13,83,1850.6534,357.14633
13,84,1630.9164,357.14633
13,85,1632.3738,357.14633
13,86,1986.0292,357.14633
13,87,2446.4358,357.14633
13,88,2429.7297,357.14633
13,89,2408.3687,357.14633
13,90,2160.648,357.14633
13,91,1921.8835,357.14633
13,92,1952.0999,357.14633
13,93,2092.035,357.14633
13,94,1920.8763,357.14633
13,95,1852.3447,357.14633
13,96,3019.168,357.14633
13,97,2531.8357,357.14633
13,98,2565.8545,357.14633
13,99,2769.7585,357.14633
14,0,2137.0117,265.1254
14,1,2630.668,265.1254
14,2,2656.7144,265.1254
14,3,3367.0996,265.1254
14,4,2666.1562,265.1254
14,5,2570.9834,265.1254
14,6,3163.045,265.1254
14,7,2717.0083,265.1254
14,8,2976.712,265.1254
14,9,2574.163,265.1254
14,10,2505.114,265.1254
14,11,2232.174,265.1254
14,12,2160.994,265.1254
14,13,2760.269,265.1254
14,14,2141.4783,265.1254
14,15,1919.7158,265.1254
14,16,1576.2671,265.1254
14,17,2138.156,265.1254
14,18,1942.6692,265.1254
14,19,2026.5403,265.1254
14,20,1945.092,265.1254
14,21,1735.3647,265.1254
14,22,1677.93,265.1254
14,23,1794.4177,265.1254
14,24,1465.0278,265.1254
14,25,1828.8284,265.1254
14,26,1291.1575,265.1254
14,27,1932.8776,265.1254
14,28,1788.3523,265.1254
14,29,1152.3092,265.1254
14,30,1248.4463,265.1254
14,31,1194.4102,265.1254
14,32,1597.3632,265.1254
14,33,1635.7292,265.1254
14,34,1706.9429,265.1254
14,35,1413.6488,265.1254
14,36,1862.581,265.1254
14,37,1595.1028,265.1254
14,38,2063.7485,265.1254
14,39,1147.4742,265.1254
14,40,1810.5575,265.1254
14,41,1945.536,265.1254
14,42,1872.0616,265.1254
14,43,1413.693,265.1254
14,44,1458.6539,265.1254
14,45,2186.7249,265.1254
14,46,1629.8002,265.1254
14,47,1034.8727,265.1254
14,48,1819.4055,265.1254
14,49,1571.8406,265.1254
14,50,1412.4441,265.1254
14,51,1577.6483,265.1254
14,52,1616.4164,265.1254
14,53,1588.1255,265.1254
14,54,1479.548,265.1254
14,55,1578.1006,265.1254
14,56,1241.0898,265.1254
14,57,1449.4918,265.1254
14,58,1730.3246,265.1254
14,59,1250.4581,265.1254
14,60,1485.6676,265.1254
14,61,1829.7255,265.1254
14,62,1168.8047,265.1254
14,63,1621.0448,265.1254
14,64,1338.7676,265.1254
14,65,1801.1204,265.1254
14,66,1093.095,265.1254
14,67,1517.8721,265.1254
14,68,1534.7339,265.1254
14,69,1457.9736,265.1254
14,70,1564.262,265.1254
14,71,1133.6034,265.1254
14,72,1190.3943,265.1254
14,73,1495.4746,265.1254
14,74,1626.8618,265.1254
14,75,1364.5868,265.1254
14,76,1208.4438,265.1254
14,77,1383.2329,265.1254
14,78,1377.2063,265.1254
14,79,1674.024,265.1254
14,80,1548.9689,265.1254
14,81,1069.1992,265.1254
14,82,1589.3778,265.1254
14,83,1803.3296,265.1254
14,84,1581.8156,265.1254
14,85,1491.7385,265.1254
14,86,1683.7219,265.1254
14,87,1972.3342,265.1254
14,88,2216.2195,265.1254
14,89,1920.7418,265.1254
14,90,1945.9506,265.1254
14,91,2294.0815,265.1254
14,92,2127.2556,265.1254
14,93,3124.3503,265.1254
14,94,2439.934,265.1254
14,95,2114.1267,265.1254
14,96,2251.7913,265.1254
14,97,2541.6284,265.1254
14,98,2331.8347,265.1254
14,99,2372.3218,265.1254
15,0,2330.4338,261.65485
15,1,2598.94,261.65485
15,2,2680.2627,261.65485
15,3,2237.8533,261.65485
15,4,2340.5562,261.65485
15,5,2225.6035,261.65485
15,6,2633.3762,261.65485
15,7,2825.987,261.65485
15,8,3320.6438,261.65485
15,9,2405.246,261.65485
15,10,2296.9417,261.65485
15,11,2519.879,261.65485
15,12,2974.9949,261.65485
15,13,2437.326,261.65485
15,14,2602.4587,261.65485
15,15,2317.2798,261.65485
15,16,1889.1517,261.65485
15,17,2282.809,261.65485
15,18,2129.301,261.65485
15,19,1629.3729,261.65485
15,20,1636.3923,261.65485
15,21,1830.5024,261.65485
15,22,1707.5068,261.65485
15,23,1907.3151,261.65485
15,24,1976.1069,261.65485
15,25,1508.9675,261.65485
15,26,1621.6809,261.65485
15,27,1758.5323,261.65485
15,28,1764.3317,261.65485
15,29,1885.7272,261.65485
15,30,1129.9552,261.65485
15,31,1064.6058,261.65485
15,32,1458.6605,261.65485
15,33,1318.1729,261.65485
15,34,1218.8401,261.65485
15,35,1375.4692,261.65485
15,36,1318.1119,261.65485
15,37,1209.9109,261.65485
15,38,1246.0969,261.65485
15,39,1718.6404,261.65485
15,40,1570.6212,261.65485
15,41,1768.8486,261.65485
15,42,1708.9009,261.65485
15,43,1395.5896,261.65485
15,44,1416.9376,261.65485
15,45,1638.2351,261.65485
15,46,1839.2056,261.65485
15,47,1669.3009,261.65485
15,48,1535.8077,261.65485
15,49,1237.365,261.65485
15,50,1110.491,261.65485
15,51,1140.6561,261.65485
15,52,1111.68,261.65485
15,53,1666.9711,261.65485
15,54,917.0841,261.65485
15,55,864.25525,261.65485
15,56,1227.452,261.65485
15,57,1088.5747,261.65485
15,58,1208.6185,261.65485
15,59,844.6886,261.65485
15,60,1600.4252,261.65485
15,61,1440.7269,261.65485
15,62,1480.8969,261.65485
15,63,1307.9949,261.65485
15,64,1268.4994,261.65485
15,65,1378.8287,261.65485
15,66,1466.16,261.65485
15,67,1709.5371,261.65485
15,68,1472.3776,261.65485
15,69,1804.9949,261.65485
15,70,1636.3512,261.65485
15,71,1624.3923,261.65485
15,72,1616.8351,261.65485
15,73,1073.1865,261.65485
15,74,1232.6234,261.65485
15,75,1059.6729,261.65485
15,76,1638.2391,261.65485
15,77,1775.518,261.65485
15,78,1952.0981,261.65485
15,79,1632.8649,261.65485
15,80,2413.6606,261.65485
15,81,1913.6549,261.65485
15,82,1791.6133,261.65485
15,83,1929.3721,261.65485
15,84,1612.0763,261.65485
15,85,1871.2676,261.65485
15,86,2208.456,261.65485
15,87,2227.063,261.65485
15,88,2380.629,261.65485
15,89,2212.1216,261.65485
15,90,2085.0627,261.65485
15,91,2169.5933,261.65485
15,92,2345.53,261.65485
15,93,2674.2378,261.65485
15,94,2301.884,261.65485
15,95,2168.7073,261.65485
15,96,2098.8005,261.65485
15,97,2030.7003,261.65485
15,98,2511.7808,261.65485
15,99,2549.7727,261.65485
16,0,1861.5646,259.28662
16,1,1827.271,259.28662
16,2,1718.0315,259.28662
16,3,1644.5907,259.28662
16,4,1909.2446,259.28662
16,5,1547.2917,259.28662
16,6,1347.6163,259.28662
16,7,1510.5764,259.28662
16,8,1539.2882,259.28662
16,9,976.0473,259.28662
16,10,1270.0839,259.28662
16,11,903.67096,259.28662
16,12,1259.2858,259.28662
16,13,944.3671,259.28662
16,14,1469.4038,259.28662
16,15,1377.6617,259.28662
16,16,1083.5665,259.28662
16,17,1167.9104,259.28662
16,18,981.5493,259.28662
16,19,1169.9817,259.28662
16,20,1099.8673,259.28662
16,21,983.6837,259.28662
16,22,1455.5675,259.28662
16,23,922.5509,259.28662
16,24,1640.4592,259.28662
16,25,1516.7297,259.28662
16,26,1344.0077,259.28662
16,27,1486.0844,259.28662
16,28,1232.8107,259.28662
16,29,1203.6776,259.28662
16,30,1025.5004,259.28662
16,31,1236.83,259.28662
16,32,805.6031,259.28662
16,33,1158.5646,259.28662
16,34,1191.261,259.28662
16,35,1314.2428,259.28662
16,36,1186.6075,259.28662
16,37,1247.817,259.28662
16,38,818.9586,259.28662
16,39,798.4041,259.28662
16,40,1038.8416,259.28662
16,41,1112.8007,259.28662
16,42,1128.5498,259.28662
16,43,799.2205,259.28662
16,44,1089.3634,259.28662
16,45,866.4631,259.28662
16,46,1133.4515,259.28662
16,47,722.6762,259.28662
16,48,1213.0673,259.28662
16,49,1018.76996,259.28662
16,50,1068.2197,259.28662
16,51,779.1519,259.28662
16,52,1071.7202,259.28662
16,53,754.8369,259.28662
16,54,1021.25964,259.28662
16,55,1082.7786,259.28662
16,56,1023.4916,259.28662
16,57,1385.9299,259.28662
16,58,1112.7621,259.28662
16,59,1431.6757,259.28662
16,60,1226.0602,259.28662
16,61,1217.9003,259.28662
16,62,1126.1168,259.28662
16,63,1412.7635,259.28662
16,64,1657.5884,259.28662
16,65,1371.5205,259.28662
16,66,1496.6624,259.28662
16,67,1123.6697,259.28662
16,68,1195.8724,259.28662
16,69,1300.5613,259.28662
16,70,1232.3772,259.28662
16,71,1652.8525,259.28662
16,72,1729.6389,259.28662
16,73,1425.5006,259.28662
16,74,1217.1799,259.28662
16,75,1365.0238,259.28662
16,76,1837.5242,259.28662
16,77,1902.8237,259.28662
16,78,1633.8842,259.28662
16,79,1810.8969,259.28662
16,80,1703.2189,259.28662
16,81,1914.8401,259.28662
16,82,1368.102,259.28662
16,83,1767.6956,259.28662
16,84,1513.7673,259.28662
16,85,1594.2115,259.28662
16,86,1511.4423,259.28662
16,87,1855.6096,259.28662
16,88,1506.4268,259.28662
16,89,1551.5397,259.28662
16,90,1737.0509,259.28662
16,91,1376.5225,259.28662
16,92,1636.9628,259.28662
16,93,1537.0056,259.28662
16,94,1713.4216,259.28662
16,95,1462.8909,259.28662
16,96,1840.539,259.28662
16,97,1425.7996,259.28662
16,98,1649.2328,259.28662
16,99,1850.1553,259.28662
17,0,1770.6567,233.1514
17,1,1780.5143,233.1514
17,2,1672.6577,233.1514
17,3,1519.8499,233.1514
17,4,1817.6746,233.1514
17,5,1622.8835,233.1514
17,6,1828.8218,233.1514
17,7,2204.6128,233.1514
17,8,2396.5154,233.1514
17,9,2080.3135,233.1514
17,10,1835.4174,233.1514
17,11,2510.286,233.1514
17,12,2147.5444,233.1514
17,13,2136.693,233.1514
17,14,1940.7393,233.1514
17,15,1630.1293,233.1514
17,16,1464.4949,233.1514
17,17,1697.2188,233.1514
17,18,2035.7566,233.1514
17,19,1308.2876,233.1514
17,20,1065.7898,233.1514
17,21,1597.9247,233.1514
17,22,1365.1697,233.1514
17,23,962.00275,233.1514
17,24,1493.5999,233.1514
17,25,1434.8573,233.1514
17,26,779.08954,233.1514
17,27,1251.9492,233.1514
17,28,1043.1659,233.1514
17,29,170.37688,233.1514
17,30,487.22714,233.1514
17,31,658.2385,233.1514
17,32,887.27795,233.1514
17,33,113.097855,233.1514
17,34,374.5139,233.1514
17,35,688.18756,233.1514
17,36,170.01852,233.1514
17,37,476.15985,233.1514
17,38,480.20108,233.1514
17,39,718.17505,233.1514
17,40,876.33527,233.1514
17,41,523.16754,233.1514
17,42,835.825,233.1514
17,43,692.70526,233.1514
17,44,835.32654,233.1514
17,45,862.3793,233.1514
17,46,804.9164,233.1514
17,47,978.04224,233.1514
17,48,1074.9529,233.1514
17,49,1019.854,233.1514
17,50,750.1346,233.1514
17,51,757.3049,233.1514
17,52,547.6769,233.1514
17,53,1135.8995,233.1514
17,54,2001.8469,233.1514
17,55,1752.2903,233.1514
17,56,1831.0989,233.1514
17,57,1239.2836,233.1514
17,58,1397.4717,233.1514
17,59,652.7905,233.1514
17,60,844.3789,233.1514
17,61,1367.88,233.1514
17,62,773.31464,233.1514
17,63,1368.5074,233.1514
17,64,1036.669,233.1514
17,65,1136.7412,233.1514
17,66,935.00165,233.1514
17,67,1370.6836,233.1514
17,68,1488.5521,233.1514
17,69,1376.016,233.1514
17,70,1219.4966,233.1514
17,71,1015.8376,233.1514
17,72,1310.0294,233.1514
17,73,1371.0013,233.1514
17,74,1194.2218,233.1514
17,75,1726.558,233.1514
17,76,1543.651,233.1514
17,77,931.668,233.1514
17,78,1497.4414,233.1514
17,79,1569.4476,233.1514
17,80,1677.7449,233.1514
17,81,1683.3466,233.1514
17,82,1750.4202,233.1514
17,83,1864.5336,233.1514
17,84,1985.4177,233.1514
17,85,2390.4229,233.1514
17,86,1520.0189,233.1514
17,87,2111.4453,233.1514
17,88,1700.9866,233.1514
17,89,2046.6989,233.1514
17,90,1706.0701,233.1514
17,91,2419.2646,233.1514
17,92,1908.5225,233.1514
17,93,2028.8707,233.1514
17,94,1875.9663,233.1514
17,95,1894.4098,233.1514
17,96,1950.2635,233.1514
17,97,2250.3342,233.1514
17,98,2113.433,233.1514
17,99,1905.5714,233.1514
18,0,1742.618,223.58548
18,1,1928.6157,223.58548
18,2,2031.4098,223.58548
18,3,1960.8906,223.58548
18,4,1906.2844,223.58548
18,5,1671.7628,223.58548
18,6,2451.7607,223.58548
18,7,1534.3104,223.58548
18,8,1781.4153,223.58548
18,9,1630.1676,223.58548
18,10,1976.2827,223.58548
18,11,1928.1055,223.58548
18,12,1662.3865,223.58548
18,13,2021.7008,223.58548
18,14,1893.207,223.58548
18,15,1949.4127,223.58548
18,16,1827.0093,223.58548
18,17,2222.3848,223.58548
18,18,1495.2623,223.58548
18,19,2363.4475,223.58548
18,20,1979.7776,223.58548
18,21,2106.7659,223.58548
18,22,1615.1332,223.58548
18,23,1845.2705,223.58548
18,24,1300.386,223.58548
18,25,1713.0966,223.58548
18,26,1729.7334,223.58548
18,27,971.59296,223.58548
18,28,1097.2424,223.58548
18,29,616.32294,223.58548
18,30,1367.9423,223.58548
18,31,739.04767,223.58548
18,32,795.6415,223.58548
18,33,1259.0829,223.58548
18,34,1332.0736,223.58548
18,35,1110.7147,223.58548
18,36,752.381,223.58548
18,37,617.9593,223.58548
18,38,571.05225,223.58548
18,39,970.3584,223.58548
18,40,823.8942,223.58548
18,41,1115.0059,223.58548
18,42,733.8649,223.58548
18,43,1012.811,223.58548
18,44,449.00827,223.58548
18,45,885.0242,223.58548
18,46,1087.0302,223.58548
18,47,713.2688,223.58548
18,48,1286.4662,223.58548
18,49,559.195,223.58548
18,50,1593.6666,223.58548
18,51,1650.1133,223.58548
18,52,2415.7285,223.58548
18,53,2099.4736,223.58548
18,54,2178.7217,223.58548
18,55,1378.7274,223.58548
18,56,1011.39325,223.58548
18,57,1331.2124,223.58548
18,58,1444.1082,223.58548
18,59,889.97375,223.58548
18,60,627.4752,223.58548
18,61,775.1091,223.58548
18,62,1012.13403,223.58548
18,63,870.5811,223.58548
18,64,583.45105,223.58548
18,65,722.65485,223.58548
18,66,695.0005,223.58548
18,67,787.97656,223.58548
18,68,1227.8281,223.58548
18,69,1238.8298,223.58548
18,70,1050.544,223.58548
18,71,759.2665,223.58548
18,72,1012.0272,223.58548
18,73,1261.5803,223.58548
18,74,1520.7645,223.58548
18,75,1631.4316,223.58548
18,76,1751.799,223.58548
18,77,1697.0891,223.58548
18,78,1648.509,223.58548
18,79,1793.2197,223.58548
18,80,1621.7745,223.58548
18,81,2494.3884,223.58548
18,82,1805.5533,223.58548
18,83,1756.3527,223.58548
18,84,2218.3232,223.58548
18,85,2221.8682,223.58548
18,86,2359.4048,223.58548
18,87,2120.183,223.58548
18,88,2117.4485,223.58548
18,89,2212.5767,223.58548
18,90,1989.1349,223.58548
18,91,1932.2827,223.58548
18,92,1952.3312,223.58548
18,93,1695.7306,223.58548
18,94,2693.2122,223.58548
18,95,1986.3942,223.58548
18,96,2083.6975,223.58548
18,97,2043.3295,223.58548
18,98,1886.4602,223.58548
18,99,1883.2957,223.58548
19,0,2120.157,261.07703
19,1,2369.7085,261.07703
19,2,2532.0383,261.07703
19,3,2520.6223,261.07703
19,4,2746.6584,261.07703
19,5,2784.994,261.07703
19,6,2760.6855,261.07703
19,7,2759.1086,261.07703
19,8,2655.8396,261.07703
19,9,2253.0347,261.07703
19,10,1964.7852,261.07703
19,11,3189.0051,261.07703
19,12,2372.6672,261.07703
19,13,2709.0425,261.07703
19,14,2448.015,261.07703
19,15,2123.3813,261.07703
19,16,2288.475,261.07703
19,17,2631.5994,261.07703
19,18,2141.2087,261.07703
19,19,2220.546,261.07703
19,20,2153.2703,261.07703
19,21,2348.6294,261.07703
19,22,1887.5884,261.07703
19,23,1682.9589,261.07703
19,24,1999.781,261.07703
19,25,1180.8376,261.07703
19,26,1229.8702,261.07703
19,27,1648.8524,261.07703
19,28,1795.5934,261.07703
19,29,1340.6898,261.07703
19,30,1228.2908,261.07703
19,31,855.47534,261.07703
19,32,1002.269,261.07703
19,33,1367.285,261.07703
19,34,978.083,261.07703
19,35,1283.1382,261.07703
19,36,1245.3252,261.07703
19,37,963.4011,261.07703
19,38,1293.0797,261.07703
19,39,990.0006,261.07703
19,40,1012.4631,261.07703
19,41,1336.4425,261.07703
19,42,796.36566,261.07703
19,43,1315.1516,261.07703
19,44,1280.1145,261.07703
19,45,1319.9651,261.07703
19,46,1127.257,261.07703
19,47,535.5206,261.07703
19,48,649.44354,261.07703
19,49,4094.4482,261.07703
19,50,3161.4563,261.07703
19,51,-47.136524,261.07703
19,52,-23.586117,261.07703
19,53,-48.055313,261.07703
19,54,356.72128,261.07703
19,55,569.4515,261.07703
19,56,845.34436,261.07703
19,57,1417.5757,261.07703
19,58,911.23956,261.07703
19,59,979.9876,261.07703
19,60,962.9877,261.07703
19,61,1089.3154,261.07703
19,62,1386.7246,261.07703
19,63,1664.3811,261.07703
19,64,935.2334,261.07703
19,65,1555.2993,261.07703
19,66,1022.43524,261.07703
19,67,1064.7301,261.07703
19,68,1357.9547,261.07703
19,69,858.55255,261.07703
19,70,1048.5723,261.07703
19,71,1287.7478,261.07703
19,72,1348.9136,261.07703
19,73,1864.564,261.07703
19,74,1991.277,261.07703
19,75,2137.419,261.07703
19,76,2247.326,261.07703
19,77,2271.725,261.07703
19,78,2101.0635,261.07703
19,79,2265.6301,261.07703
19,80,2182.573,261.07703
19,81,2512.622,261.07703
19,82,2756.4927,261.07703
19,83,2423.1892,261.07703
19,84,2510.6853,261.07703
19,85,2339.0005,261.07703
19,86,2589.9297,261.07703
19,87,2201.4712,261.07703
19,88,2594.3735,261.07703
19,89,2620.7126,261.07703
19,90,2955.5293,261.07703
19,91,2343.7764,261.07703
19,92,2726.2166,261.07703
19,93,2326.4246,261.07703
19,94,2583.8333,261.07703
19,95,2039.5819,261.07703
19,96,2018.5419,261.07703
19,97,2146.4287,261.07703
19,98,2391.2322,261.07703
19,99,2170.7302,261.07703
20,0,2289.6238,293.3536
20,1,2557.907,293.3536
20,2,1718.4357,293.3536
20,3,1992.4272,293.3536
20,4,2399.4531,293.3536
20,5,1996.5657,293.3536
20,6,2222.1577,293.3536
20,7,1886.7981,293.3536
20,8,2257.905,293.3536
20,9,1410.7877,293.3536
20,10,2125.9534,293.3536
20,11,2331.1638,293.3536
20,12,2290.521,293.3536
20,13,2324.9211,293.3536
20,14,1848.5106,293.3536
20,15,2655.5227,293.3536
20,16,1674.8547,293.3536
20,17,1919.9324,293.3536
20,18,2406.1604,293.3536
20,19,1474.7423,293.3536
20,20,1568.1862,293.3536
20,21,2140.8225,293.3536
20,22,1586.735,293.3536
20,23,1419.3009,293.3536
20,24,1739.1284,293.3536
20,25,1586.0979,293.3536
20,26,1725.5488,293.3536
20,27,1822.0294,293.3536
20,28,1145.6921,293.3536
20,29,1088.725,293.3536
20,30,1555.5295,293.3536
20,31,969.5906,293.3536
20,32,811.7338,293.3536
20,33,1228.9991,293.3536
20,34,610.1035,293.3536
20,35,621.6189,293.3536
20,36,835.95844,293.3536
20,37,334.07477,293.3536
20,38,792.8418,293.3536
20,39,533.8182,293.3536
20,40,458.27682,293.3536
20,41,679.2014,293.3536
20,42,597.26245,293.3536
20,43,679.5139,293.3536
20,44,185.81894,293.3536
20,45,328.61783,293.3536
20,46,756.13873,293.3536
20,47,762.9425,293.3536
20,48,1025.9067,293.3536
20,49,532.01447,293.3536
20,50,620.0385,293.3536
20,51,431.8329,293.3536
20,52,718.57135,293.3536
20,53,653.20667,293.3536
20,54,252.15007,293.3536
20,55,675.3871,293.3536
20,56,508.57935,293.3536
20,57,788.6278,293.3536
20,58,405.78867,293.3536
20,59,1212.6198,293.3536
20,60,1102.4897,293.3536
20,61,854.98456,293.3536
20,62,1055.3705,293.3536
20,63,878.3331,293.3536
20,64,915.8804,293.3536
20,65,1094.108,293.3536
20,66,420.70987,293.3536
20,67,768.4669,293.3536
20,68,774.9669,293.3536
20,69,388.44077,293.3536
20,70,401.31345,293.3536
20,71,535.2232,293.3536
20,72,1368.7234,293.3536
20,73,817.4532,293.3536
20,74,618.08344,293.3536
20,75,887.34436,293.3536
20,76,718.26404,293.3536
20,77,1078.4478,293.3536
20,78,1001.9969,293.3536
20,79,1321.0099,293.3536
20,80,1573.2065,293.3536
20,81,1656.3574,293.3536
20,82,1649.4609,293.3536
20,83,1818.7003,293.3536
20,84,1965.3071,293.3536
20,85,1662.0669,293.3536
20,86,1494.8303,293.3536
20,87,2316.2917,293.3536
20,88,1491.5555,293.3536
20,89,1857.6311,293.3536
20,90,2046.1635,293.3536
20,91,2376.602,293.3536
20,92,2110.0625,293.3536
20,93,2432.211,293.3536
20,94,1858.4426,293.3536
20,95,2366.5605,293.3536
20,96,2187.5034,293.3536
20,97,2445.0195,293.3536
20,98,2375.9675,293.3536
20,99,2362.1865,293.3536
21,0,1535.3453,263.76492
21,1,1523.8584,263.76492
21,2,2197.2534,263.76492
21,3,1781.612,263.76492
21,4,2129.564,263.76492
21,5,2196.7126,263.76492
21,6,1941.7819,263.76492
21,7,1577.2806,263.76492
21,8,1736.8181,263.76492
21,9,1572.4333,263.76492
21,10,1740.5575,263.76492
21,11,1958.8541,263.76492
21,12,2011.8807,263.76492
21,13,1923.0386,263.76492
21,14,1384.6088,263.76492
21,15,1353.8357,263.76492
21,16,1543.5576,263.76492
21,17,1499.3767,263.76492
21,18,1899.5994,263.76492
21,19,1771.0825,263.76492
21,20,1147.6466,263.76492
21,21,2071.6638,263.76492
21,22,2075.991,263.76492
21,23,1561.1174,263.76492
21,24,1349.18,263.76492
21,25,1063.7551,263.76492
21,26,1205.0714,263.76492
21,27,1079.1101,263.76492
21,28,438.6325,263.76492
21,29,657.1338,263.76492
21,30,518.54767,263.76492
21,31,515.248,263.76492
21,32,-40.31143,263.76492
21,33,826.13385,263.76492
21,34,583.18286,263.76492
21,35,489.99667,263.76492
21,36,370.9206,263.76492
21,37,647.4924,263.76492
21,38,552.9873,263.76492
21,39,177.7164,263.76492
21,40,767.88226,263.76492
21,41,1005.5056,263.76492
21,42,926.90344,263.76492
21,43,562.916,263.76492
21,44,417.9305,263.76492
21,45,437.88434,263.76492
21,46,401.74414,263.76492
21,47,1059.4736,263.76492
21,48,935.38824,263.76492
21,49,518.2847,263.76492
21,50,1019.5996,263.76492
21,51,1119.776,263.76492
21,52,798.75055,263.76492
21,53,912.26465,263.76492
21,54,1068.132,263.76492
21,55,1266.8259,263.76492
21,56,762.14276,263.76492
21,57,826.0557,263.76492
21,58,1104.7639,263.76492
21,59,858.2952,263.76492
21,60,1106.0298,263.76492
21,61,720.88153,263.76492
21,62,1089.5786,263.76492
21,63,998.64185,263.76492
21,64,455.3488,263.76492
21,65,888.4778,263.76492
21,66,205.6516,263.76492
21,67,896.6417,263.76492
21,68,962.51666,263.76492
21,69,950.0858,263.76492
21,70,1408.3943,263.76492
21,71,1083.4274,263.76492
21,72,1039.3818,263.76492
21,73,1541.5317,263.76492
21,74,1186.3699,263.76492
21,75,1422.6097,263.76492
21,76,1529.0873,263.76492
21,77,1298.6505,263.76492
21,78,1477.0896,263.76492
21,79,1470.4222,263.76492
21,80,1461.9628,263.76492
21,81,1757.2327,263.76492
21,82,1386.9492,263.76492
21,83,1740.2512,263.76492
21,84,1531.6019,263.76492
21,85,2023.2411,263.76492
21,86,1822.9056,263.76492
21,87,1340.6941,263.76492
21,88,1431.6831,263.76492
21,89,1606.3365,263.76492
21,90,1593.4723,263.76492
21,91,1770.5975,263.76492
21,92,1573.5383,263.76492
21,93,1725.5199,263.76492
21,94,2184.4917,263.76492
21,95,2026.1337,263.76492
21,96,2051.4324,263.76492
21,97,2100.0183,263.76492
21,98,1801.1089,263.76492
21,99,1641.3441,263.76492
22,0,1258.6302,323.31116
22,1,1264.6527,323.31116
22,2,1667.8573,323.31116
22,3,955.9819,323.31116
22,4,1216.8541,323.31116
22,5,985.6647,323.31116
22,6,900.52106,323.31116
22,7,895.0033,323.31116
22,8,1016.32935,323.31116
22,9,1337.2937,323.31116
22,10,1400.1642,323.31116
22,11,1836.5211,323.31116
22,12,1700.0013,323.31116
22,13,1755.0763,323.31116
22,14,1273.4784,323.31116
22,15,1379.8378,323.31116
22,16,1763.4498,323.31116
22,17,1423.348,323.31116
22,18,928.89056,323.31116
22,19,1483.0792,323.31116
22,20,1397.9271,323.31116
22,21,1564.6779,323.31116
22,22,1061.5781,323.31116
22,23,1252.7029,323.31116
22,24,1180.7759,323.31116
22,25,574.03577,323.31116
22,26,1051.2075,323.31116
22,27,833.9375,323.31116
22,28,801.8947,323.31116
22,29,563.6951,323.31116
22,30,600.4361,323.31116
22,31,684.5543,323.31116
22,32,1407.5693,323.31116
22,33,762.4488,323.31116
22,34,812.1047,323.31116
22,35,578.51086,323.31116
22,36,1016.7223,323.31116
22,37,404.70557,323.31116
22,38,939.65436,323.31116
22,39,1151.3918,323.31116
22,40,977.85297,323.31116
22,41,1207.2815,323.31116
22,42,897.44354,323.31116
22,43,935.7035,323.31116
22,44,1295.8186,323.31116
22,45,1104.6433,323.31116
22,46,1194.0199,323.31116
22,47,1178.7808,323.31116
22,48,938.0576,323.31116
22,49,1535.2942,323.31116
22,50,1224.8396,323.31116
22,51,931.3637,323.31116
22,52,1703.0345,323.31116
22,53,720.7436,323.31116
22,54,1293.23,323.31116
22,55,1597.0643,323.31116
22,56,1083.0991,323.31116
22,57,1443.3977,323.31116
22,58,1534.0636,323.31116
22,59,1558.3623,323.31116
22,60,1618.2788,323.31116
22,61,1128.5383,323.31116
22,62,1241.58,323.31116
22,63,1365.5502,323.31116
22,64,1846.4573,323.31116
22,65,1609.2002,323.31116
22,66,1359.3925,323.31116
22,67,1282.5677,323.31116
22,68,1167.146,323.31116
22,69,892.6358,323.31116
22,70,1617.3301,323.31116
22,71,1500.934,323.31116
22,72,1234.0793,323.31116
22,73,1305.9421,323.31116
22,74,1031.219,323.31116
22,75,1239.5859,323.31116
22,76,1217.4094,323.31116
22,77,960.0536,323.31116
22,78,1218.3733,323.31116
22,79,1401.3352,323.31116
22,80,1375.416,323.31116
22,81,1059.3549,323.31116
22,82,1084.1096,323.31116
22,83,1299.163,323.31116
22,84,1451.0662,323.31116
22,85,1085.5427,323.31116
22,86,1640.7252,323.31116
22,87,1993.6996,323.31116
22,88,1173.7236,323.31116
22,89,1362.4584,323.31116
22,90,1211.802,323.31116
22,91,1489.231,323.31116
22,92,836.3408,323.31116
22,93,1469.6025,323.31116
22,94,1861.6499,323.31116
22,95,1454.797,323.31116
22,96,1298.3463,323.31116
22,97,1781.4054,323.31116
22,98,1602.1083,323.31116
22,99,1455.9083,323.31116
23,0,1430.8756,294.1335
23,1,1104.9413,294.1335
23,2,1479.3578,294.1335
23,3,1572.604,294.1335
23,4,1288.2338,294.1335
23,5,1254.2252,294.1335
23,6,1098.8479,294.1335
23,7,1389.808,294.1335
23,8,1683.7882,294.1335
23,9,1339.1309,294.1335
23,10,1184.4802,294.1335
23,11,1362.9083,294.1335
23,12,1425.369,294.1335
23,13,1017.07587,294.1335
23,14,807.7478,294.1335
23,15,799.44104,294.1335
23,16,1077.4287,294.1335
23,17,802.018,294.1335
23,18,791.94696,294.1335
23,19,848.72394,294.1335
23,20,506.6919,294.1335
23,21,858.8657,294.1335
23,22,815.9431,294.1335
23,23,925.20416,294.1335
23,24,859.98486,294.1335
23,25,659.1273,294.1335
23,26,675.64136,294.1335
23,27,933.33734,294.1335
23,28,939.695,294.1335
23,29,1053.7404,294.1335
23,30,628.75214,294.1335
23,31,471.04083,294.1335
23,32,778.99054,294.1335
23,33,962.4146,294.1335
23,34,549.23804,294.1335
23,35,967.74054,294.1335
23,36,758.2704,294.1335
23,37,888.58527,294.1335
23,38,283.52625,294.1335
23,39,455.03012,294.1335
23,40,311.47446,294.1335
23,41,316.04553,294.1335
23,42,205.92476,294.1335
23,43,722.4578,294.1335
23,44,275.0213,294.1335
23,45,366.7735,294.1335
23,46,653.8722,294.1335
23,47,405.48602,294.1335
23,48,488.96744,294.1335
23,49,465.34134,294.1335
23,50,288.9604,294.1335
23,51,334.52655,294.1335
23,52,433.40802,294.1335
23,53,591.86975,294.1335
23,54,529.5836,294.1335
23,55,673.70703,294.1335
23,56,739.3313,294.1335
23,57,755.9641,294.1335
23,58,589.8877,294.1335
23,59,829.8083,294.1335
23,60,953.9398,294.1335
23,61,199.653,294.1335
23,62,358.73117,294.1335
23,63,448.4485,294.1335
23,64,830.30835,294.1335
23,65,736.2038,294.1335
23,66,728.40454,294.1335
23,67,1040.4407,294.1335
23,68,628.0845,294.1335
23,69,1125.4791,294.1335
23,70,757.8651,294.1335
23,71,376.21967,294.1335
23,72,780.0124,294.1335
23,73,884.0366,294.1335
23,74,1162.8754,294.1335
23,75,1070.5898,294.1335
23,76,845.6259,294.1335
23,77,1014.95886,294.1335
23,78,976.8873,294.1335
23,79,369.32053,294.1335
23,80,1206.943,294.1335
23,81,1193.0062,294.1335
23,82,715.3896,294.1335
23,83,1101.1143,294.1335
23,84,772.18304,294.1335
23,85,1001.4012,294.1335
23,86,1077.7693,294.1335
23,87,1102.2662,294.1335
23,88,1645.9827,294.1335
23,89,1298.8369,294.1335
23,90,1234.6538,294.1335
23,91,1320.1249,294.1335
23,92,875.2937,294.1335
23,93,1370.1091,294.1335
23,94,1067.0386,294.1335
23,95,1181.3727,294.1335
23,96,1110.8723,294.1335
23,97,1238.8468,294.1335
23,98,1143.0568,294.1335
23,99,1619.7197,294.1335
24,0,274.67468,-0.9955727
24,1,-21.84181,-0.9955727
24,2,438.19846,-0.9955727
24,3,-21.84181,-0.9955727
24,4,-0.2922178,-0.9955727
24,5,640.06824,-0.9955727
24,6,-21.84181,-0.9955727
24,7,-21.84181,-0.9955727
24,8,-21.84181,-0.9955727
24,9,-4.518675,-0.9955727
24,10,-19.475285,-0.9955727
24,11,244.53293,-0.9955727
24,12,-21.84181,-0.9955727
24,13,176.11034,-0.9955727
24,14,157.92131,-0.9955727
24,15,-21.84181,-0.9955727
24,16,811.37506,-0.9955727
24,17,-21.84181,-0.9955727
24,18,516.2236,-0.9955727
24,19,-21.84181,-0.9955727
24,20,-21.84181,-0.9955727
24,21,716.99805,-0.9955727
24,22,392.5084,-0.9955727
24,23,662.37335,-0.9955727
24,24,-0.1696381,-0.9955727
24,25,597.2933,-0.9955727
24,26,456.34552,-0.9955727
24,27,-0.2021899,-0.9955727
24,28,-21.84181,-0.9955727
24,29,171.39014,-0.9955727
24,30,458.5391,-0.9955727
24,31,402.02167,-0.9955727
24,32,118.71677,-0.9955727
24,33,297.0844,-0.9955727
24,34,-0.25415477,-0.9955727
24,35,288.7679,-0.9955727
24,36,435.49136,-0.9955727
24,37,-0.1495269,-0.9955727
24,38,-0.1651045,-0.9955727
24,39,166.92883,-0.9955727
24,40,285.10892,-0.9955727
24,41,699.12177,-0.9955727
24,42,179.50914,-0.9955727
24,43,410.64517,-0.9955727
24,44,333.00336,-0.9955727
24,45,664.18085,-0.9955727
24,46,240.703,-0.9955727
24,47,73.2464,-0.9955727
24,48,538.0507,-0.9955727
24,49,462.23123,-0.9955727
24,50,484.42587,-0.9955727
24,51,448.511,-0.9955727
24,52,522.372,-0.9955727
24,53,254.16399,-0.9955727
24,54,280.8874,-0.9955727
24,55,-16.109152,-0.9955727
24,56,503.21506,-0.9955727
24,57,400.6618,-0.9955727
24,58,673.05896,-0.9955727
24,59,-0.15096337,-0.9955727
24,60,-21.84181,-0.9955727
24,61,574.0142,-0.9955727
24,62,269.29764,-0.9955727
24,63,-0.20984972,-0.9955727
24,64,-21.84181,-0.9955727
24,65,-21.84181,-0.9955727
24,66,-21.84181,-0.9955727
24,67,222.70026,-0.9955727
24,68,-21.84181,-0.9955727
24,69,-21.84181,-0.9955727
24,70,-21.84181,-0.9955727
24,71,-21.84181,-0.9955727
24,72,-21.84181,-0.9955727
24,73,-21.84181,-0.9955727
24,74,-21.84181,-0.9955727
24,75,-21.84181,-0.9955727
24,76,-21.84181,-0.9955727
24,77,-21.84181,-0.9955727
24,78,-21.84181,-0.9955727
24,79,-21.84181,-0.9955727
24,80,-21.84181,-0.9955727
24,81,-21.84181,-0.9955727
24,82,-21.84181,-0.9955727
24,83,-21.84181,-0.9955727
24,84,-6.6829486,-0.9955727
24,85,-21.84181,-0.9955727
24,86,-21.84181,-0.9955727
24,87,-21.84181,-0.9955727
24,88,174.80852,-0.9955727
24,89,-21.84181,-0.9955727
24,90,-21.84181,-0.9955727
24,91,-21.84181,-0.9955727
24,92,178.22655,-0.9955727
24,93,-0.15338802,-0.9955727
24,94,-21.84181,-0.9955727
24,95,-3.680695,-0.9955727
24,96,174.25256,-0.9955727
24,97,283.41064,-0.9955727
24,98,194.13437,-0.9955727
24,99,327.47736,-0.9955727
25,0,233.33269,-1.8262167
25,1,330.32434,-1.8262167
25,2,199.54161,-1.8262167
25,3,528.8912,-1.8262167
25,4,-21.26106,-1.8262167
25,5,102.98354,-1.8262167
25,6,-21.261065,-1.8262167
25,7,298.77753,-1.8262167
25,8,369.0994,-1.8262167
25,9,576.18066,-1.8262167
25,10,196.02641,-1.8262167
25,11,194.75458,-1.8262167
25,12,-0.15875752,-1.8262167
25,13,-0.16298208,-1.8262167
25,14,-21.26106,-1.8262167
25,15,-21.26106,-1.8262167
25,16,317.6531,-1.8262167
25,17,147.13019,-1.8262167
25,18,384.33325,-1.8262167
25,19,-0.14803205,-1.8262167
25,20,5.3460617,-1.8262167
25,21,192.6352,-1.8262167
25,22,-21.261065,-1.8262167
25,23,83.318085,-1.8262167
25,24,175.25648,-1.8262167
25,25,129.77657,-1.8262167
25,26,287.814,-1.8262167
25,27,325.32526,-1.8262167
25,28,-21.261065,-1.8262167
25,29,464.21124,-1.8262167
25,30,162.66267,-1.8262167
25,31,366.79355,-1.8262167
25,32,564.3357,-1.8262167
25,33,166.07484,-1.8262167
25,34,268.1835,-1.8262167
25,35,-21.26106,-1.8262167
25,36,-21.261065,-1.8262167
25,37,230.24393,-1.8262167
25,38,-21.26106,-1.8262167
25,39,405.3245,-1.8262167
25,40,142.03426,-1.8262167
25,41,81.854225,-1.8262167
25,42,69.87277,-1.8262167
25,43,254.91583,-1.8262167
25,44,304.56754,-1.8262167
25,45,485.86377,-1.8262167
25,46,192.01529,-1.8262167
25,47,295.27377,-1.8262167
25,48,-21.26106,-1.8262167
25,49,607.51404,-1.8262167
25,50,-21.26106,-1.8262167
25,51,87.601456,-1.8262167
25,52,530.85925,-1.8262167
25,53,287.94348,-1.8262167
25,54,-21.261065,-1.8262167
25,55,670.2317,-1.8262167
25,56,-21.26106,-1.8262167
25,57,128.51768,-1.8262167
25,58,134.89581,-1.8262167
25,59,491.32623,-1.8262167
25,60,-21.261065,-1.8262167
25,61,169.89331,-1.8262167
25,62,216.75139,-1.8262167
25,63,75.10564,-1.8262167
25,64,-0.07759848,-1.8262167
25,65,-0.16643989,-1.8262167
25,66,-0.13409983,-1.8262167
25,67,836.3201,-1.8262167
25,68,327.55606,-1.8262167
25,69,-21.26106,-1.8262167
25,70,394.05228,-1.8262167
25,71,110.22985,-1.8262167
25,72,-0.15172537,-1.8262167
25,73,583.70807,-1.8262167
25,74,-21.261065,-1.8262167
25,75,-21.26106,-1.8262167
25,76,-21.26106,-1.8262167
25,77,-21.26106,-1.8262167
25,78,142.78407,-1.8262167
25,79,206.02545,-1.8262167
25,80,-1.2047238,-1.8262167
25,81,-21.261065,-1.8262167
25,82,-21.26106,-1.8262167
25,83,-21.26106,-1.8262167
25,84,516.5449,-1.8262167
25,85,230.87686,-1.8262167
25,86,-21.26106,-1.8262167
25,87,-0.14221565,-1.8262167
25,88,313.7142,-1.8262167
25,89,-0.14654206,-1.8262167
25,90,-21.26106,-1.8262167
25,91,-21.261065,-1.8262167
25,92,116.39794,-1.8262167
25,93,438.7819,-1.8262167
25,94,-21.26106,-1.8262167
25,95,234.1251,-1.8262167
25,96,7.3433948,-1.8262167
25,97,614.05054,-1.8262167
25,98,169.34877,-1.8262167
25,99,-21.26106,-1.8262167
26,0,-18.582926,-5.9832253
26,1,-18.582926,-5.9832253
26,2,41.188587,-5.9832253
26,3,-18.582928,-5.9832253
26,4,-18.582928,-5.9832253
26,5,96.48393,-5.9832253
26,6,-18.582926,-5.9832253
26,7,125.75647,-5.9832253
26,8,-18.582928,-5.9832253
26,9,-18.582926,-5.9832253
26,10,387.05322,-5.9832253
26,11,63.464302,-5.9832253
26,12,97.55013,-5.9832253
26,13,-18.582928,-5.9832253
26,14,466.92773,-5.9832253
26,15,-18.582928,-5.9832253
26,16,-18.582926,-5.9832253
26,17,-18.582926,-5.9832253
26,18,-18.582926,-5.9832253
26,19,-18.582926,-5.9832253
26,20,-18.582926,-5.9832253
26,21,-18.582926,-5.9832253
26,22,-18.582928,-5.9832253
26,23,-18.582928,-5.9832253
26,24,-18.582926,-5.9832253
26,25,-18.582928,-5.9832253
26,26,-18.582926,-5.9832253
26,27,-18.582926,-5.9832253
26,28,-18.582928,-5.9832253
26,29,-18.582926,-5.9832253
26,30,-18.582928,-5.9832253
26,31,-18.582926,-5.9832253
26,32,-18.582926,-5.9832253
26,33,-18.582926,-5.9832253
26,34,-18.582928,-5.9832253
26,35,-18.582926,-5.9832253
26,36,-18.582928,-5.9832253
26,37,-18.582926,-5.9832253
26,38,128.12305,-5.9832253
26,39,-18.582928,-5.9832253
26,40,-18.582928,-5.9832253
26,41,-18.582928,-5.9832253
26,42,-18.582926,-5.9832253
26,43,100.641,-5.9832253
26,44,-18.582926,-5.9832253
26,45,195.29303,-5.9832253
26,46,-18.582926,-5.9832253
26,47,-18.582926,-5.9832253
26,48,-18.582928,-5.9832253
26,49,384.91647,-5.9832253
26,50,-18.582928,-5.9832253
26,51,-18.582928,-5.9832253
26,52,-18.582928,-5.9832253
26,53,-18.582928,-5.9832253
26,54,-18.582928,-5.9832253
26,55,-18.582926,-5.9832253
26,56,-18.582926,-5.9832253
26,57,-18.582928,-5.9832253
26,58,25.783562,-5.9832253
26,59,131.9879,-5.9832253
26,60,32.628437,-5.9832253
26,61,-18.582926,-5.9832253
26,62,-18.582926,-5.9832253
26,63,-18.582926,-5.9832253
26,64,-18.582926,-5.9832253
26,65,-18.582928,-5.9832253
26,66,-18.582926,-5.9832253
26,67,-18.582928,-5.9832253
26,68,-18.582926,-5.9832253
26,69,-18.582926,-5.9832253
26,70,-18.582928,-5.9832253
26,71,-18.582926,-5.9832253
26,72,-18.582926,-5.9832253
26,73,-18.582928,-5.9832253
26,74,-18.582926,-5.9832253
26,75,112.8448,-5.9832253
26,76,90.36008,-5.9832253
26,77,-18.582926,-5.9832253
26,78,166.61853,-5.9832253
26,79,-18.582928,-5.9832253
26,80,408.94885,-5.9832253
26,81,-18.582928,-5.9832253
26,82,-18.582926,-5.9832253
26,83,90.69638,-5.9832253
26,84,-18.582928,-5.9832253
26,85,-18.582926,-5.9832253
26,86,-18.582926,-5.9832253
26,87,43.076435,-5.9832253
26,88,-18.582926,-5.9832253
26,89,-18.582926,-5.9832253
26,90,-18.582926,-5.9832253
26,91,-18.582926,-5.9832253
26,92,233.34447,-5.9832253
26,93,-18.582926,-5.9832253
26,94,-18.582926,-5.9832253
26,95,-18.582928,-5.9832253
26,96,-18.582926,-5.9832253
26,97,364.10187,-5.9832253
26,98,246.43404,-5.9832253
26,99,-18.582926,-5.9832253
27,0,1474.976,316.60632
27,1,1506.5314,316.60632
27,2,1923.1411,316.60632
27,3,1713.498,316.60632
27,4,1870.1582,316.60632
27,5,1810.4011,316.60632
27,6,1641.264,316.60632
27,7,2398.102,316.60632
27,8,1459.8228,316.60632
27,9,1787.7035,316.60632
27,10,1821.3336,316.60632
27,11,1535.1295,316.60632
27,12,1364.9844,316.60632
27,13,1709.1117,316.60632
27,14,1631.2727,316.60632
27,15,1554.5676,316.60632
27,16,1802.8574,316.60632
27,17,1522.2755,316.60632
27,18,1307.9648,316.60632
27,19,963.67017,316.60632
27,20,1044.1963,316.60632
27,21,907.4369,316.60632
27,22,994.5045,316.60632
27,23,1227.4957,316.60632
27,24,793.9405,316.60632
27,25,656.56195,316.60632
27,26,1226.9266,316.60632
27,27,764.79785,316.60632
27,28,567.25464,316.60632
27,29,1166.6461,316.60632
27,30,1165.6234,316.60632
27,31,967.4792,316.60632
27,32,400.81815,316.60632
27,33,278.3551,316.60632
27,34,295.8343,316.60632
27,35,394.98636,316.60632
27,36,554.6599,316.60632
27,37,447.78992,316.60632
27,38,795.42084,316.60632
27,39,748.30554,316.60632
27,40,185.36441,316.60632
27,41,389.459,316.60632
27,42,799.5241,316.60632
27,43,426.3237,316.60632
27,44,-41.836987,316.60632
27,45,387.75113,316.60632
27,46,387.3374,316.60632
27,47,1025.2935,316.60632
27,48,791.7896,316.60632
27,49,494.75723,316.60632
27,50,1025.1467,316.60632
27,51,774.26794,316.60632
27,52,726.70996,316.60632
27,53,706.7335,316.60632
27,54,882.26337,316.60632
27,55,1533.385,316.60632
27,56,1212.2035,316.60632
27,57,1527.227,316.60632
27,58,1169.4641,316.60632
27,59,626.4053,316.60632
27,60,671.426,316.60632
27,61,769.9077,316.60632
27,62,974.39197,316.60632
27,63,361.78568,316.60632
27,64,638.0245,316.60632
27,65,336.3623,316.60632
27,66,617.99634,316.60632
27,67,473.9551,316.60632
27,68,373.95135,316.60632
27,69,761.6634,316.60632
27,70,409.5508,316.60632
27,71,1178.3235,316.60632
27,72,914.34863,316.60632
27,73,428.1784,316.60632
27,74,353.3827,316.60632
27,75,892.24646,316.60632
27,76,642.141,316.60632
27,77,761.9408,316.60632
27,78,789.74994,316.60632
27,79,1401.6788,316.60632
27,80,1267.3054,316.60632
27,81,1445.0499,316.60632
27,82,959.2838,316.60632
27,83,1315.0322,316.60632
27,84,950.69037,316.60632
27,85,1490.528,316.60632
27,86,1273.4912,316.60632
27,87,1505.2386,316.60632
27,88,1412.7621,316.60632
27,89,1765.2734,316.60632
27,90,1599.0514,316.60632
27,91,1066.6764,316.60632
27,92,1588.9133,316.60632
27,93,1315.6504,316.60632
27,94,1409.1499,316.60632
27,95,1463.544,316.60632
27,96,1231.9027,316.60632
27,97,1445.9944,316.60632
27,98,1430.5515,316.60632
27,99,1381.1892,316.60632
28,0,2106.7244,270.54166
28,1,2041.624,270.54166
28,2,2255.4885,270.54166
28,3,2148.824,270.54166
28,4,2367.8098,270.54166
28,5,2118.3186,270.54166
28,6,1827.4404,270.54166
28,7,1972.8004,270.54166
28,8,2078.9292,270.54166
28,9,1549.6173,270.54166
28,10,1662.391,270.54166
28,11,1263.2023,270.54166
28,12,1008.1859,270.54166
28,13,952.0751,270.54166
28,14,928.34406,270.54166
28,15,1015.0862,270.54166
28,16,925.7232,270.54166
28,17,1055.422,270.54166
28,18,1090.1138,270.54166
28,19,842.24176,270.54166
28,20,505.00607,270.54166
28,21,811.416,270.54166
28,22,1198.1685,270.54166
28,23,1139.8282,270.54166
28,24,1065.0387,270.54166
28,25,1022.9188,270.54166
28,26,1190.4023,270.54166
28,27,866.1613,270.54166
28,28,1010.469,270.54166
28,29,1326.106,270.54166
28,30,912.6176,270.54166
28,31,1104.7289,270.54166
28,32,920.445,270.54166
28,33,1168.4528,270.54166
28,34,640.19116,270.54166
28,35,1174.4707,270.54166
28,36,1030.7098,270.54166
28,37,1169.0259,270.54166
28,38,674.4357,270.54166
28,39,1144.4441,270.54166
28,40,1214.0209,270.54166
28,41,1162.145,270.54166
28,42,1120.2048,270.54166
28,43,1332.2761,270.54166
28,44,1267.2444,270.54166
28,45,752.13086,270.54166
28,46,1129.7067,270.54166
28,47,1218.5428,270.54166
28,48,1434.7323,270.54166
28,49,1082.5444,270.54166
28,50,2103.2668,270.54166
28,51,2125.8137,270.54166
28,52,2491.7756,270.54166
28,53,2697.4333,270.54166
28,54,1407.0874,270.54166
28,55,1096.5902,270.54166
28,56,1217.7699,270.54166
28,57,956.8477,270.54166
28,58,1291.7859,270.54166
28,59,827.7806,270.54166
28,60,1329.4705,270.54166
28,61,1786.808,270.54166
28,62,1498.4353,270.54166
28,63,1254.9414,270.54166
28,64,1327.4242,270.54166
28,65,1112.0676,270.54166
28,66,967.3543,270.54166
28,67,1545.874,270.54166
28,68,899.7267,270.54166
28,69,898.8439,270.54166
28,70,1196.6433,270.54166
28,71,1109.3583,270.54166
28,72,1313.2053,270.54166
28,73,1509.0367,270.54166
28,74,1888.8456,270.54166
28,75,1877.5404,270.54166
28,76,1872.3751,270.54166
28,77,1663.7787,270.54166
28,78,1758.2328,270.54166
28,79,1640.8511,270.54166
28,80,2281.846,270.54166
28,81,1804.4926,270.54166
28,82,2095.729,270.54166
28,83,1536.3319,270.54166
28,84,1823.4807,270.54166
28,85,1386.6393,270.54166
28,86,1953.8041,270.54166
28,87,1954.7202,270.54166
28,88,2150.7815,270.54166
28,89,1691.8162,270.54166
28,90,2458.0747,270.54166
28,91,2242.285,270.54166
28,92,2457.3757,270.54166
28,93,1852.9889,270.54166
28,94,1234.575,270.54166
28,95,2152.5425,270.54166
28,96,2291.382,270.54166
28,97,2268.2258,270.54166
28,98,1928.6245,270.54166
28,99,2041.1349,270.54166
29,0,2170.9028,345.47928
29,1,2491.8186,345.47928
29,2,2403.5964,345.47928
29,3,1612.4514,345.47928
29,4,1325.524,345.47928
29,5,1975.0359,345.47928
29,6,2183.8647,345.47928
29,7,1815.8599,345.47928
29,8,1731.8749,345.47928
29,9,1461.8131,345.47928
29,10,1605.933,345.47928
29,11,1700.278,345.47928
29,12,1509.9078,345.47928
29,13,1266.145,345.47928
29,14,1716.1791,345.47928
29,15,1674.1669,345.47928
29,16,1433.8838,345.47928
29,17,2123.3071,345.47928
29,18,1772.5355,345.47928
29,19,1296.7277,345.47928
29,20,1429.1442,345.47928
29,21,1351.1093,345.47928
29,22,1502.5582,345.47928
29,23,1034.0962,345.47928
29,24,1082.2692,345.47928
29,25,1051.8671,345.47928
29,26,1001.8023,345.47928
29,27,791.5471,345.47928
29,28,1007.80475,345.47928
29,29,1043.8245,345.47928
29,30,1176.5586,345.47928
29,31,919.5866,345.47928
29,32,817.6617,345.47928
29,33,995.44037,345.47928
29,34,1143.5442,345.47928
29,35,1166.0128,345.47928
29,36,909.36743,345.47928
29,37,803.9746,345.47928
29,38,1062.5931,345.47928
29,39,712.9876,345.47928
29,40,888.3105,345.47928
29,41,835.9049,345.47928
29,42,523.8749,345.47928
29,43,724.2518,345.47928
29,44,1327.3077,345.47928
29,45,1093.5367,345.47928
29,46,1060.112,345.47928
29,47,1000.15686,345.47928
29,48,1122.9125,345.47928
29,49,1133.5695,345.47928
29,50,844.46216,345.47928
29,51,1012.91705,345.47928
29,52,1031.4327,345.47928
29,53,1099.5187,345.47928
29,54,1343.3156,345.47928
29,55,597.05597,345.47928
29,56,925.87994,345.47928
29,57,775.5347,345.47928
29,58,295.612,345.47928
29,59,688.6104,345.47928
29,60,427.9229,345.47928
29,61,725.149,345.47928
29,62,820.75977,345.47928
29,63,351.9132,345.47928
29,64,529.18823,345.47928
29,65,1085.1228,345.47928
29,66,704.6682,345.47928
29,67,839.71875,345.47928
29,68,647.3402,345.47928
29,69,766.5623,345.47928
29,70,422.3899,345.47928
29,71,790.2324,345.47928
29,72,1003.81274,345.47928
29,73,270.8421,345.47928
29,74,1048.8762,345.47928
29,75,782.39056,345.47928
29,76,929.184,345.47928
29,77,1171.0227,345.47928
29,78,1080.9125,345.47928
29,79,930.39435,345.47928
29,80,886.40405,345.47928
29,81,1466.4622,345.47928
29,82,1244.6904,345.47928
29,83,1189.6455,345.47928
29,84,1267.9105,345.47928
29,85,1297.2072,345.47928
29,86,1601.7233,345.47928
29,87,1245.7997,345.47928
29,88,1442.1841,345.47928
29,89,1699.9711,345.47928
29,90,1722.859,345.47928
29,91,2075.9426,345.47928
29,92,932.0012,345.47928
29,93,1422.5383,345.47928
29,94,1587.2625,345.47928
29,95,1609.5682,345.47928
29,96,1904.1904,345.47928
29,97,1561.2863,345.47928
29,98,1522.3984,345.47928
29,99,2028.7081,345.47928
30,0,2009.995,496.61932
30,1,1520.2656,496.61932
30,2,1743.4099,496.61932
30,3,1613.1613,496.61932
30,4,1254.2687,496.61932
30,5,1095.0437,496.61932
30,6,1567.1124,496.61932
30,7,1664.932,496.61932
30,8,2058.7085,496.61932
30,9,2334.9062,496.61932
30,10,1576.0669,496.61932
30,11,2621.8752,496.61932
30,12,2136.8284,496.61932
30,13,2562.2766,496.61932
30,14,1567.7101,496.61932
30,15,2225.4517,496.61932
30,16,2142.1084,496.61932
30,17,2207.8064,496.61932
30,18,2283.9438,496.61932
30,19,2422.667,496.61932
30,20,2433.3252,496.61932
30,21,2443.5508,496.61932
30,22,2697.5864,496.61932
30,23,3008.8315,496.61932
30,24,2809.7517,496.61932
30,25,2654.072,496.61932
30,26,2173.0332,496.61932
30,27,2154.8662,496.61932
30,28,2401.5454,496.61932
30,29,1344.8254,496.61932
30,30,2364.1802,496.61932
30,31,2320.1091,496.61932
30,32,2363.3347,496.61932
30,33,2244.3901,496.61932
30,34,1690.0366,496.61932
30,35,2001.297,496.61932
30,36,1925.141,496.61932
30,37,1368.0818,496.61932
30,38,2026.9103,496.61932
30,39,1552.3804,496.61932
30,40,1578.7349,496.61932
30,41,2425.9077,496.61932
30,42,2274.8267,496.61932
30,43,2044.4186,496.61932
30,44,1605.8092,496.61932
30,45,2591.686,496.61932
30,46,2568.6658,496.61932
30,47,2907.6816,496.61932
30,48,2682.184,496.61932
30,49,2374.716,496.61932
30,50,1958.1871,496.61932
30,51,1904.65,496.61932
30,52,1685.4183,496.61932
30,53,2157.67,496.61932
30,54,2204.083,496.61932
30,55,1884.4138,496.61932
30,56,1905.834,496.61932
30,57,2113.2397,496.61932
30,58,2208.441,496.61932
30,59,2120.2131,496.61932
30,60,2267.4468,496.61932
30,61,2087.9692,496.61932
30,62,2237.5159,496.61932
30,63,2310.7515,496.61932
30,64,2533.7393,496.61932
30,65,2545.2068,496.61932
30,66,2079.6863,496.61932
30,67,2578.0996,496.61932
30,68,2524.7095,496.61932
30,69,2604.9033,496.61932
30,70,2669.6963,496.61932
30,71,2593.8252,496.61932
30,72,3052.1462,496.61932
30,73,2435.9763,496.61932
30,74,2920.9778,496.61932
30,75,2490.0781,496.61932
30,76,2412.0251,496.61932
30,77,3029.0525,496.61932
30,78,2399.8442,496.61932
30,79,2245.5916,496.61932
30,80,1980.3392,496.61932
30,81,2499.469,496.61932
30,82,1787.0503,496.61932
30,83,2441.0754,496.61932
30,84,2307.0007,496.61932
30,85,2370.6177,496.61932
30,86,2136.9944,496.61932
30,87,2465.13,496.61932
30,88,2294.8345,496.61932
30,89,1749.466,496.61932
30,90,2496.125,496.61932
30,91,2432.7444,496.61932
30,92,1984.3656,496.61932
30,93,2547.228,496.61932
30,94,1827.7404,496.61932
30,95,2200.7847,496.61932
30,96,2495.3682,496.61932
30,97,2004.3165,496.61932
30,98,1855.5829,496.61932
30,99,2409.729,496.61932
31,0,2499.1814,437.94452
31,1,2736.4502,437.94452
31,2,2984.9185,437.94452
31,3,3445.627,437.94452
31,4,2815.3792,437.94452
31,5,2791.0403,437.94452
31,6,2754.374,437.94452
31,7,3112.0278,437.94452
31,8,2414.782,437.94452
31,9,2960.9302,437.94452
31,10,3083.698,437.94452
31,11,2123.8235,437.94452
31,12,2614.8994,437.94452
31,13,2619.9316,437.94452
31,14,2540.2236,437.94452
31,15,2426.8147,437.94452
31,16,2455.711,437.94452
31,17,2200.8213,437.94452
31,18,2467.338,437.94452
31,19,2311.6956,437.94452
31,20,2838.3525,437.94452
31,21,2645.2832,437.94452
31,22,2255.7983,437.94452
31,23,2534.7544,437.94452
31,24,2457.4463,437.94452
31,25,2895.0461,437.94452
31,26,2688.1807,437.94452
31,27,2648.0164,437.94452
31,28,2189.4065,437.94452
31,29,2159.806,437.94452
31,30,2234.9246,437.94452
31,31,2374.053,437.94452
31,32,2336.3738,437.94452
31,33,2416.7876,437.94452
31,34,2179.332,437.94452
31,35,2728.7344,437.94452
31,36,2487.8518,437.94452
31,37,2478.894,437.94452
31,38,2173.4673,437.94452
31,39,2463.8633,437.94452
31,40,2663.6375,437.94452
31,41,2307.3982,437.94452
31,42,2365.556,437.94452
31,43,2536.7412,437.94452
31,44,2291.2869,437.94452
31,45,2040.2808,437.94452
31,46,2496.5747,437.94452
31,47,2474.3906,437.94452
31,48,4046.841,437.94452
31,49,3832.2634,437.94452
31,50,4788.5215,437.94452
31,51,3927.2292,437.94452
31,52,2959.8447,437.94452
31,53,2578.9924,437.94452
31,54,2287.557,437.94452
31,55,2838.8584,437.94452
31,56,2415.0503,437.94452
31,57,2266.876,437.94452
31,58,2277.2344,437.94452
31,59,2528.9536,437.94452
31,60,2454.6272,437.94452
31,61,2241.482,437.94452
31,62,2141.9094,437.94452
31,63,2201.5117,437.94452
31,64,2599.5176,437.94452
31,65,2342.7478,437.94452
31,66,1801.9113,437.94452
31,67,2569.5852,437.94452
31,68,2392.0913,437.94452
31,69,2730.6147,437.94452
31,70,2463.4487,437.94452
31,71,2370.1064,437.94452
31,72,2542.0422,437.94452
31,73,2725.873,437.94452
31,74,2008.3678,437.94452
31,75,2751.4526,437.94452
31,76,2940.6428,437.94452
31,77,2346.8018,437.94452
31,78,2774.3977,437.94452
31,79,2680.3518,437.94452
31,80,2765.6218,437.94452
31,81,2845.6548,437.94452
31,82,3679.5327,437.94452
31,83,3056.5432,437.94452
31,84,2368.3765,437.94452
31,85,2773.9639,437.94452
31,86,3023.5212,437.94452
31,87,2583.761,437.94452
31,88,2763.3242,437.94452
31,89,2477.7393,437.94452
31,90,2227.075,437.94452
31,91,2544.3582,437.94452
31,92,1832.5201,437.94452
31,93,1919.0173,437.94452
31,94,2318.541,437.94452
31,95,2391.2354,437.94452
31,96,2437.0867,437.94452
31,97,3108.0044,437.94452
31,98,2251.694,437.94452
31,99,2382.5889,437.94452
32,0,2554.235,455.82147
32,1,2174.5776,455.82147
32,2,2247.005,455.82147
32,3,2371.3977,455.82147
32,4,2103.5247,455.82147
32,5,2172.0376,455.82147
32,6,2386.054,455.82147
32,7,2152.1416,455.82147
32,8,2574.32,455.82147
32,9,2723.4897,455.82147
32,10,2800.238,455.82147
32,11,2447.2056,455.82147
32,12,2813.4543,455.82147
32,13,2611.3828,455.82147
32,14,2676.751,455.82147
32,15,2672.7974,455.82147
32,16,2483.255,455.82147
32,17,2413.643,455.82147
32,18,2043.7512,455.82147
32,19,1926.9539,455.82147
32,20,2068.58,455.82147
32,21,1774.1483,455.82147
32,22,2209.6367,455.82147
32,23,2580.8306,455.82147
32,24,3027.6643,455.82147
32,25,2852.7012,455.82147
32,26,2675.5583,455.82147
32,27,2476.3416,455.82147
32,28,2312.3674,455.82147
32,29,2690.7246,455.82147
32,30,1758.6788,455.82147
32,31,2228.0996,455.82147
32,32,2053.532,455.82147
32,33,2109.8577,455.82147
32,34,2631.502,455.82147
32,35,2423.241,455.82147
32,36,2172.487,455.82147
32,37,2436.06,455.82147
32,38,2031.1748,455.82147
32,39,2669.1885,455.82147
32,40,2622.8354,455.82147
32,41,2543.715,455.82147
32,42,2586.6226,455.82147
32,43,2741.7012,455.82147
32,44,2680.4639,455.82147
32,45,2440.1833,455.82147
32,46,2343.068,455.82147
32,47,3912.367,455.82147
32,48,5174.566,455.82147
32,49,5284.774,455.82147
32,50,3425.5828,455.82147
32,51,2640.531,455.82147
32,52,2767.8296,455.82147
32,53,2527.5916,455.82147
32,54,2421.1323,455.82147
32,55,2412.3247,455.82147
32,56,2310.532,455.82147
32,57,2863.4941,455.82147
32,58,2248.0095,455.82147
32,59,2387.324,455.82147
32,60,1952.0251,455.82147
32,61,2243.2468,455.82147
32,62,2760.9932,455.82147
32,63,2633.0767,455.82147
32,64,3144.994,455.82147
32,65,2540.1223,455.82147
32,66,2284.0984,455.82147
32,67,2315.2197,455.82147
32,68,2304.2495,455.82147
32,69,2818.8884,455.82147
32,70,2764.5466,455.82147
32,71,2648.7148,455.82147
32,72,2441.7412,455.82147
32,73,2596.7002,455.82147
32,74,2533.731,455.82147
32,75,2872.4119,455.82147
32,76,3140.4207,455.82147
32,77,2415.213,455.82147
32,78,2357.4614,455.82147
32,79,2021.4192,455.82147
32,80,2217.1316,455.82147
32,81,2270.7834,455.82147
32,82,2623.5537,455.82147
32,83,2541.9868,455.82147
32,84,2768.9155,455.82147
32,85,3114.049,455.82147
32,86,2858.825,455.82147
32,87,2834.7295,455.82147
32,88,2600.0237,455.82147
32,89,2957.3872,455.82147
32,90,2873.496,455.82147
32,91,3040.608,455.82147
32,92,2378.4768,455.82147
32,93,3084.3577,455.82147
32,94,3243.4358,455.82147
32,95,3121.9648,455.82147
32,96,3010.248,455.82147
32,97,2449.481,455.82147
32,98,2326.1292,455.82147
32,99,2687.5872,455.82147
33,0,2336.93,345.24356
33,1,2074.32,345.24356
33,2,1752.5433,345.24356
33,3,1404.1514,345.24356
33,4,1754.1385,345.24356
33,5,2081.19,345.24356
33,6,1142.0419,345.24356
33,7,1913.467,345.24356
33,8,1672.1555,345.24356
33,9,1794.5809,345.24356
33,10,1779.3362,345.24356
33,11,2202.7578,345.24356
33,12,2088.2566,345.24356
33,13,1723.9857,345.24356
33,14,1211.7362,345.24356
33,15,1774.553,345.24356
33,16,2235.4824,345.24356
33,17,1733.6792,345.24356
33,18,1923.9047,345.24356
33,19,1576.8174,345.24356
33,20,1323.8112,345.24356
33,21,2142.8103,345.24356
33,22,2039.3685,345.24356
33,23,1717.3129,345.24356
33,24,1718.868,345.24356
33,25,2101.1575,345.24356
33,26,1729.0416,345.24356
33,27,2217.7646,345.24356
33,28,1983.959,345.24356
33,29,2091.2483,345.24356
33,30,1844.2012,345.24356
33,31,1711.4087,345.24356
33,32,1619.1198,345.24356
33,33,1626.4844,345.24356
33,34,1748.7672,345.24356
33,35,1624.3132,345.24356
33,36,1887.5337,345.24356
33,37,1128.0437,345.24356
33,38,1622.6569,345.24356
33,39,1856.6211,345.24356
33,40,1583.983,345.24356
33,41,2021.6589,345.24356
33,42,2089.4385,345.24356
33,43,2358.7405,345.24356
33,44,2224.5674,345.24356
33,45,1933.9323,345.24356
33,46,2029.1995,345.24356
33,47,2016.266,345.24356
33,48,2223.0325,345.24356
33,49,2118.855,345.24356
33,50,2500.155,345.24356
33,51,3616.6216,345.24356
33,52,3374.4072,345.24356
33,53,2337.4263,345.24356
33,54,1696.3755,345.24356
33,55,1819.119,345.24356
33,56,1778.1991,345.24356
33,57,1892.9005,345.24356
33,58,1830.6948,345.24356
33,59,2452.3555,345.24356
33,60,1759.3074,345.24356
33,61,2080.0881,345.24356
33,62,1692.445,345.24356
33,63,1858.0175,345.24356
33,64,1541.5691,345.24356
33,65,1820.885,345.24356
33,66,1548.9148,345.24356
33,67,1640.092,345.24356
33,68,1884.8828,345.24356
33,69,1628.0731,345.24356
33,70,2134.5977,345.24356
33,71,1578.1345,345.24356
33,72,1903.035,345.24356
33,73,1607.3872,345.24356
33,74,1904.2277,345.24356
33,75,2012.72,345.24356
33,76,2175.1829,345.24356
33,77,2016.7894,345.24356
33,78,2017.867,345.24356
33,79,2276.2588,345.24356
33,80,1964.292,345.24356
33,81,1671.987,345.24356
33,82,1707.0015,345.24356
33,83,1540.1886,345.24356
33,84,2274.5479,345.24356
33,85,1867.3229,345.24356
33,86,2038.7898,345.24356
33,87,1505.1942,345.24356
33,88,1637.3301,345.24356
33,89,1418.2377,345.24356
33,90,1803.8424,345.24356
33,91,2366.058,345.24356
33,92,2374.4387,345.24356
33,93,2155.3206,345.24356
33,94,2499.1687,345.24356
33,95,2279.906,345.24356
33,96,2540.3367,345.24356
33,97,2366.412,345.24356
33,98,2330.5632,345.24356
33,99,2446.661,345.24356
34,0,1941.3928,371.08356
34,1,1891.7819,371.08356
34,2,2233.5642,371.08356
34,3,1565.4755,371.08356
34,4,1646.375,371.08356
34,5,1951.7234,371.08356
34,6,1656.1785,371.08356
34,7,1676.727,371.08356
34,8,1789.5992,371.08356
34,9,1595.1727,371.08356
34,10,2413.238,371.08356
34,11,1717.0144,371.08356
34,12,2125.3936,371.08356
34,13,2279.879,371.08356
34,14,2019.4205,371.08356
34,15,2221.777,371.08356
34,16,2366.4897,371.08356
34,17,2083.931,371.08356
34,18,1525.4403,371.08356
34,19,1896.546,371.08356
34,20,1969.4519,371.08356
34,21,1801.9807,371.08356
34,22,1980.9966,371.08356
34,23,2385.5366,371.08356
34,24,2619.2102,371.08356
34,25,2210.4202,371.08356
34,26,2169.885,371.08356
34,27,2424.7593,371.08356
34,28,2327.1453,371.08356
34,29,2182.3909,371.08356
34,30,2492.9004,371.08356
34,31,2429.6877,371.08356
34,32,2385.3887,371.08356
34,33,2497.7178,371.08356
34,34,2387.4343,371.08356
34,35,2427.9397,371.08356
34,36,2597.237,371.08356
34,37,2499.863,371.08356
34,38,2383.5674,371.08356
34,39,2445.91,371.08356
34,40,1999.601,371.08356
34,41,2453.977,371.08356
34,42,2175.0571,371.08356
34,43,2185.783,371.08356
34,44,2153.412,371.08356
34,45,2149.72,371.08356
34,46,2422.915,371.08356
34,47,2199.5054,371.08356
34,48,2041.3335,371.08356
34,49,2462.9377,371.08356
34,50,2444.7761,371.08356
34,51,1879.7777,371.08356
34,52,2291.3381,371.08356
34,53,2755.2444,371.08356
34,54,2343.0981,371.08356
34,55,2542.0989,371.08356
34,56,2048.513,371.08356
34,57,3169.6724,371.08356
34,58,4167.351,371.08356
34,59,4150.0283,371.08356
34,60,3287.8162,371.08356
34,61,2697.1719,371.08356
34,62,2068.5505,371.08356
34,63,2272.2139,371.08356
34,64,2155.975,371.08356
34,65,2391.6365,371.08356
34,66,2355.4587,371.08356
34,67,2129.2375,371.08356
34,68,1871.5732,371.08356
34,69,2146.6204,371.08356
34,70,1680.2056,371.08356
34,71,1700.5513,371.08356
34,72,1917.7489,371.08356
34,73,1719.6987,371.08356
34,74,1532.8813,371.08356
34,75,1249.9672,371.08356
34,76,1653.3562,371.08356
34,77,1769.369,371.08356
34,78,1887.4181,371.08356
34,79,2157.4976,371.08356
34,80,1981.8889,371.08356
34,81,1906.2069,371.08356
34,82,1959.5186,371.08356
34,83,2269.7927,371.08356
34,84,2236.786,371.08356
34,85,2212.5176,371.08356
34,86,2373.0034,371.08356
34,87,2077.0745,371.08356
34,88,1974.0275,371.08356
34,89,1788.2959,371.08356
34,90,1963.4727,371.08356
34,91,2445.526,371.08356
34,92,1524.4928,371.08356
34,93,1844.7836,371.08356
34,94,2013.1122,371.08356
34,95,1411.1328,371.08356
34,96,1614.3562,371.08356
34,97,1681.6354,371.08356
34,98,2006.8641,371.08356
34,99,1958.4335,371.08356
35,0,2703.19,471.7914
35,1,2942.9246,471.7914
35,2,3308.7896,471.7914
35,3,3064.3555,471.7914
35,4,3416.7175,471.7914
35,5,3493.7144,471.7914
35,6,3361.3193,471.7914
35,7,3420.0537,471.7914
35,8,3399.9175,471.7914
35,9,3446.0605,471.7914
35,10,3545.1228,471.7914
35,11,3487.5647,471.7914
35,12,3576.1008,471.7914
35,13,3259.727,471.7914
35,14,3627.3423,471.7914
35,15,3506.3584,471.7914
35,16,3820.2083,471.7914
35,17,3322.5032,471.7914
35,18,3665.804,471.7914
35,19,3460.6409,471.7914
35,20,3058.982,471.7914
35,21,3813.98,471.7914
35,22,3010.9219,471.7914
35,23,2943.8674,471.7914
35,24,3516.7314,471.7914
35,25,3680.9111,471.7914
35,26,3400.386,471.7914
35,27,3688.1877,471.7914
35,28,3178.0623,471.7914
35,29,2811.1226,471.7914
35,30,3251.9165,471.7914
35,31,3168.9614,471.7914
35,32,2857.7878,471.7914
35,33,2738.8838,471.7914
35,34,2846.1165,471.7914
35,35,3175.9543,471.7914
35,36,2772.7866,471.7914
35,37,3264.4,471.7914
35,38,2855.155,471.7914
35,39,3021.5955,471.7914
35,40,2555.8591,471.7914
35,41,3258.7573,471.7914
35,42,3254.8044,471.7914
35,43,3749.6638,471.7914
35,44,3340.126,471.7914
35,45,3631.6924,471.7914
35,46,3362.0593,471.7914
35,47,3662.2583,471.7914
35,48,3327.0503,471.7914
35,49,3076.3838,471.7914
35,50,3255.4026,471.7914
35,51,2671.6248,471.7914
35,52,3440.3555,471.7914
35,53,3439.6863,471.7914
35,54,3611.1956,471.7914
35,55,3547.8872,471.7914
35,56,3418.3564,471.7914
35,57,3456.2766,471.7914
35,58,3505.9575,471.7914
35,59,3237.1782,471.7914
35,60,3372.2097,471.7914
35,61,3388.4907,471.7914
35,62,3188.8872,471.7914
35,63,2995.3706,471.7914
35,64,3007.009,471.7914
35,65,3026.4985,471.7914
35,66,2898.7437,471.7914
35,67,2688.8784,471.7914
35,68,2986.5173,471.7914
35,69,2458.9548,471.7914
35,70,2927.5386,471.7914
35,71,2824.85,471.7914
35,72,2879.102,471.7914
35,73,2218.1301,471.7914
35,74,2793.1843,471.7914
35,75,3106.6096,471.7914
35,76,2959.42,471.7914
35,77,2599.569,471.7914
35,78,2903.0059,471.7914
35,79,3101.0015,471.7914
35,80,2396.7969,471.7914
35,81,2696.0562,471.7914
35,82,3123.132,471.7914
35,83,3276.4448,471.7914
35,84,2917.9426,471.7914
35,85,3170.952,471.7914
35,86,3129.0647,471.7914
35,87,3058.177,471.7914
35,88,3069.1257,471.7914
35,89,3573.6433,471.7914
35,90,3565.4143,471.7914
35,91,2669.295,471.7914
35,92,2985.0735,471.7914
35,93,3198.273,471.7914
35,94,3111.8203,471.7914
35,95,2504.4797,471.7914
35,96,2683.621,471.7914
35,97,3482.8655,471.7914
35,98,2841.4524,471.7914
35,99,2939.0125,471.7914
36,0,3182.3218,470.04193
36,1,3346.8706,470.04193
36,2,2819.0718,470.04193
36,3,2820.6204,470.04193
36,4,2406.3767,470.04193
36,5,2413.4817,470.04193
36,6,2528.4612,470.04193
36,7,2586.7998,470.04193
36,8,3089.584,470.04193
36,9,2841.0479,470.04193
36,10,2709.3286,470.04193
36,11,2569.9587,470.04193
36,12,2865.732,470.04193
36,13,3014.7036,470.04193
36,14,2971.6848,470.04193
36,15,2641.4805,470.04193
36,16,3192.0095,470.04193
36,17,3117.2522,470.04193
36,18,3056.943,470.04193
36,19,2815.881,470.04193
36,20,2980.392,470.04193
36,21,3148.2656,470.04193
36,22,2788.8796,470.04193
36,23,2924.5767,470.04193
36,24,2455.4392,470.04193
36,25,2732.8325,470.04193
36,26,2859.7605,470.04193
36,27,3111.9739,470.04193
36,28,2724.6404,470.04193
36,29,2953.7297,470.04193
36,30,2881.8718,470.04193
36,31,2733.7632,470.04193
36,32,2713.1392,470.04193
36,33,2966.2805,470.04193
36,34,2370.3613,470.04193
36,35,2171.741,470.04193
36,36,1808.3242,470.04193
36,37,1878.3076,470.04193
36,38,1996.6213,470.04193
36,39,1715.812,470.04193
36,40,1102.6403,470.04193
36,41,-71.39798,470.04193
36,42,-71.44188,470.04193
36,43,-71.44187,470.04193
36,44,1392.1877,470.04193
36,45,2257.0469,470.04193
36,46,3847.638,470.04193
36,47,3763.774,470.04193
36,48,1502.7086,470.04193
36,49,2074.044,470.04193
36,50,3383.4302,470.04193
36,51,3673.3184,470.04193
36,52,3819.674,470.04193
36,53,3691.7712,470.04193
36,54,3917.952,470.04193
36,55,3894.933,470.04193
36,56,3299.3132,470.04193
36,57,2989.6023,470.04193
36,58,3294.4724,470.04193
36,59,3413.0288,470.04193
36,60,2950.2131,470.04193
36,61,3317.0532,470.04193
36,62,3635.851,470.04193
36,63,3188.7266,470.04193
36,64,3490.449,470.04193
36,65,3500.053,470.04193
36,66,3109.625,470.04193
36,67,3152.1377,470.04193
36,68,3465.7183,470.04193
36,69,3518.8389,470.04193
36,70,3769.0537,470.04193
36,71,3174.4856,470.04193
36,72,3239.6672,470.04193
36,73,3990.2415,470.04193
36,74,3481.926,470.04193
36,75,3244.6775,470.04193
36,76,3098.9739,470.04193
36,77,3129.064,470.04193
36,78,3131.518,470.04193
36,79,2802.728,470.04193
36,80,2958.6948,470.04193
36,81,3317.2666,470.04193
36,82,3016.6277,470.04193
36,83,3195.497,470.04193
36,84,3072.3345,470.04193
36,85,2754.5251,470.04193
36,86,2894.3604,470.04193
36,87,2640.5437,470.04193
36,88,3316.1086,470.04193
36,89,3271.5806,470.04193
36,90,2835.2268,470.04193
36,91,2899.1091,470.04193
36,92,2553.503,470.04193
36,93,2758.7083,470.04193
36,94,2641.1895,470.04193
36,95,2687.657,470.04193
36,96,2879.362,470.04193
36,97,3217.4727,470.04193
36,98,4102.493,470.04193
36,99,2966.1064,470.04193
